,Time,Lon,Lat,1mHCPcon,2mHCPcon,1mHCPmag,2mHCPmag,1mPRPcon,2mPRPcon,1mPRPmag,2mPRPmag,smooth
0,3,150.663185,-34.0248533,3.9,1.5,0.04,4.25,22.9,9.7,-5.27,-7.68,
1,7,150.663185,-34.0248533,4.4,1.5,0.04,4.21,22.8,9.7,-5.27,-7.65,
2,11,150.663185,-34.0248533,4.1,1.1,0.04,4.22,22.8,9.8,-5.27,-7.66,4.08
3,15,150.663185,-34.0248533,3.9,1.3,0.03,4.22,23,10.1,-5.28,-7.67,4.1
4,19,150.663185,-34.0248533,4.1,1.2,0.04,4.22,22.7,10,-5.28,-7.65,4.02
5,23,150.663185,-34.0248533,4,1.4,0.04,4.21,22.9,9.5,-5.28,-7.67,3.92
6,27,150.663185,-34.0248533,4,1.6,0.05,4.22,22.9,9.4,-5.27,-7.66,3.94
7,31,150.663185,-34.0248533,3.6,1.3,0.05,4.24,23,9.7,-5.28,-7.67,3.98
8,35,150.663185,-34.0248533,4,1.2,0.04,4.24,22.9,9.4,-5.28,-7.68,4.04
9,39,150.663185,-34.0248533,4.3,0.9,0.04,4.22,22.9,10.2,-5.27,-7.67,4.04
10,43,150.663185,-34.0248533,4.3,1.6,0.04,4.24,22.9,9.9,-5.28,-7.67,4.12
11,47,150.663185,-34.0248533,4,1.1,0.04,4.21,22.9,9.7,-5.28,-7.66,4.2
12,51,150.663185,-34.0248533,4,1.3,0.05,4.22,22.7,9.9,-5.28,-7.7,4.18
13,55,150.663185,-34.0248533,4.4,1.5,0.05,4.22,22.8,9.6,-5.28,-7.69,4.2
14,59,150.663185,-34.0248533,4.2,1.1,0.04,4.23,22.7,10.1,-5.28,-7.67,4.24
15,63,150.663185,-34.0248533,4.4,1.3,0.04,4.23,22.8,9.7,-5.28,-7.69,4.3
16,67,150.663185,-34.0248533,4.2,1.4,0.04,4.22,22.7,9.6,-5.28,-7.69,4.26
17,71,150.663185,-34.0248533,4.3,1.2,0.04,4.24,23,9.7,-5.28,-7.7,4.24
18,75,150.663185,-34.0248533,4.2,1.1,0.04,4.24,23,9.7,-5.28,-7.67,4.18
19,79,150.663185,-34.0248533,4.1,1.1,0.04,4.22,22.8,9.8,-5.28,-7.67,4.16
20,83,150.663185,-34.0248533,4.1,1.3,0.04,4.22,22.8,9.6,-5.28,-7.68,4.12
21,87,150.663185,-34.0248533,4.1,1.4,0.04,4.25,22.9,9.7,-5.28,-7.66,4.1
22,91,150.663185,-34.0248533,4.1,1.3,0.05,4.23,22.9,9.7,-5.28,-7.66,4.14
23,95,150.663185,-34.0248533,4.1,1.3,0.05,4.21,22.9,9.8,-5.28,-7.69,4.14
24,99,150.663185,-34.0248533,4.3,1.4,0.04,4.22,22.9,9.9,-5.28,-7.67,4.1
25,103,150.663185,-34.0248533,4.1,1.1,0.04,4.24,23,9.9,-5.28,-7.67,4.06
26,107,150.663185,-34.0248533,3.9,1.2,0.04,4.23,22.8,9.5,-5.28,-7.67,4.08
27,111,150.663185,-34.0248533,3.9,1.3,0.04,4.22,23,9.7,-5.28,-7.68,4.06
28,115,150.663185,-34.0248533,4.2,1.4,0.05,4.24,22.9,9.9,-5.28,-7.69,4.1
29,119,150.663185,-34.0248533,4.2,1.3,0.05,4.23,22.8,9.5,-5.28,-7.7,4.16
30,123,150.663185,-34.0248533,4.3,1.3,0.04,4.27,22.9,9.6,-5.28,-7.68,4.22
31,127,150.663185,-34.0248533,4.2,0.9,0.05,4.23,22.8,9.7,-5.28,-7.67,4.22
32,131,150.663185,-34.0248533,4.2,1.4,0.05,4.23,22.8,9.9,-5.28,-7.7,4.24
33,135,150.663185,-34.0248533,4.2,1.1,0.05,4.23,22.8,9.8,-5.29,-7.69,4.22
34,139,150.663185,-34.0248533,4.3,1.3,0.04,4.22,23.5,10.5,-5.29,-7.73,4.2
35,143,150.663185,-34.0248533,4.2,1.3,0.04,4.23,23.1,10.3,-5.29,-7.75,4.22
36,147,150.663185,-34.0248533,4.1,1.2,0.05,4.24,22.8,9.5,-5.29,-7.69,4.26
37,151,150.663185,-34.0248533,4.3,1.1,0.04,4.26,22.9,9.5,-5.29,-7.68,4.28
38,155,150.663185,-34.0248533,4.4,1.5,0.04,4.23,22.8,10.1,-5.3,-7.73,4.28
39,159,150.663185,-34.0248533,4.4,1.6,0.04,4.22,23,10.1,-5.3,-7.7,4.26
40,163,150.663185,-34.0248533,4.2,1.2,0.05,4.23,22.9,10,-5.29,-7.71,4.16
41,167,150.663185,-34.0248533,4,1.1,0.03,4.24,22.8,9.6,-5.29,-7.72,4.16
42,171,150.663185,-34.0248533,3.8,1.2,0.04,4.24,22.8,9.5,-5.3,-7.7,4.14
43,175,150.663185,-34.0248533,4.4,1.1,0.03,4.21,23,9.8,-5.29,-7.72,4.02
44,179,150.6631867,-34.0248583,4.3,1.4,0.06,4.2,22.7,9.8,-5.28,-7.75,4.04
45,183,150.6631867,-34.0248667,3.6,1.5,0.1,4.03,22.5,9.4,-5.23,-7.79,4.14
46,187,150.6631883,-34.0248783,4.1,1.3,0.03,3.95,23.1,9.8,-5.3,-7.79,4.18
47,191,150.6631883,-34.0248917,4.3,1.1,0.02,3.9,23.2,10.1,-5.25,-7.9,4.5
48,195,150.6631867,-34.024905,4.6,0.6,-0.13,3.85,24.1,10.4,-5.5,-8.21,4.76
49,199,150.6631867,-34.02492,5.9,1.2,-0.36,3.75,25,11,-5.69,-8.61,4.6
50,203,150.663185,-34.0249367,4.9,1.1,-0.16,3.87,25.8,11.4,-5.8,-8.87,4.74
51,207,150.6631817,-34.024955,3.3,1.1,0.06,4.05,25.7,11.3,-5.91,-8.91,4.92
52,211,150.6631767,-34.0249767,5,1.6,-0.09,3.94,25.9,11.9,-5.94,-9.08,4.8
53,215,150.6631717,-34.0249983,5.5,2.6,-0.17,3.84,26.6,12.5,-6.09,-9.42,5.06
54,219,150.6631667,-34.0250217,5.3,2.9,-0.16,3.69,25.6,12.4,-6.02,-9.37,5.62
55,223,150.66316,-34.0250467,6.2,3.3,-0.33,3.57,25.4,12.5,-5.98,-9.4,5.56
56,227,150.6631533,-34.0250717,6.1,3.4,-0.23,3.31,23.9,12.3,-5.53,-8.85,5.12
57,231,150.6631467,-34.0251,4.7,4.7,0.02,2.87,20.2,11.1,-4.67,-7.79,4.58
58,235,150.6631383,-34.0251283,3.3,5.8,0.35,2.43,17,9.8,-3.91,-6.57,4.08
59,239,150.66313,-34.0251567,2.6,7.1,0.54,2.14,14.8,8.7,-3.4,-5.67,3.86
60,243,150.6631233,-34.0251867,3.7,8,0.55,1.85,13.3,8.8,-3.03,-5.17,3.82
61,247,150.663115,-34.0252183,5,10,0.42,1.48,12.5,9.8,-2.82,-5.07,4.06
62,251,150.6631067,-34.0252483,4.5,10.6,0.55,1.57,12.8,10.2,-2.8,-4.94,4.26
63,255,150.6631,-34.02528,4.5,10.1,0.49,1.66,13.6,10.6,-2.95,-5.02,4.22
64,259,150.6630917,-34.0253133,3.6,8.4,0.53,2,14,9.3,-3.22,-5.3,4.02
65,263,150.663085,-34.025345,3.5,8.4,0.51,1.88,13.1,8.5,-3.09,-5.18,4.14
66,267,150.6630767,-34.0253783,4,9.3,0.52,1.58,12.1,8.5,-2.78,-4.89,4.16
67,271,150.66307,-34.0254117,5.1,10,0.48,1.26,11.6,9.3,-2.51,-4.64,4.42
68,275,150.6630617,-34.0254433,4.6,9.9,0.53,1.32,11.2,9,-2.57,-4.65,4.8
69,279,150.6630533,-34.0254767,4.9,9,0.34,1.56,13.6,9.4,-3.14,-5.51,5.02
70,283,150.663045,-34.02551,5.4,7.8,0.15,2.05,17.1,10.4,-3.88,-6.71,4.84
71,287,150.663035,-34.0255433,5.1,6.4,0.23,2.45,18.1,10.1,-4.19,-6.82,4.76
72,291,150.6630267,-34.0255767,4.2,6.1,0.34,2.73,18.5,9.8,-4.27,-6.58,4.44
73,295,150.6630167,-34.02561,4.2,6.1,0.36,2.81,18.4,9.4,-4.25,-6.36,3.94
74,299,150.6630083,-34.025645,3.3,6.4,0.55,2.72,17.3,9,-3.93,-5.76,3.44
75,303,150.663,-34.0256783,2.9,6.4,0.62,2.61,16.4,8.8,-3.68,-5.31,3.18
76,307,150.66299,-34.0257133,2.6,6.8,0.71,2.63,16,9.3,-3.46,-4.79,2.86
77,311,150.6629817,-34.0257467,2.9,7.9,0.77,2.51,14.9,9.1,-3.21,-4.31,2.66
78,315,150.6629717,-34.0257817,2.6,7.9,0.72,2.34,13.1,7.5,-2.96,-3.9,2.52
79,319,150.6629633,-34.0258167,2.3,7.9,0.75,2.03,11.1,6.4,-2.66,-3.59,2.48
80,323,150.662955,-34.02585,2.2,6.7,0.72,1.83,10.7,6,-2.57,-3.5,2.22
81,327,150.6629467,-34.025885,2.4,6.6,0.69,1.9,10.2,5.6,-2.47,-3.41,2.24
82,331,150.6629383,-34.0259183,1.6,6.1,0.68,1.74,10.4,5.9,-2.45,-3.28,2.34
83,335,150.66293,-34.0259533,2.7,6.7,0.53,1.49,10.6,6.4,-2.45,-3.48,2.42
84,339,150.6629217,-34.0259867,2.8,6,0.48,1.57,10.8,6.5,-2.49,-3.7,2.24
85,343,150.662915,-34.02602,2.6,6.3,0.51,1.62,11.1,6.4,-2.65,-3.88,2.18
86,347,150.6629067,-34.026055,1.5,4.6,0.59,1.33,10.7,4.9,-2.72,-3.74,2
87,351,150.6628983,-34.0260883,1.3,3.1,0.55,2.02,10.7,4.8,-2.72,-3.73,1.58
88,355,150.66289,-34.0261217,1.8,3.9,0.48,1.9,10.4,5,-2.7,-3.75,1.4
89,359,150.6628833,-34.0261567,0.7,4.9,0.43,1.71,10.3,4.7,-2.57,-3.57,1.58
90,363,150.6628733,-34.02619,1.7,4.3,0.46,1.91,10.7,6.1,-2.54,-3.54,1.72
91,367,150.6628667,-34.0262233,2.4,4.7,0.4,2.01,10.4,6,-2.52,-3.7,1.82
92,371,150.6628583,-34.0262567,2,6.1,0.39,1.54,10.1,5.9,-2.48,-3.77,2.16
93,375,150.66285,-34.0262883,2.3,3.4,0.37,1.48,9.6,5.6,-2.46,-3.84,2.24
94,379,150.6628417,-34.0263217,2.4,3.4,0.25,1.56,9.6,4.7,-2.61,-4.14,2.4
95,383,150.6628333,-34.0263533,2.1,2.6,0.23,1.59,10.1,4.7,-2.69,-4.23,2.68
96,387,150.662825,-34.026385,3.2,4.4,0.15,0.92,10.7,5.6,-2.71,-4.4,3.14
97,391,150.6628167,-34.026415,3.4,3.4,0.12,-0.62,11.5,6.8,-2.86,-4.56,3.48
98,395,150.66281,-34.0264467,4.6,1.9,0.13,-1.78,12.7,9.2,-2.86,-4.71,3.56
99,399,150.662805,-34.0264767,4.1,22.7,0.1,-5.41,12.6,8.2,-2.99,-4.9,3.3
100,403,150.6627983,-34.026505,2.5,-1,0.07,-9.82,12.1,7.3,-2.94,-4.82,2.8
101,407,150.662785,-34.02653,1.9,-16.9,0.04,-9.52,11.2,6.1,-2.88,-4.78,2.1
102,411,150.6627617,-34.026545,0.9,3.9,0.13,-17.2,10.1,3.2,-2.89,-4.55,1.78
103,415,150.6627333,-34.0265433,1.1,24.9,0.28,-43.61,9.3,1.9,-2.9,-4.34,1.82
104,419,150.6627117,-34.02653,2.5,-56.6,0.33,-50.98,11.5,4.8,-3.06,-4.49,2.12
105,423,150.662705,-34.0265083,2.7,-36.9,0.39,-46.03,11.5,4.1,-3.24,-4.67,2.26
106,427,150.6627083,-34.026485,3.4,42.2,0.25,-42.92,8.8,-0.6,-3.12,-4.37,2.26
107,431,150.6627167,-34.0264617,1.6,1.8,0.22,-33.4,10.3,-0.7,-3.01,-3.97,1.6
108,435,150.662725,-34.026435,1.1,-20.1,0.23,-12.61,13.4,7.6,-3.11,-4.38,1.22
109,439,150.6627333,-34.026405,-0.8,-2.8,0.31,-4.27,13.4,9.4,-3.16,-4.86,0.84
110,443,150.66274,-34.026375,0.8,12.2,0.32,-2.5,12.2,5.9,-3.17,-4.85,1.1
111,447,150.6627483,-34.0263417,1.5,-1.9,0.34,0.53,11.4,4.7,-3.06,-4.6,1.38
112,451,150.662755,-34.02631,2.9,3.5,0.32,1.71,9.9,3.1,-2.89,-4.31,2
113,455,150.6627633,-34.0262783,2.5,4.9,0.3,1.72,10.1,3.9,-2.73,-4.12,2.18
114,459,150.66277,-34.026245,2.3,4.5,0.3,1.56,10.3,5.5,-2.63,-3.92,2.18
115,463,150.66278,-34.0262117,1.7,2.7,0.34,1.7,10.8,6.7,-2.56,-3.76,1.9
116,467,150.6627883,-34.0261783,1.5,3.2,0.39,1.95,10.4,6.4,-2.53,-3.74,1.82
117,471,150.6627967,-34.026145,1.5,3.3,0.42,1.98,9.9,6,-2.49,-3.68,1.74
118,475,150.6628067,-34.0261117,2.1,3.7,0.45,2.07,9.4,4.7,-2.53,-3.73,1.8
119,479,150.6628167,-34.0260767,1.9,4.3,0.5,2.19,9.8,4.5,-2.64,-3.65,2.02
120,483,150.6628267,-34.0260417,2,5,0.5,2.26,10.4,5.1,-2.71,-3.56,2.12
121,487,150.662835,-34.0260083,2.6,4.8,0.48,2.23,11,5.3,-2.73,-3.59,2.14
122,491,150.662845,-34.0259733,2,4.2,0.54,2.3,11.7,6.5,-2.83,-3.69,2.28
123,495,150.6628517,-34.0259417,2.2,4.3,0.51,2.31,11.8,6.9,-2.81,-3.74,2.36
124,499,150.66286,-34.0259133,2.6,4.5,0.39,2.03,11.2,6.9,-2.74,-3.91,2.44
125,503,150.6628667,-34.025885,2.4,5,0.47,2.02,10.7,5.9,-2.74,-3.85,2.66
126,507,150.662875,-34.025855,3,5.6,0.46,1.95,10.8,5.6,-2.76,-3.94,2.82
127,511,150.6628817,-34.0258233,3.1,6.5,0.49,1.86,11.2,6.3,-2.72,-3.92,2.98
128,515,150.66289,-34.0257917,3,7.7,0.57,1.88,11.3,6.8,-2.72,-3.87,3.12
129,519,150.6628983,-34.0257583,3.4,8,0.54,1.96,11.6,6.9,-2.69,-3.68,3.16
130,523,150.6629067,-34.0257267,3.1,7.7,0.6,2.01,11.5,7.1,-2.63,-3.57,3.22
131,527,150.662915,-34.0256933,3.2,7.6,0.63,2.21,12.5,7.9,-2.82,-3.72,3.38
132,531,150.6629233,-34.0256617,3.4,7.8,0.61,2.32,13.2,7.8,-2.99,-3.92,3.7
133,535,150.6629317,-34.0256283,3.8,8,0.54,2.31,14,7.8,-3.2,-4.26,4.14
134,539,150.66294,-34.025595,5,8.6,0.52,2.3,14.8,8.4,-3.31,-4.57,4.62
135,543,150.6629483,-34.0255633,5.3,8.5,0.4,2.28,15.5,9,-3.48,-5.15,5.24
136,547,150.6629567,-34.02553,5.6,8.3,0.26,2.37,17,10.3,-3.77,-5.71,5.82
137,551,150.6629667,-34.0254967,6.5,8.1,0.2,2.44,17.9,11,-3.96,-6.15,6.26
138,555,150.662975,-34.0254633,6.7,8.3,0.17,2.45,18,11.2,-4,-6.34,6.64
139,559,150.6629833,-34.02543,7.2,8.3,0.1,2.28,18.1,11.5,-3.94,-6.45,6.8
140,563,150.6629917,-34.0253967,7.2,8.9,0.07,2,16.8,10.9,-3.67,-6.4,6.7
141,567,150.663,-34.0253633,6.4,10,0.18,1.6,14.6,10,-3.2,-5.79,6.48
142,571,150.66301,-34.02533,6,10.2,0.29,1.39,13.2,10.2,-2.88,-5.26,6.22
143,575,150.6630183,-34.0252967,5.6,10.1,0.3,1.27,12.8,9.9,-2.84,-5.26,5.94
144,579,150.6630267,-34.0252633,5.9,9.7,0.27,1.33,13.5,10.3,-2.93,-5.37,5.88
145,583,150.663035,-34.02523,5.8,9.5,0.27,1.41,14.4,10.3,-3.11,-5.61,6.06
146,587,150.6630433,-34.0251967,6.1,9.3,0.2,1.7,15.6,10.5,-3.4,-5.91,6.5
147,591,150.6630517,-34.0251633,6.9,10.2,0.13,1.65,15.2,10.6,-3.3,-6.02,6.78
148,595,150.66306,-34.0251317,7.8,11,0.1,1.43,14.2,11.3,-3.04,-5.9,6.94
149,599,150.6630683,-34.0251,7.3,10.9,0.17,1.53,14.7,11.7,-3.18,-5.92,7
150,603,150.6630767,-34.0250683,6.6,9.3,0.12,2.06,17.3,11.9,-3.79,-6.6,7.1
151,607,150.6630833,-34.0250367,6.4,7.7,-0.04,2.69,20.7,12.5,-4.58,-7.63,6.92
152,611,150.6630917,-34.025005,7.4,6.1,-0.22,3.18,24,13.4,-5.35,-8.58,6.86
153,615,150.6630983,-34.0249733,6.9,4.3,-0.27,3.93,27,13.5,-6.15,-9.44,6.86
154,619,150.6631067,-34.0249433,7,3.4,-0.31,4.18,28.1,13.7,-6.49,-10.03,6.8
155,623,150.663115,-34.024915,6.6,2.8,-0.32,4.02,27.5,13.3,-6.34,-9.94,6.22
156,627,150.6631217,-34.0248883,6.1,2.3,-0.24,3.98,26.6,12.5,-6.12,-9.46,5.5
157,631,150.6631233,-34.0248633,4.5,1.4,-0.03,3.92,25.1,11.6,-5.82,-8.85,4.86
158,635,150.6631117,-34.02484,3.3,1.1,0.18,4.1,24.4,10.6,-5.6,-8.19,4.26
159,639,150.6630867,-34.0248283,3.8,1.3,0.11,4.16,23.9,10.6,-5.47,-7.91,3.88
160,643,150.6630583,-34.0248283,3.6,0.8,0.19,4.21,23.7,10.9,-5.44,-7.72,3.8
161,647,150.6630367,-34.0248433,4.2,0.6,0.14,4.45,24.9,10.8,-5.58,-7.78,3.92
162,651,150.6630233,-34.0248667,4.1,1.1,0.14,4.4,24.8,10.6,-5.68,-7.97,3.38
163,655,150.6630183,-34.0248917,3.9,0.7,0.06,4.39,25.1,10.9,-5.9,-8.45,3.74
164,659,150.663015,-34.0249167,1.1,-0.1,-0.14,4.23,25.4,11.1,-6.08,-8.91,4.24
165,663,150.6630083,-34.024945,5.4,1.3,-0.24,4.14,27.2,12.4,-6.33,-9.63,4.84
166,667,150.6630033,-34.0249767,6.7,2.1,-0.36,4.07,28.2,13.4,-6.45,-9.93,5.42
167,671,150.662995,-34.0250083,7.1,3.2,-0.4,4.03,28.1,14.2,-6.45,-10.17,6.66
168,675,150.6629867,-34.0250417,6.8,4,-0.2,3.98,27,14.3,-6.13,-9.67,7.02
169,679,150.6629783,-34.025075,7.3,5.1,-0.19,3.63,24.6,13.7,-5.48,-8.87,7.16
170,683,150.66297,-34.02511,7.2,6.9,-0.17,2.94,21.6,13.5,-4.74,-8.15,7.12
171,687,150.6629617,-34.0251467,7.4,7.7,-0.19,2.45,19.8,13,-4.33,-7.81,7.08
172,691,150.6629533,-34.0251833,6.9,8.6,0.01,2.01,16.9,11.9,-3.75,-7,7.02
173,695,150.6629433,-34.02522,6.6,9.2,0.13,1.65,16.4,11.5,-3.46,-6.32,6.92
174,699,150.662935,-34.0252567,7,8.7,-0.01,1.62,16.2,10.8,-3.57,-6.6,6.8
175,703,150.662925,-34.025295,6.7,8.5,0.02,1.62,17.3,11.6,-3.75,-6.83,6.9
176,707,150.662915,-34.0253317,6.8,8.4,-0.03,1.75,18,11.2,-3.98,-7.15,6.96
177,711,150.6629067,-34.0253683,7.4,8.6,-0.03,1.76,18.4,12.3,-4,-7.16,6.94
178,715,150.6628967,-34.025405,6.9,8.7,0.01,1.87,17.7,11.1,-3.91,-6.88,7.12
179,719,150.6628883,-34.02544,6.9,9,0.05,1.9,17.2,10.7,-3.86,-6.62,7.34
180,723,150.66288,-34.025475,7.6,8.9,0.07,2.05,17.6,11.5,-3.83,-6.45,7.4
181,727,150.6628717,-34.02551,7.9,9.7,0.05,2.13,17.4,11.7,-3.8,-6.32,7.48
182,731,150.6628633,-34.025545,7.7,9.9,0.09,2.2,17.1,11.6,-3.7,-6,7.52
183,735,150.662855,-34.02558,7.3,10.1,0.17,1.94,15.8,11.6,-3.38,-5.58,7.28
184,739,150.6628467,-34.0256133,7.1,10.6,0.25,1.88,15.1,11.2,-3.16,-5.11,6.84
185,743,150.6628383,-34.0256467,6.4,10,0.4,2.09,14.9,10.8,-3.17,-4.74,6.28
186,747,150.66283,-34.02568,5.7,9.9,0.45,2.24,14.8,9.6,-3.22,-4.6,5.64
187,751,150.6628217,-34.0257117,4.9,9.4,0.56,2.39,14.5,8.7,-3.19,-4.27,5.04
188,755,150.6628133,-34.025745,4.1,8.8,0.58,2.39,13.7,8.3,-3.12,-4.03,4.66
189,759,150.662805,-34.0257767,4.1,8.5,0.55,2.32,13.1,7.4,-3.03,-3.98,4.38
190,763,150.6627967,-34.0258083,4.5,8.8,0.54,2.22,13.1,8.3,-2.97,-4.03,4.38
191,767,150.6627883,-34.02584,4.3,8.8,0.55,2.06,12.5,8.7,-2.81,-3.97,4.06
192,771,150.66278,-34.02587,4.9,9.2,0.43,1.86,12.4,8.8,-2.83,-4.39,3.72
193,775,150.6627717,-34.0259017,2.5,6.5,0.53,1.96,11.1,5.2,-2.86,-4.16,3.28
194,779,150.6627633,-34.0259317,2.4,6.3,0.56,2.13,12.2,7.7,-2.86,-3.96,2.82
195,783,150.6627567,-34.0259633,2.3,5.2,0.48,2.04,10.3,4.3,-2.86,-4.12,2.54
196,787,150.6627483,-34.0259933,2,3.7,0.46,2.24,10.5,4.4,-2.75,-3.64,2.76
197,791,150.6627417,-34.026025,3.5,5.8,0.48,2.36,12.7,8.8,-2.72,-3.66,2.84
198,795,150.6627333,-34.026055,3.6,6.6,0.5,2.33,13.3,9.9,-2.72,-3.74,2.68
199,799,150.6627267,-34.0260867,2.8,6.5,0.51,2.36,12.3,8.7,-2.69,-3.57,2.76
200,803,150.6627183,-34.0261183,1.5,3.4,0.46,2.15,9.6,3.8,-2.6,-3.53,2.42
201,807,150.6627117,-34.0261483,2.4,4.5,0.48,2.08,9.6,3.7,-2.66,-3.74,2.08
202,811,150.662705,-34.02618,1.8,3.7,0.45,2.05,8.5,3.8,-2.47,-3.5,1.82
203,815,150.6626983,-34.0262117,1.9,3.8,0.44,1.99,8.9,4.8,-2.43,-3.44,1.88
204,819,150.66269,-34.0262433,1.5,3.7,0.46,2.12,9.2,4.8,-2.47,-3.41,1.66
205,823,150.6626817,-34.0262733,1.8,4.1,0.45,2.07,9.8,5.3,-2.55,-3.62,1.7
206,827,150.6626733,-34.026305,1.3,5,0.49,2.06,10,6.1,-2.51,-3.64,1.62
207,831,150.662665,-34.0263367,2,4.4,0.41,1.78,9.7,4.9,-2.62,-3.94,1.52
208,835,150.6626567,-34.0263667,1.5,2.6,0.42,1.87,9.6,4.1,-2.71,-4.08,1.38
209,839,150.6626483,-34.0263967,1,1.9,0.4,1.97,10.3,4.5,-2.88,-4.18,1.42
210,843,150.66264,-34.0264267,1.1,5.7,0.44,0.91,11.7,4.9,-3.13,-4.37,1.54
211,847,150.66263,-34.0264533,1.5,-5.9,0.4,-0.67,12.8,6.3,-3.27,-4.54,1.88
212,851,150.6626133,-34.0264767,2.6,-1.9,0.38,-1.73,13.3,7.5,-3.25,-4.57,1.88
213,855,150.6625867,-34.0264883,3.2,3.2,0.33,-3.05,13.1,7.1,-3.28,-4.75,1.72
214,859,150.6625583,-34.0264817,1,3.6,0.44,-8.94,11.3,4.4,-3.24,-4.54,1.56
215,863,150.66254,-34.026465,0.3,-25.5,0.4,-14.22,11.2,4.4,-3.2,-4.46,1.06
216,867,150.6625367,-34.02644,0.7,-5.8,0.41,-13.91,11.4,5,-3.23,-4.55,1.18
217,871,150.662545,-34.0264167,0.1,19.6,0.36,-14.18,12.3,7.5,-3.13,-4.04,1.08
218,875,150.6625567,-34.0263917,3.8,3,0.33,-10.59,10.2,1.6,-3.13,-3.94,1.32
219,879,150.6625667,-34.026365,0.5,-8.2,0.38,-2.9,13.4,8.3,-3.15,-4.21,1.6
220,883,150.6625767,-34.0263383,1.5,1.1,0.52,1.16,10.8,3.5,-3.13,-4.51,2
221,887,150.6625833,-34.0263117,2.1,6.7,0.42,1.2,12.3,6.8,-2.99,-3.95,1.6
222,891,150.66259,-34.026285,2.1,3.5,0.44,1.53,11,5.4,-2.83,-3.87,1.78
223,895,150.6625983,-34.0262567,1.8,3,0.42,2.08,10.8,6.2,-2.68,-3.76,1.66
224,899,150.662605,-34.0262283,1.4,3.5,0.46,2.22,9.5,5.2,-2.59,-3.71,1.72
225,903,150.6626117,-34.0261983,0.9,2.3,0.49,2.26,10,6.2,-2.59,-3.71,1.7
226,907,150.66262,-34.0261683,2.4,5.5,0.49,2.21,8.6,3.1,-2.56,-3.37,1.86
227,911,150.6626283,-34.0261383,2,4.6,0.47,2.25,8.2,2.7,-2.55,-3.63,1.9
228,915,150.6626367,-34.0261067,2.6,6.2,0.36,1.94,8.6,3.6,-2.48,-3.22,2
229,919,150.662645,-34.026075,1.6,3,0.41,1.97,11.3,8.5,-2.53,-3.41,2.04
230,923,150.6626517,-34.026045,1.4,2.8,0.46,2.07,12,9.5,-2.58,-3.41,2.14
231,927,150.66266,-34.0260133,2.6,5.3,0.45,2.08,10.2,5.3,-2.55,-3.44,2.14
232,931,150.6626683,-34.0259817,2.5,4.2,0.44,2.16,10.9,6.7,-2.64,-3.78,2.46
233,935,150.6626767,-34.02595,2.6,5.1,0.46,2.22,10.5,5,-2.7,-3.8,2.82
234,939,150.662685,-34.0259183,3.2,4.8,0.45,2.22,10.8,6.2,-2.72,-3.78,2.9
235,943,150.6626917,-34.0258883,3.2,5.6,0.41,2.12,11,5.8,-2.75,-3.86,2.86
236,947,150.6626983,-34.0258567,3,5.7,0.47,2.21,11.3,5.8,-2.84,-3.82,2.76
237,951,150.6627067,-34.0258267,2.3,5.2,0.55,2.26,11.9,6.2,-2.87,-3.83,2.66
238,955,150.6627133,-34.0257983,2.1,5.4,0.55,2.16,12.3,6.7,-2.91,-3.95,2.62
239,959,150.66272,-34.0257683,2.7,5.9,0.57,2.03,12,6.9,-2.83,-4.04,2.72
240,963,150.6627267,-34.0257383,3,6.6,0.56,2.05,12.3,7,-2.9,-4.08,3.12
241,967,150.662735,-34.0257067,3.5,7.4,0.52,2.05,12.6,7,-3,-4.26,3.5
242,971,150.6627433,-34.0256767,4.3,7.6,0.5,2.14,13.7,7.9,-3.18,-4.49,3.84
243,975,150.6627517,-34.025645,4,8.1,0.5,2.16,14.1,7.8,-3.23,-4.56,4
244,979,150.66276,-34.0256117,4.4,8.1,0.47,2.15,14.7,8.5,-3.28,-4.61,4.28
245,983,150.6627667,-34.02558,3.8,7.8,0.48,2.27,15.5,8.8,-3.42,-4.88,4.42
246,987,150.662775,-34.0255467,4.9,7.9,0.38,2.18,15.5,9,-3.37,-5.04,4.68
247,991,150.6627833,-34.0255133,5,8.4,0.35,1.98,14.8,9.6,-3.21,-5.08,4.98
248,995,150.66279,-34.02548,5.3,8.9,0.33,1.81,14,9.3,-3.11,-5.16,5.38
249,999,150.6627983,-34.0254467,5.9,8.4,0.24,1.9,15.2,9.6,-3.37,-5.48,5.68
250,1003,150.6628067,-34.0254117,5.8,8.5,0.2,2.1,16.7,9.8,-3.69,-5.86,6.16
251,1007,150.662815,-34.0253783,6.4,7.8,0.06,2.43,18.9,10.9,-4.22,-6.5,6.54
252,1011,150.6628233,-34.025345,7.4,7.6,-0.04,2.63,20.3,12,-4.54,-7.11,6.74
253,1015,150.6628333,-34.02531,7.2,7.4,-0.11,2.46,21,12,-4.71,-7.72,7.08
254,1019,150.6628433,-34.0252767,6.9,7.2,-0.19,2.57,21.8,11.8,-4.94,-8.14,7.24
255,1023,150.6628517,-34.0252417,7.5,7.1,-0.21,2.51,22.5,12.5,-5.01,-8.32,7.26
256,1027,150.6628617,-34.0252083,7.2,7.4,-0.18,2.54,22.4,12.4,-4.97,-8.34,7.26
257,1031,150.66287,-34.0251733,7.5,7.4,-0.2,2.27,20.8,11.9,-4.54,-7.98,7.48
258,1035,150.6628783,-34.0251383,7.2,8.3,-0.17,1.76,18.4,12,-3.98,-7.46,7.62
259,1039,150.6628867,-34.025105,8,9.1,-0.27,1.45,17.2,11.4,-3.78,-7.45,7.68
260,1043,150.662895,-34.02507,8.2,8.8,-0.37,1.49,16.9,11.8,-3.82,-7.63,7.82
261,1047,150.6629033,-34.025035,7.5,8.2,-0.32,1.84,18,11.8,-4.04,-7.66,7.96
262,1051,150.6629133,-34.025,8.2,7.3,-0.38,2.37,19.8,12.4,-4.48,-8.02,7.92
263,1055,150.6629217,-34.024965,7.9,5.4,-0.47,3.3,24.8,12.6,-5.63,-9.08,7.74
264,1059,150.66293,-34.02493,7.8,3.4,-0.47,4.28,29.6,13.6,-6.8,-10.17,7.56
265,1063,150.66294,-34.0248983,7.3,1.7,-0.53,4.79,31.2,13.9,-7.26,-10.8,6.96
266,1067,150.66295,-34.024865,6.6,1.5,-0.47,4.3,28.8,13,-6.71,-10.38,6.24
267,1071,150.6629633,-34.0248383,5.2,1.3,-0.29,4.02,26.7,12.8,-6.27,-9.89,5.46
268,1075,150.6629683,-34.02481,4.3,0.9,-0.08,4.28,27.8,12,-6.43,-9.56,5.04
269,1079,150.662955,-34.0247883,3.9,0.9,-0.02,4.35,26.5,11.6,-6.11,-9.18,4.98
270,1083,150.66293,-34.0247767,5.2,1,-0.07,4.23,27,11.7,-5.99,-8.75,5.16
271,1087,150.6629017,-34.02478,6.3,1.5,-0.19,4.24,25.9,12,-5.91,-8.83,5.58
272,1091,150.6628783,-34.024795,6.1,1.6,-0.25,4.25,25.5,12,-5.85,-8.79,5.8
273,1095,150.662865,-34.0248167,6.4,0.9,-0.31,4.21,26,12.2,-5.93,-8.92,5.66
274,1099,150.6628583,-34.02484,5,0.6,-0.15,4.26,25.8,11.5,-5.9,-8.74,5.52
275,1103,150.6628533,-34.024865,4.5,0.8,-0.12,4.23,25.5,11.3,-5.9,-8.73,5.64
276,1107,150.6628483,-34.0248933,5.6,1.1,-0.26,3.91,25.2,11.6,-5.76,-8.81,6
277,1111,150.6628417,-34.0249217,6.7,2.1,-0.47,3.5,24.7,12.4,-5.67,-9.34,6.56
278,1115,150.662835,-34.024955,8.2,3.3,-0.6,3.53,26.2,13.5,-5.98,-9.88,7.44
279,1119,150.6628267,-34.0249883,7.8,3.4,-0.53,4.02,26.9,13.9,-6.02,-9.6,8.42
280,1123,150.6628183,-34.0250233,8.9,6.5,-0.49,2.9,21.9,13.4,-4.76,-8.4,9.26
281,1127,150.66281,-34.0250583,10.5,9.1,-0.43,2.07,19.4,13.8,-3.98,-7.68,9.64
282,1131,150.6628017,-34.0250917,10.9,10.9,-0.36,1.71,18.1,14.6,-3.54,-7.09,10.22
283,1135,150.6627933,-34.0251267,10.1,11.2,-0.3,1.59,17.1,14.4,-3.46,-7.02,10.56
284,1139,150.6627867,-34.0251583,10.7,11.9,-0.29,1.44,16.4,14.3,-3.29,-6.9,10.28
285,1143,150.6627783,-34.0251917,10.6,11.3,-0.27,1.19,16.3,14.1,-3.31,-7.04,9.76
286,1147,150.66277,-34.0252233,9.1,11.2,-0.11,1.45,16.6,13.6,-3.59,-7.02,9.28
287,1151,150.6627617,-34.025255,8.3,10,0.02,1.77,18.7,13.1,-3.87,-7,8.72
288,1155,150.662755,-34.0252867,7.7,8.7,0.01,2.26,20.6,12.7,-4.38,-7.39,8.24
289,1159,150.6627467,-34.0253167,7.9,7.6,-0.06,2.76,22.5,13.1,-4.97,-7.83,7.96
290,1163,150.6627383,-34.0253483,8.2,7.4,-0.08,2.9,22.9,13,-4.99,-7.77,7.82
291,1167,150.66273,-34.0253783,7.7,7.4,-0.06,2.73,21.4,12.6,-4.75,-7.48,7.9
292,1171,150.6627217,-34.02541,7.6,8.5,0.01,2.6,19.8,11.5,-4.39,-7.04,7.92
293,1175,150.6627133,-34.0254417,8.1,9.1,0.01,2.21,17.9,11.9,-3.88,-6.46,7.84
294,1179,150.662705,-34.0254733,8,10.3,0.07,1.83,15.4,11.1,-3.32,-5.76,7.78
295,1183,150.6626967,-34.0255067,7.8,11,0.16,1.5,13.6,10.3,-2.95,-5.35,7.68
296,1187,150.6626883,-34.0255383,7.4,10.5,0.14,1.35,13.1,10,-2.87,-5.36,7.4
297,1191,150.6626817,-34.0255717,7.1,10.8,0.13,1.38,13.4,10.3,-2.95,-5.44,7.04
298,1195,150.6626733,-34.0256033,6.7,9.7,0.17,1.72,14.8,10,-3.22,-5.58,6.66
299,1199,150.6626633,-34.025635,6.2,9,0.19,1.97,15.5,10,-3.4,-5.58,6.36
300,1203,150.6626567,-34.0256683,5.9,8.7,0.25,2.11,15.6,10.2,-3.42,-5.43,6.02
301,1207,150.6626483,-34.0257,5.9,9.1,0.33,2.1,15.3,9.9,-3.38,-5.25,5.72
302,1211,150.6626383,-34.0257317,5.4,9.1,0.4,2.14,14.6,8.9,-3.36,-5.09,5.36
303,1215,150.6626317,-34.025765,5.2,8.6,0.5,2.18,13.6,8.3,-3.19,-4.69,4.98
304,1219,150.6626233,-34.0257967,4.4,8.5,0.52,2.02,12.5,7.6,-2.98,-4.39,4.68
305,1223,150.662615,-34.0258283,4,7.6,0.53,1.98,12.1,7.6,-2.81,-4.14,4.08
306,1227,150.6626067,-34.0258583,4.4,6.8,0.39,1.8,11.5,7.7,-2.72,-4.16,3.38
307,1231,150.6625983,-34.02589,2.4,5.9,0.63,2.08,11.7,6.5,-2.88,-4.05,2.9
308,1235,150.66259,-34.0259233,1.7,5.3,0.68,2.31,11.5,6.1,-2.92,-3.86,2.58
309,1239,150.6625817,-34.025955,2,5.1,0.6,2.33,11.3,5.5,-2.94,-3.86,2.2
310,1243,150.6625733,-34.0259867,2.4,5.1,0.53,2.36,11.2,5.2,-2.88,-3.81,2.32
311,1247,150.662565,-34.02602,2.5,4.8,0.52,2.3,10.8,5.4,-2.7,-3.61,2.58
312,1251,150.6625567,-34.0260533,3,4.7,0.47,2.21,10.8,5.9,-2.62,-3.57,2.74
313,1255,150.6625483,-34.026085,3,5.2,0.43,2.1,10.4,6.2,-2.5,-3.57,2.76
314,1259,150.66254,-34.0261183,2.8,5,0.44,2.17,9.9,5.7,-2.58,-3.58,2.64
315,1263,150.6625317,-34.0261517,2.5,4.8,0.47,2.18,9.1,4.7,-2.55,-3.52,2.26
316,1267,150.662525,-34.0261833,1.9,4.4,0.47,2.08,8.6,4.1,-2.44,-3.41,1.92
317,1271,150.6625167,-34.0262167,1.1,3.6,0.51,2.1,8.2,3.4,-2.44,-3.31,1.48
318,1275,150.66251,-34.02625,1.3,3.4,0.55,2.24,8.7,4.1,-2.52,-3.25,1.36
319,1279,150.6625017,-34.0262833,0.6,4.2,0.53,2.23,9.2,4.1,-2.51,-3.26,1.4
320,1283,150.662495,-34.0263167,1.9,5.3,0.52,2.16,10.3,6.1,-2.52,-3.41,1.66
321,1287,150.6624867,-34.02635,2.1,5,0.49,2.17,10.8,6.4,-2.67,-3.72,1.82
322,1291,150.6624783,-34.0263817,2.4,5.3,0.43,1.72,11.4,5.6,-2.91,-4.14,1.76
323,1295,150.6624767,-34.0264117,2.1,1.8,0.39,1.61,11.7,4.8,-3.15,-4.41,1.3
324,1299,150.6624817,-34.0264417,0.3,-2.4,0.42,0.22,11.4,3.6,-3.22,-4.46,0.92
325,1303,150.6624817,-34.0264717,-0.4,2.7,0.42,-0.99,11.4,3.3,-3.31,-4.45,0.64
326,1307,150.6624683,-34.0264967,0.2,3.3,0.52,-9.52,11,4.1,-3.24,-4.25,-0.86
327,1311,150.6624433,-34.02651,1,-17,0.55,-15.75,11.8,3.9,-3.28,-4.31,-0.62
328,1315,150.662415,-34.02651,-5.4,-5.5,0.32,-27.2,10.6,2.9,-3.12,-4.2,-0.44
329,1319,150.6623917,-34.0264967,1.5,38.7,0.49,-36.36,12.8,3.9,-3.21,-4.24,-0.46
330,1323,150.66238,-34.026475,0.5,1.6,0.46,-50.3,11.1,4.8,-3.16,-4.16,-0.82
331,1327,150.6623817,-34.02645,0.1,-43.4,0.49,-43.38,11.7,6,-3.19,-4.26,0.36
332,1331,150.66239,-34.0264217,-0.8,-4,0.53,-33.19,11,5,-3.19,-4.4,0.26
333,1335,150.6624,-34.0263933,0.5,4.1,0.44,-23.65,11.3,4.3,-3.19,-4.49,0.58
334,1339,150.6624117,-34.0263633,1,-0.2,0.41,-11.98,11.5,4.4,-3.25,-4.56,1.04
335,1343,150.6624217,-34.0263317,2.1,-6.1,0.41,-3.39,12.3,4.7,-3.31,-4.5,1.54
336,1347,150.66243,-34.0262983,2.4,4.2,0.44,1.37,12.1,5,-3.15,-4.28,1.68
337,1351,150.6624383,-34.026265,1.7,3.8,0.49,1.23,11.7,6,-2.9,-3.99,1.66
338,1355,150.6624483,-34.0262317,1.2,2.4,0.51,1.92,11.4,6.3,-2.75,-3.73,1.46
339,1359,150.6624567,-34.0261983,0.9,3.1,0.57,2.26,10.5,5.6,-2.64,-3.57,1.14
340,1363,150.662465,-34.0261633,1.1,3.3,0.58,2.33,9.8,5.3,-2.59,-3.42,1.12
341,1367,150.6624733,-34.02613,0.8,3.9,0.59,2.31,9.1,4.5,-2.52,-3.33,1.26
342,1371,150.6624817,-34.026095,1.6,4.3,0.54,2.25,8.8,3.9,-2.46,-3.33,1.42
343,1375,150.66249,-34.02606,1.9,5.1,0.5,2.22,8.9,3.9,-2.56,-3.44,1.68
344,1379,150.6625,-34.0260267,1.7,4.4,0.49,2.21,9.9,4.9,-2.63,-3.49,2.02
345,1383,150.6625083,-34.0259933,2.4,4.5,0.44,2.14,10,5.4,-2.56,-3.54,2.16
346,1387,150.6625167,-34.0259583,2.5,4.5,0.44,2.13,10.8,6.3,-2.63,-3.69,2.26
347,1391,150.662525,-34.025925,2.3,4.4,0.48,2.22,11.4,6.7,-2.72,-3.72,2.42
348,1395,150.6625317,-34.0258933,2.4,5.2,0.52,2.28,11.7,6,-2.87,-3.91,2.54
349,1399,150.66254,-34.0258617,2.5,4.9,0.49,2.28,11.4,5.7,-2.91,-3.91,2.68
350,1403,150.6625467,-34.0258317,3,5.3,0.54,2.22,11.4,5.3,-2.89,-3.89,2.98
351,1407,150.662555,-34.0258017,3.2,5.9,0.48,2.07,11,6,-2.82,-3.85,3.36
352,1411,150.6625633,-34.0257717,3.8,6.4,0.47,1.91,11.6,7.2,-2.78,-3.91,3.78
353,1415,150.66257,-34.0257433,4.3,7.1,0.49,1.86,12.2,8.7,-2.78,-3.99,4.22
354,1419,150.6625783,-34.025715,4.6,7.9,0.48,2.03,13.2,9.1,-3.01,-4.34,4.68
355,1423,150.662585,-34.025685,5.2,9.1,0.47,1.95,13.4,8.7,-3.05,-4.57,5.24
356,1427,150.6625917,-34.0256567,5.5,9.7,0.46,2.06,14.7,10.2,-3.22,-4.79,5.8
357,1431,150.6626,-34.0256267,6.6,9.9,0.37,2.09,15.4,10.4,-3.31,-5.08,6.3
358,1435,150.6626067,-34.0255967,7.1,10.1,0.27,1.89,15.5,11.2,-3.26,-5.19,6.74
359,1439,150.662615,-34.0255683,7.1,10.1,0.17,1.76,15.2,10.8,-3.28,-5.46,7.06
360,1443,150.6626217,-34.0255383,7.4,10.1,0.06,1.68,15.3,11.2,-3.26,-5.77,7.3
361,1447,150.6626283,-34.0255083,7.1,10,0.08,1.64,15.4,11.1,-3.31,-5.89,7.48
362,1451,150.6626367,-34.0254783,7.8,9.6,0.07,1.67,15.3,11.1,-3.31,-5.91,7.68
363,1455,150.6626433,-34.0254483,8,10.1,0.04,1.7,15.3,11.2,-3.29,-5.94,7.92
364,1459,150.66265,-34.0254183,8.1,11.2,0.12,1.43,13.6,10.9,-2.95,-5.55,8.14
365,1463,150.6626583,-34.0253867,8.6,12.2,0.17,1.34,14,11.7,-2.9,-5.41,8.16
366,1467,150.662665,-34.0253567,8.2,11.8,0.28,1.6,15.7,12.3,-3.23,-5.59,8.08
367,1471,150.6626733,-34.025325,7.9,10.2,0.2,2.12,18.2,12.6,-3.83,-6.1,7.96
368,1475,150.6626817,-34.0252933,7.6,8.9,0.11,2.58,20,12.5,-4.39,-6.72,7.68
369,1479,150.6626883,-34.0252633,7.5,8,0.02,2.82,22.1,12.7,-4.85,-7.42,7.62
370,1483,150.6626967,-34.0252333,7.2,7,-0.03,3.08,23,13.1,-5.19,-7.91,7.6
371,1487,150.6627033,-34.0252017,7.9,7,-0.16,2.99,22.4,12.6,-5.09,-8,7.74
372,1491,150.6627117,-34.02517,7.8,6.6,-0.12,2.67,21.2,11.9,-4.62,-7.53,8.06
373,1495,150.66272,-34.0251383,8.3,7.9,-0.13,2.05,18.3,12.3,-3.88,-6.93,8.6
374,1499,150.6627267,-34.025105,9.1,9.3,-0.17,1.66,16.8,12.7,-3.42,-6.61,9.02
375,1503,150.662735,-34.0250733,9.9,10.6,-0.22,1.41,15.7,13.1,-3.18,-6.53,9.38
376,1507,150.6627417,-34.0250417,10,10.8,-0.2,1.59,16.6,13.9,-3.26,-6.63,9.54
377,1511,150.66275,-34.02501,9.6,10.4,-0.26,1.59,16,13.7,-3.35,-6.71,9.58
378,1515,150.6627567,-34.0249783,9.1,9.7,-0.28,2.32,15.9,12.7,-4.01,-6.97,9.46
379,1519,150.6627633,-34.0249483,9.3,9.3,-0.44,1.61,16.6,12,-3.65,-7.46,9.18
380,1523,150.66277,-34.0249183,9.3,8.6,-0.39,1.79,18,12.6,-3.95,-7.59,8.9
381,1527,150.6627767,-34.0248883,8.6,6.2,-0.39,2.76,22.1,12.6,-4.86,-8.18,8.6
382,1531,150.662785,-34.0248617,8.2,3.9,-0.43,3.86,25.7,12.8,-5.72,-8.74,7.9
383,1535,150.6628,-34.02484,7.6,3.5,-0.41,3.48,24.5,12.4,-5.61,-8.78,6.88
384,1539,150.66281,-34.024815,5.8,1.2,-0.21,3.94,24,11.3,-5.44,-8.35,6.1
385,1543,150.6628083,-34.02479,4.2,0.8,-0.05,3.67,22.9,10.7,-5.27,-8.06,5.4
386,1547,150.6627917,-34.0247683,4.7,0.8,-0.07,3.87,23.9,10.7,-5.44,-8.12,5.06
387,1551,150.662765,-34.02476,4.7,0.9,-0.05,4.03,23.8,10.8,-5.39,-7.94,4.96
388,1555,150.6627367,-34.024765,5.9,1.2,-0.23,3.85,23.4,10.9,-5.3,-8.07,4.98
389,1559,150.6627167,-34.0247817,5.3,1.7,-0.19,3.72,23,11.1,-5.2,-7.99,4.98
390,1563,150.6627083,-34.024805,4.3,1.2,0.02,3.75,22,10.4,-5,-7.58,4.94
391,1567,150.6627083,-34.0248283,4.7,1.4,-0.07,3.55,21.3,10.1,-4.85,-7.4,4.52
392,1571,150.6627067,-34.0248533,4.5,1,-0.06,3.38,21,10,-4.66,-7.26,4.42
393,1575,150.6627033,-34.0248817,3.8,1.5,-0.03,3.33,20.5,10.1,-4.59,-7.17,4.74
394,1579,150.6626967,-34.02491,4.8,1.5,-0.13,3.44,22.3,10.7,-4.99,-7.64,5.18
395,1583,150.66269,-34.0249417,5.9,1.6,-0.29,3.74,24,11.5,-5.34,-8.28,5.74
396,1587,150.6626817,-34.0249733,6.9,3.5,-0.35,3.06,20.5,11.5,-4.61,-7.79,6.4
397,1591,150.662675,-34.0250067,7.3,5.2,-0.43,2.18,18.3,11.5,-4.03,-7.58,6.98
398,1595,150.6626667,-34.02504,7.1,6.1,-0.37,2.03,17.4,11.6,-3.83,-7.32,7.38
399,1599,150.6626567,-34.025075,7.7,6,-0.28,2.02,17,11.5,-3.72,-6.97,7.44
400,1603,150.6626483,-34.0251083,7.9,7.1,-0.12,2.15,17.4,12.2,-3.62,-6.64,7.16
401,1607,150.6626383,-34.0251433,7.2,7,-0.17,1.84,17.2,12.2,-3.74,-7.11,6.58
402,1611,150.66263,-34.0251767,5.9,6,0.01,2.08,18.3,11.6,-4.1,-7.33,5.82
403,1615,150.66262,-34.0252117,4.2,5,0.2,2.6,20.8,10.6,-4.75,-7.49,5.38
404,1619,150.6626117,-34.0252467,3.9,4.1,0.27,3.1,22.4,10.5,-5.09,-7.46,5.06
405,1623,150.662605,-34.02528,5.7,4.3,-0.03,3.01,23.1,11.4,-5.29,-8.09,5.18
406,1627,150.6625967,-34.025315,5.6,4.6,0.07,3.14,23.2,11.6,-5.32,-7.75,5.46
407,1631,150.6625883,-34.02535,6.5,5.3,0.04,2.89,21.5,11.7,-4.82,-7.31,6
408,1635,150.66258,-34.025385,5.6,6.4,0.18,2.68,19.7,11.5,-4.34,-6.75,6.26
409,1639,150.66257,-34.02542,6.6,7.1,0.1,2.22,18.1,11.3,-3.88,-6.47,6.46
410,1643,150.6625617,-34.025455,7,8.3,0.03,1.73,15.9,10.5,-3.48,-6.29,6.5
411,1647,150.6625533,-34.02549,6.6,8,0.01,1.64,15.2,10.3,-3.44,-6.25,6.72
412,1651,150.6625433,-34.0255267,6.7,7.7,-0.03,1.88,16.8,10.4,-3.74,-6.5,6.6
413,1655,150.662535,-34.0255617,6.7,7.1,0,2.21,17.4,10.8,-3.86,-6.55,6.32
414,1659,150.6625267,-34.0255967,6,7.5,0.04,1.98,16.8,10.7,-3.67,-6.42,6.1
415,1663,150.6625183,-34.0256317,5.6,7.6,0.12,1.97,16.4,10.5,-3.6,-6.12,5.92
416,1667,150.6625117,-34.025665,5.5,7.3,0.22,2.01,16.4,9.9,-3.59,-5.91,5.64
417,1671,150.6625033,-34.0256983,5.8,7.7,0.26,2.02,15.8,9.9,-3.5,-5.57,5.42
418,1675,150.662495,-34.0257317,5.3,7.4,0.3,1.95,14.7,9.2,-3.38,-5.31,5.16
419,1679,150.6624867,-34.025765,4.9,7.2,0.34,1.95,14.3,8.7,-3.28,-4.99,4.88
420,1683,150.6624783,-34.0257967,4.3,7.5,0.45,2.07,13.5,8.3,-3.17,-4.65,4.68
421,1687,150.6624717,-34.025825,4.1,7.3,0.49,2.07,12.9,8.1,-2.98,-4.33,4.46
422,1691,150.6624633,-34.025855,4.8,7.7,0.41,1.93,12.1,8.2,-2.72,-4.01,4.2
423,1695,150.6624567,-34.0258833,4.2,7.4,0.46,1.9,11.6,7.6,-2.77,-3.97,3.86
424,1699,150.66245,-34.02591,3.6,6.4,0.48,2.05,11.5,6.6,-2.86,-3.99,3.5
425,1703,150.6624433,-34.0259383,2.6,5.7,0.59,2.27,11,6,-2.85,-3.8,3.08
426,1707,150.662435,-34.0259683,2.3,4.8,0.57,2.2,10.4,5.2,-2.75,-3.71,2.74
427,1711,150.6624283,-34.0259967,2.7,4.9,0.49,2.18,10.6,5.1,-2.71,-3.75,2.66
428,1715,150.66242,-34.0260267,2.5,5,0.47,2.14,10.3,5.7,-2.61,-3.64,2.72
429,1719,150.6624117,-34.026055,3.2,5.3,0.36,2.04,10.1,6.1,-2.58,-3.73,2.7
430,1723,150.6624033,-34.0260833,2.9,5.2,0.4,2.14,10.4,5.7,-2.69,-3.79,2.6
431,1727,150.6623967,-34.0261133,2.2,4.7,0.47,2.21,9.7,4.8,-2.61,-3.65,2.4
432,1731,150.6623883,-34.0261417,2.2,4.2,0.42,2.05,9.3,4.2,-2.55,-3.65,2.04
433,1735,150.6623817,-34.0261717,1.5,3.8,0.44,2.05,9.3,4.5,-2.53,-3.58,1.8
434,1739,150.6623733,-34.0262017,1.4,3.4,0.49,2.1,9.7,5,-2.57,-3.55,1.76
435,1743,150.6623667,-34.0262317,1.7,3.6,0.49,2.21,10.3,5.4,-2.69,-3.68,1.68
436,1747,150.6623583,-34.0262617,2,4.2,0.49,2.19,11.1,5.8,-2.75,-3.83,1.74
437,1751,150.6623483,-34.0262917,1.8,4.5,0.51,2.23,11.8,6.1,-2.87,-3.99,1.72
438,1755,150.66234,-34.0263217,1.8,3.2,0.52,2.25,12.6,6,-3.08,-4.21,1.74
439,1759,150.66233,-34.0263517,1.3,2.2,0.45,2.24,12.7,5.4,-3.23,-4.41,1.48
440,1763,150.6623217,-34.02638,1.8,0.1,0.37,1.65,12.5,5.3,-3.27,-4.53,1.2
441,1767,150.6623183,-34.02641,0.7,7.7,0.43,0.16,12.8,5.2,-3.41,-4.6,0.98
442,1771,150.6623083,-34.026435,0.4,1,0.51,-5.37,12.9,5.6,-3.46,-4.52,0.96
443,1775,150.66229,-34.026455,0.7,-15.1,0.54,-12.15,13.2,5.8,-3.41,-4.47,1.1
444,1779,150.6622633,-34.02646,1.2,-5.8,0.48,-16.85,13.8,8.1,-3.31,-4.42,1.4
445,1783,150.6622383,-34.0264517,2.5,36.2,0.4,-30.18,14.2,4,-3.01,-4.14,1.52
446,1787,150.6622233,-34.0264317,2.2,16.1,0.39,-30.15,14.1,15.1,-3.24,-5.09,1.46
447,1791,150.6622217,-34.0264067,1,-35.1,0.4,-22.49,11.9,5.5,-3.3,-4.59,1.22
448,1795,150.6622317,-34.0263783,0.4,3.4,0.38,-15.42,12.7,7.6,-3.36,-4.56,0.68
449,1799,150.6622433,-34.02635,0,18.1,0.5,-21.37,15.3,13.3,-3.46,-4.63,0.34
450,1803,150.662255,-34.02632,-0.2,-14.3,0.65,-19.86,14,4.8,-3.5,-4.15,0.36
451,1807,150.662265,-34.02629,0.5,-16.5,0.56,-5.93,14.4,5.3,-3.63,-4.78,0.6
452,1811,150.6622733,-34.0262583,1.1,7.4,0.5,-1.05,14.2,5.5,-3.53,-4.63,0.8
453,1815,150.6622817,-34.0262267,1.6,2.1,0.5,0.78,14.7,6.3,-3.47,-4.47,1.04
454,1819,150.6622917,-34.026195,1,1.2,0.48,2,14.3,6.3,-3.4,-4.5,1.16
455,1823,150.6623,-34.0261633,1,1.6,0.43,2.33,13.5,7,-3.18,-4.43,1.2
456,1827,150.6623083,-34.02613,1.1,2.2,0.43,2.14,12.2,6,-2.94,-4.25,1.28
457,1831,150.6623167,-34.0260983,1.3,2.9,0.45,2,11,5.3,-2.75,-4.12,1.54
458,1835,150.662325,-34.026065,2,4.1,0.45,1.95,10,5,-2.61,-3.91,1.76
459,1839,150.6623333,-34.0260317,2.3,4.6,0.46,1.91,10.1,5.1,-2.58,-3.8,2.02
460,1843,150.6623433,-34.0259967,2.1,4.4,0.49,2.01,10.4,5.4,-2.6,-3.67,2.32
461,1847,150.6623517,-34.0259633,2.4,4.7,0.46,2.07,10.6,5.9,-2.65,-3.69,2.48
462,1851,150.66236,-34.0259283,2.8,4.4,0.47,2.07,10.9,6.6,-2.68,-3.74,2.58
463,1855,150.66237,-34.025895,2.8,4.8,0.53,2.17,11.3,6.7,-2.71,-3.73,2.82
464,1859,150.6623783,-34.02586,2.8,5.1,0.56,2.23,11.1,6.3,-2.78,-3.75,3.12
465,1863,150.6623867,-34.0258267,3.3,6.1,0.57,2.28,11.4,6.4,-2.82,-3.8,3.38
466,1867,150.6623967,-34.0257917,3.9,6.7,0.54,2.18,11.5,6.5,-2.85,-3.79,3.56
467,1871,150.662405,-34.0257583,4.1,7,0.6,2.08,12.5,7.7,-2.88,-3.9,3.64
468,1875,150.6624133,-34.025725,3.7,7.2,0.61,2.01,12.8,8.5,-2.94,-4.17,3.66
469,1879,150.6624217,-34.02569,3.2,6.1,0.55,1.98,13.7,7.9,-3.13,-4.66,3.62
470,1883,150.66243,-34.0256567,3.4,5,0.5,2.03,15.4,8.8,-3.39,-5.13,3.58
471,1887,150.6624383,-34.0256233,3.7,5.2,0.43,2.18,16.2,8.9,-3.6,-5.6,3.56
472,1891,150.6624467,-34.02559,3.9,5.4,0.36,2.22,17.1,9,-3.78,-5.99,3.78
473,1895,150.662455,-34.025555,3.6,4.8,0.31,2.32,17.6,9.2,-3.96,-6.25,3.86
474,1899,150.6624633,-34.0255217,4.3,4.6,0.22,2.63,19.1,10,-4.27,-6.67,3.96
475,1903,150.6624717,-34.0254883,3.8,3.9,0.15,2.64,18.9,10.4,-4.25,-6.81,4.02
476,1907,150.66248,-34.025455,4.2,3.9,0.19,2.62,18.3,10.2,-4.16,-6.64,4.2
477,1911,150.6624883,-34.0254217,4.2,4,0.11,2.65,18.7,10.2,-4.2,-6.82,4.34
478,1915,150.6624967,-34.0253883,4.5,3.5,0.07,2.64,19.1,9.9,-4.28,-6.99,4.6
479,1919,150.6625033,-34.025355,5,3.6,0.01,2.54,18.9,10.1,-4.26,-7.13,4.66
480,1923,150.6625117,-34.0253217,5.1,4.2,0.04,2.4,18.5,9.6,-4.16,-7.02,4.78
481,1927,150.66252,-34.0252883,4.5,4.4,0.15,2.32,18.6,10,-4.15,-6.93,4.74
482,1931,150.6625283,-34.0252567,4.8,4,0.12,2.35,19.5,10.7,-4.37,-7.16,4.68
483,1935,150.6625367,-34.0252233,4.3,3.1,0.14,2.75,21.4,10.7,-4.83,-7.57,4.46
484,1939,150.662545,-34.0251917,4.7,2.7,0.04,3.06,23,11.3,-5.4,-8.37,4.34
485,1943,150.6625533,-34.0251583,4,2.3,0.01,3.35,24,11.6,-5.68,-8.84,4.04
486,1947,150.66256,-34.0251267,3.9,2,0.11,3.23,23.4,10.8,-5.41,-8.58,3.92
487,1951,150.6625683,-34.025095,3.3,2.4,0.1,3.02,22.2,10.7,-5.19,-8.27,3.86
488,1955,150.6625767,-34.0250633,3.7,2.2,0.05,3.03,22,10.5,-5.11,-8.21,4.02
489,1959,150.662585,-34.0250317,4.4,2.7,-0.09,2.76,21.2,10.5,-4.89,-8.23,4.18
490,1963,150.6625933,-34.025,4.8,1.9,-0.17,3.02,22.3,10.9,-5.14,-8.48,4.52
491,1967,150.6626017,-34.0249683,4.7,1.8,-0.23,3.52,23.9,11.9,-5.5,-8.71,4.68
492,1971,150.6626083,-34.0249367,5,1,-0.21,3.76,23.8,11.4,-5.45,-8.47,4.76
493,1975,150.6626167,-34.0249067,4.5,0.8,-0.23,3.66,23.2,10.7,-5.31,-8.36,4.64
494,1979,150.6626233,-34.0248767,4.8,0.8,-0.24,3.65,23.3,10.8,-5.29,-8.29,4.58
495,1983,150.6626317,-34.0248467,4.2,0.8,-0.09,3.67,22.2,10.1,-4.99,-7.65,4.42
496,1987,150.6626433,-34.0248217,4.4,1.2,-0.06,3.3,20.8,9.8,-4.62,-7.27,4.36
497,1991,150.662655,-34.0247967,4.2,1.3,-0.04,2.91,18,9.5,-4.09,-6.73,4.14
498,1995,150.662655,-34.02477,4.2,1.7,-0.03,2.83,19.6,10.2,-4.24,-6.74,4.18
499,1999,150.6626367,-34.02475,3.7,1.5,0.05,3.21,20,10.1,-4.45,-6.99,4.42
500,2003,150.6626083,-34.0247417,4.4,1.9,0.01,3.38,20.9,10.1,-4.62,-7.15,4.56
501,2007,150.6625817,-34.02475,5.6,2.1,-0.11,3.43,21.2,10.3,-4.73,-7.39,4.64
502,2011,150.6625617,-34.0247683,4.9,2.5,-0.06,3.42,21.2,10.5,-4.69,-7.41,4.54
503,2015,150.662555,-34.0247933,4.6,2.1,-0.04,3.19,19.9,10.1,-4.48,-7.19,4.22
504,2019,150.6625517,-34.0248183,3.2,2,0.11,2.99,18.3,9.2,-4.12,-6.64,3.62
505,2023,150.6625467,-34.024845,2.8,1.3,0.2,2.82,17.5,8.3,-3.89,-6.21,3.36
506,2027,150.6625417,-34.02487,2.6,1.3,0.19,2.8,17.1,8.3,-3.85,-6.1,3.14
507,2031,150.6625383,-34.024885,3.6,1.3,0.11,2.91,18.3,9.2,-4.11,-6.48,3.2
508,2035,150.6625367,-34.024895,3.5,1.1,0.13,3.15,19.7,8.9,-4.37,-6.77,3.34
509,2039,150.662535,-34.024905,3.5,0.3,0.07,3.27,20.6,10,-4.56,-7.06,3.46
510,2043,150.6625333,-34.0249133,3.5,0.3,0.03,3.34,21,9.8,-4.7,-7.21,3.36
511,2047,150.66253,-34.0249217,3.2,0,0.06,3.4,21.4,9.7,-4.83,-7.43,3.28
512,2051,150.6625283,-34.02493,3.1,0,0.01,3.4,21.5,9.8,-4.95,-7.79,3.24
513,2055,150.662525,-34.0249433,3.1,0.1,-0.02,3.5,22.2,10,-5.11,-8.09,3.28
514,2059,150.6625217,-34.0249567,3.3,0.2,0.01,3.6,22.6,10,-5.21,-8.13,3.48
515,2063,150.6625167,-34.0249717,3.7,0.1,-0.05,3.57,22.5,10.2,-5.13,-8.12,3.66
516,2067,150.6625117,-34.02499,4.2,0.6,-0.09,3.45,22.7,10.7,-5.2,-8.3,3.94
517,2071,150.662505,-34.0250117,4,0.7,-0.07,3.51,22.8,11.4,-5.35,-8.52,4.16
518,2075,150.6624983,-34.025035,4.5,1.1,-0.18,3.43,23.7,11.5,-5.58,-9,4.36
519,2079,150.66249,-34.0250617,4.4,1.4,-0.1,3.47,24.3,11.3,-5.73,-9.06,4.52
520,2083,150.6624833,-34.02509,4.7,1.6,-0.16,3.22,23.5,11.3,-5.62,-9.05,4.74
521,2087,150.662475,-34.0251183,5,1.6,-0.21,3.14,23.5,11.8,-5.7,-9.3,4.76
522,2091,150.6624683,-34.0251483,5.1,1.8,-0.22,3.11,23.2,11.2,-5.65,-9.24,4.72
523,2095,150.66246,-34.02518,4.6,1.7,-0.16,2.98,23.1,11.2,-5.56,-9.12,4.64
524,2099,150.6624517,-34.0252117,4.2,1.8,-0.1,3.19,23.7,11.4,-5.65,-9.06,4.48
525,2103,150.6624433,-34.025245,4.3,2.1,0.03,3.15,22.8,11.5,-5.28,-8.39,4.24
526,2107,150.662435,-34.0252767,4.2,2.8,0.1,2.92,21.3,10.7,-4.81,-7.7,4.1
527,2111,150.6624267,-34.02531,3.9,2.9,0.08,2.64,20.1,10,-4.56,-7.42,4.1
528,2115,150.6624183,-34.0253433,3.9,2.4,0.04,2.65,20.1,10.2,-4.57,-7.47,4.12
529,2119,150.6624083,-34.0253783,4.2,3.4,0.04,2.63,20.3,10.3,-4.61,-7.64,4.1
530,2123,150.6623983,-34.0254133,4.4,3.1,0.04,2.82,20.3,10.9,-4.68,-7.58,4.16
531,2127,150.66239,-34.0254483,4.1,3,0.02,2.91,20.3,10.4,-4.72,-7.54,4.1
532,2131,150.6623817,-34.0254833,4.2,2.7,0.06,3.03,20,9.8,-4.63,-7.21,4.1
533,2135,150.6623733,-34.02552,3.6,3.2,0.11,3,19.4,9.8,-4.51,-7.04,4.1
534,2139,150.6623633,-34.025555,4.2,3.7,0.1,2.78,18.8,10,-4.33,-6.97,4.06
535,2143,150.662355,-34.0255917,4.4,3.7,0.04,2.51,18.7,10.2,-4.28,-7.01,3.96
536,2147,150.662345,-34.0256283,3.9,3.4,0.2,2.5,18.5,9.4,-4.17,-6.7,4.06
537,2151,150.6623367,-34.025665,3.7,4,0.28,2.34,17.8,9.8,-3.92,-6.33,3.98
538,2155,150.6623267,-34.0257017,4.1,4.5,0.3,2.15,16.7,9.7,-3.66,-5.93,3.8
539,2159,150.6623167,-34.0257383,3.8,4.8,0.42,2.11,15.7,8.8,-3.44,-5.49,3.78
540,2163,150.6623067,-34.025775,3.5,5.3,0.52,2.06,14.6,8.3,-3.19,-4.87,3.76
541,2167,150.6622967,-34.02581,3.8,6.5,0.54,1.99,13.3,7.9,-3.04,-4.53,3.64
542,2171,150.6622867,-34.025845,3.6,7.1,0.64,2.19,13.3,8.3,-3.03,-4.1,3.5
543,2175,150.6622767,-34.0258783,3.5,6.6,0.62,2.23,12.3,7.2,-2.91,-3.86,3.36
544,2179,150.6622683,-34.0259133,3.1,6.5,0.65,2.4,12.1,7,-2.9,-3.64,3.2
545,2183,150.6622583,-34.0259467,2.8,5.8,0.66,2.38,11.7,7.1,-2.81,-3.59,3.02
546,2187,150.66225,-34.02598,3,5.9,0.6,2.34,11.5,6.9,-2.8,-3.63,2.76
547,2191,150.6622417,-34.026015,2.7,5.5,0.51,2.19,11.2,6.2,-2.74,-3.72,2.46
548,2195,150.6622333,-34.02605,2.2,4.3,0.5,2.14,10.7,5.5,-2.74,-3.79,1.98
549,2199,150.662225,-34.026085,1.6,4.3,0.5,1.97,10.3,5,-2.68,-3.82,1.74
550,2203,150.6622183,-34.02612,0.4,3.4,0.51,2.05,10.6,5.3,-2.7,-3.91,1.54
551,2207,150.66221,-34.026155,1.8,2.7,0.39,2.08,11.7,5.5,-2.87,-4.24,1.36
552,2211,150.6622017,-34.0261867,1.7,3,0.39,2.31,12.8,6.3,-3.07,-4.45,1.26
553,2215,150.662195,-34.0262183,1.3,2.5,0.45,2.53,13.5,6.1,-3.27,-4.52,1.38
554,2219,150.6621867,-34.0262483,1.1,2.3,0.5,2.52,13.8,5.9,-3.39,-4.64,1.16
555,2223,150.66218,-34.0262783,1,1.9,0.53,2.55,14.3,5.2,-3.55,-4.76,0.9
556,2227,150.6621717,-34.0263067,0.7,0.2,0.53,2.58,14.3,5.5,-3.6,-4.76,0.7
557,2231,150.662165,-34.026335,0.4,5,0.51,1.35,14.3,5.5,-3.65,-4.79,0.58
558,2235,150.6621583,-34.0263633,0.3,0.5,0.54,-1.01,14.4,5.4,-3.68,-4.8,0.58
559,2239,150.6621467,-34.0263867,0.5,-8.2,0.51,-7.37,12.3,4.4,-3.58,-4.67,0.52
560,2243,150.6621267,-34.0264017,1,-9.6,0.45,-7.48,16,9.3,-3.15,-4.13,0.5
561,2247,150.6621,-34.026405,0.4,9.7,0.24,-7.95,20.7,20.5,-2.55,-3.8,0.7
562,2251,150.6620783,-34.0263933,0.3,-2.5,0.11,-2.61,15.8,17.2,-2.47,-4.2,0.74
563,2255,150.66207,-34.026375,1.3,-0.3,0.4,2.07,5.5,-0.7,-3.01,-4.91,0.6
564,2259,150.6620733,-34.0263517,0.7,1.1,0.47,2.69,10.8,4.7,-3.31,-4.47,0.62
565,2263,150.6620833,-34.02633,0.3,0.4,0.46,2.78,12.2,6.8,-3.4,-4.76,0.74
566,2267,150.662095,-34.0263117,0.5,-0.3,0.49,1.98,15,9,-3.19,-4.48,0.58
567,2271,150.6621033,-34.02629,0.9,-8.3,0.45,-1.72,9.5,-2.4,-3.21,-5.11,0.6
568,2275,150.6621117,-34.0262667,0.5,15.1,0.5,-7.84,5.3,-10.6,-3.54,-5.06,0.3
569,2279,150.6621183,-34.0262433,0.8,4.4,0.49,-9.72,14.2,6.1,-3.58,-4.61,0.44
570,2283,150.6621267,-34.0262167,-1.2,-1.6,0.2,-4.81,15,4.8,-3.6,-4.69,0.54
571,2287,150.6621333,-34.02619,1.2,-6.7,0.38,0.24,15.1,6.8,-3.63,-4.92,0.8
572,2291,150.6621417,-34.0261617,1.4,1.6,0.39,1.97,15,6.6,-3.61,-4.91,0.96
573,2295,150.6621483,-34.02613,1.8,1.7,0.33,2.35,14,5.8,-3.49,-4.87,1.58
574,2299,150.662155,-34.0260983,1.6,2.8,0.42,2.62,13.7,5.8,-3.34,-4.66,1.72
575,2303,150.6621633,-34.0260667,1.9,2.9,0.42,2.41,12.8,5.7,-3.12,-4.54,1.84
576,2307,150.6621717,-34.0260333,1.9,3.2,0.44,2.14,12,6.3,-2.92,-4.33,1.92
577,2311,150.66218,-34.026,2,3.6,0.42,1.92,11.4,6,-2.8,-4.22,2.06
578,2315,150.6621883,-34.0259667,2.2,4,0.47,2.01,11.6,6.6,-2.81,-4.08,2.2
579,2319,150.6621967,-34.0259333,2.3,4.4,0.47,2.04,11.4,6.6,-2.76,-4.03,2.42
580,2323,150.662205,-34.0258983,2.6,4.5,0.49,2.14,11.3,6.5,-2.79,-3.89,2.66
581,2327,150.6622133,-34.025865,3,4.6,0.54,2.17,11.7,6.1,-2.79,-3.74,2.84
582,2331,150.6622217,-34.0258317,3.2,5.5,0.61,2.28,11.6,6.2,-2.81,-3.59,3.1
583,2335,150.66223,-34.0257967,3.1,5.9,0.65,2.37,12.1,6.5,-2.93,-3.62,3.3
584,2339,150.6622383,-34.0257633,3.6,6.1,0.52,2.28,13.1,7.4,-3,-3.94,3.4
585,2343,150.6622467,-34.0257317,3.6,6.7,0.48,2.11,13.9,8.1,-3.09,-4.31,3.6
586,2347,150.6622533,-34.0256983,3.5,6.6,0.63,2.2,14.8,8.9,-3.17,-4.64,3.8
587,2351,150.6622617,-34.0256667,4.2,6.7,0.61,2.19,15.6,9.6,-3.26,-4.99,3.98
588,2355,150.66227,-34.025635,4.1,6.8,0.58,2.16,16.1,10.4,-3.41,-5.29,4.2
589,2359,150.6622767,-34.0256033,4.5,6.9,0.43,2.17,16.7,9.9,-3.62,-5.81,4.54
590,2363,150.662285,-34.0255717,4.7,6.7,0.39,2.28,17.7,10.7,-3.85,-6.17,5.02
591,2367,150.6622933,-34.02554,5.2,6.6,0.32,2.49,19.7,11.9,-4.11,-6.53,5.54
592,2371,150.6623017,-34.0255083,6.6,7.1,0.25,2.72,20.8,12.9,-4.35,-6.89,5.92
593,2375,150.6623083,-34.0254767,6.7,7.2,0.16,2.85,21.6,13.5,-4.51,-7.21,6.16
594,2379,150.6623167,-34.025445,6.4,6.2,0.18,3.08,21.4,12.8,-4.61,-7.26,6.3
595,2383,150.662325,-34.0254133,5.9,5.6,0.15,3.23,21.1,11.8,-4.7,-7.25,6.24
596,2387,150.6623333,-34.0253817,5.9,5.6,0.1,3.15,20.8,11.7,-4.68,-7.3,6.3
597,2391,150.6623417,-34.0253517,6.3,5.5,0.1,3.17,21.3,12.1,-4.72,-7.34,6.62
598,2395,150.6623483,-34.02532,7,6.1,0.05,3.03,21.6,12.4,-4.71,-7.45,7.06
599,2399,150.6623567,-34.0252883,8,7.2,-0.02,3.11,23,13.8,-4.87,-7.68,7.28
600,2403,150.6623633,-34.0252567,8.1,7.1,-0.01,2.97,22.4,14.5,-4.79,-7.77,7.26
601,2407,150.6623717,-34.0252267,7,5.9,0.03,2.93,22.2,13.3,-4.76,-7.81,6.98
602,2411,150.66238,-34.025195,6.2,5.4,0.03,2.7,21.2,12.1,-4.68,-7.82,6.54
603,2415,150.6623883,-34.0251633,5.6,5.3,0.09,2.72,21.1,11.5,-4.74,-7.83,6.16
604,2419,150.6623967,-34.0251317,5.8,5.1,0.07,2.86,22.2,12.1,-4.98,-7.93,6.14
605,2423,150.6624067,-34.0251017,6.2,4.5,-0.08,3,23.1,12.7,-5.27,-8.46,6.32
606,2427,150.662415,-34.02507,6.9,4.7,-0.32,3.02,23.8,13.1,-5.57,-9.22,6.72
607,2431,150.662425,-34.02504,7.1,4.5,-0.41,3.02,24.4,12.8,-5.74,-9.58,6.96
608,2435,150.6624333,-34.0250083,7.6,4.8,-0.47,2.84,24.1,13.1,-5.74,-9.7,6.94
609,2439,150.6624417,-34.0249767,7,4.5,-0.31,2.91,24.2,13.6,-5.65,-9.43,6.7
610,2443,150.6624483,-34.024945,6.1,3.6,-0.21,3.06,24,13.5,-5.64,-9.4,6.36
611,2447,150.6624567,-34.0249133,5.7,2.4,-0.24,3.41,24.2,12,-5.79,-9.49,5.8
612,2451,150.662465,-34.0248817,5.4,1.9,-0.28,3.34,24.2,11.8,-5.67,-9.31,5.38
613,2455,150.6624733,-34.0248533,4.8,1.1,-0.24,3.29,24.3,12.2,-5.58,-9.14,4.96
614,2459,150.6624833,-34.0248267,4.9,0.9,-0.22,3.52,23.7,10.5,-5.44,-8.65,4.46
615,2463,150.662495,-34.0248017,4,0.9,0.01,3.56,21.6,9.9,-4.77,-7.3,3.96
616,2467,150.66251,-34.0247783,3.2,1.3,0.2,3.12,18.4,8.9,-4.06,-6.26,3.7
617,2471,150.6625167,-34.0247533,2.9,1.2,0.27,2.89,17.4,8.1,-3.89,-6.02,3.74
618,2475,150.6625067,-34.02473,3.5,1.7,0.08,2.88,17.8,8.6,-4.04,-6.47,4.04
619,2479,150.6624833,-34.0247167,5.1,1.8,-0.06,2.98,19.3,9.7,-4.36,-6.99,4.52
620,2483,150.6624567,-34.024715,5.5,1.8,-0.15,3.11,20.4,10.5,-4.6,-7.4,5.12
621,2487,150.6624317,-34.0247267,5.6,2.7,-0.12,3.08,20.2,10.8,-4.56,-7.62,5.38
622,2491,150.6624183,-34.0247467,5.9,3.2,-0.23,2.92,19.9,10.7,-4.54,-7.67,5.42
623,2495,150.662415,-34.0247667,4.8,2.9,-0.05,2.91,19.1,10.1,-4.35,-7.28,5.32
624,2499,150.6624133,-34.0247867,5.3,2.3,-0.17,2.75,18.2,9.9,-4.2,-7.05,4.86
625,2503,150.6624117,-34.0248067,5,2.9,-0.1,2.53,17.8,9.5,-4.05,-6.76,4.32
626,2507,150.662405,-34.0248283,3.3,3.1,0.15,2.5,16.4,9.1,-3.73,-6.22,4.4
627,2511,150.6624,-34.02485,3.2,2.2,0.33,2.74,18.1,9.3,-3.95,-6.13,4.3
628,2515,150.6623933,-34.0248767,5.2,2.6,-0.03,3.32,22.6,11.7,-4.93,-7.58,3.96
629,2519,150.6623867,-34.0249017,4.8,2.5,0.05,3.69,24,12.3,-5.35,-8.06,4.2
630,2523,150.66238,-34.02493,3.3,2.3,0.26,3.74,24.4,11.3,-5.64,-8.18,5
631,2527,150.6623717,-34.0249583,4.5,2.7,0.07,3.86,25.7,12.4,-6.09,-8.92,5.6
632,2531,150.662365,-34.0249883,7.2,4.1,-0.33,3.21,25.4,14,-5.85,-9.66,6.22
633,2535,150.6623567,-34.0250183,8.2,5.1,-0.29,2.77,24,14.1,-5.53,-9.45,7.4
634,2539,150.66235,-34.0250483,7.9,6.8,-0.22,2.73,23.9,14.8,-5.49,-9.28,8.3
635,2543,150.6623417,-34.02508,9.2,7.1,-0.31,2.83,24.3,14.9,-5.49,-9.32,8.54
636,2547,150.662335,-34.0251117,9,7.1,-0.3,2.84,24.7,14.5,-5.45,-9.19,8.68
637,2551,150.6623267,-34.025145,8.4,7,-0.22,2.84,23.3,13.8,-5.19,-8.66,8.92
638,2555,150.6623167,-34.0251767,8.9,7.4,-0.14,2.7,22.7,13.8,-4.84,-8.12,8.8
639,2559,150.6623083,-34.02521,9.1,7.8,-0.04,2.49,22.1,14.3,-4.54,-7.58,8.84
640,2563,150.6623,-34.025245,8.6,8.1,0.01,2.61,21.7,13.9,-4.51,-7.45,8.94
641,2567,150.6622917,-34.0252783,9.2,8.1,-0.08,2.6,21.4,14.3,-4.53,-7.6,8.88
642,2571,150.6622817,-34.0253133,8.9,7.9,-0.14,2.55,21.3,14.2,-4.56,-7.68,8.62
643,2575,150.6622733,-34.0253467,8.6,7.8,-0.09,2.71,21,13.5,-4.56,-7.55,8.4
644,2579,150.6622633,-34.0253833,7.8,7.1,-0.04,2.78,20.8,13.4,-4.47,-7.27,8.12
645,2583,150.662255,-34.0254183,7.5,7,0.03,2.79,20.3,13.3,-4.35,-7.07,7.9
646,2587,150.6622467,-34.0254533,7.8,7.1,0.06,2.89,20.9,13.5,-4.46,-7.06,7.86
647,2591,150.662235,-34.02549,7.8,7.2,0.09,3.01,21.5,13.5,-4.55,-7.11,7.94
648,2595,150.662225,-34.025525,8.4,7.9,0.03,2.93,22,14.6,-4.54,-7.22,7.94
649,2599,150.6622167,-34.0255617,8.2,8.2,0.07,2.69,21,13.9,-4.38,-7.12,7.86
650,2603,150.6622067,-34.0255967,7.5,8.6,0.14,2.53,19.6,12.5,-4.2,-6.75,7.66
651,2607,150.6621983,-34.0256333,7.4,8.2,0.16,2.26,18.8,12.6,-3.9,-6.42,7.16
652,2611,150.66219,-34.0256683,6.8,8.4,0.25,2.1,18.1,12,-3.7,-6.1,6.68
653,2615,150.662185,-34.0256933,5.9,8.1,0.35,2.05,16.9,11.2,-3.51,-5.64,6.24
654,2619,150.66218,-34.02571,5.8,7.9,0.38,2.1,16.7,11,-3.44,-5.4,5.78
655,2623,150.6621767,-34.025725,5.3,7.6,0.43,2.13,16.6,10.5,-3.41,-5.24,5.4
656,2627,150.6621733,-34.0257417,5.1,7.6,0.48,2.19,15.9,10.5,-3.34,-5.05,4.98
657,2631,150.6621683,-34.0257617,4.9,7.2,0.47,2.13,15.2,9.7,-3.25,-4.83,4.36
658,2635,150.6621633,-34.0257783,3.8,6.4,0.54,2.1,13.8,8.1,-3.13,-4.62,4.12
659,2639,150.6621583,-34.0258017,2.7,6.2,0.7,2.26,13.4,7.2,-3.02,-4.16,3.62
660,2643,150.6621533,-34.0258233,4.1,6.4,0.47,2.05,12.4,6.4,-2.98,-4.35,3.06
661,2647,150.6621467,-34.0258483,2.6,6.2,0.67,2.28,12.5,7.1,-2.93,-3.89,2.72
662,2651,150.66214,-34.0258733,2.1,6,0.64,2.3,12.2,7.1,-2.92,-3.86,2.6
663,2655,150.6621333,-34.0259,2.1,4.8,0.62,2.36,11.6,6,-2.86,-3.64,2.26
664,2659,150.6621267,-34.0259267,2.1,5.5,0.64,2.2,11.1,6.2,-2.74,-3.61,2.04
665,2663,150.6621183,-34.025955,2.4,5.2,0.56,2.09,11.1,5.9,-2.73,-3.74,2.06
666,2667,150.6621117,-34.0259817,1.5,3.4,0.5,2.1,10.9,5.3,-2.77,-3.89,2.28
667,2671,150.6621067,-34.02601,2.2,4,0.43,2.13,11.9,6.9,-2.81,-4.01,2.36
668,2675,150.6621,-34.0260383,3.2,5.4,0.41,2.02,12.4,7.6,-2.82,-4.13,2.26
669,2679,150.6620917,-34.026065,2.5,4.2,0.45,2.1,12.5,7.5,-2.86,-4.17,2.28
670,2683,150.662085,-34.0260933,1.9,4.3,0.37,1.94,12.4,6.1,-2.95,-4.45,2.2
671,2687,150.6620767,-34.02612,1.6,2.8,0.39,2.05,12.8,5.8,-3.05,-4.53,1.96
672,2691,150.66207,-34.0261467,1.8,2.9,0.41,2.27,13.5,6.1,-3.24,-4.64,1.8
673,2695,150.6620633,-34.0261717,2,2.6,0.37,2.42,13.8,6.1,-3.37,-4.73,1.7
674,2699,150.6620567,-34.026195,1.7,2.3,0.39,2.57,14.3,6,-3.49,-4.73,1.52
675,2703,150.6620517,-34.0262183,1.4,2,0.43,2.4,14.6,6.2,-3.59,-4.85,1.58
676,2707,150.6620483,-34.02624,0.7,1.3,0.38,2.44,15.1,6.5,-3.7,-4.92,1.58
677,2711,150.66204,-34.0262583,2.1,3.7,0.45,2.54,15.2,6.7,-3.74,-4.91,1.46
678,2715,150.6620217,-34.0262667,2,4.5,0.42,1.66,14.5,6.1,-3.74,-4.96,1.4
679,2719,150.6620033,-34.026265,1.1,4.4,0.54,0.22,13.9,5.6,-3.7,-4.85,1.58
680,2723,150.66199,-34.0262533,1.1,-6.3,0.59,-1.01,12.7,4.5,-3.63,-4.87,1.52
681,2727,150.6619867,-34.0262383,1.6,7.6,0.56,-3.82,13.1,4.4,-3.63,-4.83,1.34
682,2731,150.6619883,-34.0262217,1.8,3.8,0.49,-8.19,13.9,5,-3.69,-4.92,1.22
683,2735,150.6619933,-34.026205,1.1,-9,0.57,-8.57,13.3,3.9,-3.72,-4.89,1.14
684,2739,150.662,-34.0261867,0.5,-2.7,0.59,-5.87,14.1,4.7,-3.76,-4.78,0.86
685,2743,150.662005,-34.02617,0.7,18.2,0.6,-4.34,14,5.3,-3.75,-4.74,0.58
686,2747,150.66201,-34.0261533,0.2,4.5,0.64,-3.72,14.5,5.7,-3.7,-4.68,0.5
687,2751,150.662015,-34.026135,0.4,-7.9,0.58,-1.02,15.2,5.8,-3.7,-4.78,0.26
688,2755,150.6620183,-34.0261133,0.7,1.8,0.54,1.19,14.9,6.5,-3.61,-4.78,0.32
689,2759,150.662025,-34.0260917,-0.7,2.2,0.56,1.75,16,6.5,-3.58,-4.78,0.3
690,2763,150.66203,-34.0260667,1,2.3,0.52,2.14,14.4,7,-3.39,-4.67,0.44
691,2767,150.6620367,-34.0260417,0.1,1.9,0.31,2.28,14.3,6.9,-3.25,-4.6,0.7
692,2771,150.6620433,-34.026015,1.1,2.3,0.44,2.31,13.4,6.5,-3.13,-4.61,1.26
693,2775,150.66205,-34.0259867,2,3.4,0.44,2.19,12.7,6.4,-3.02,-4.4,1.44
694,2779,150.6620567,-34.0259583,2.1,3.6,0.45,2.1,12.5,6.2,-2.91,-4.28,1.92
695,2783,150.6620633,-34.0259283,1.9,3.6,0.53,2.16,12.1,6.5,-2.9,-4.12,2.18
696,2787,150.6620717,-34.0259,2.5,3.6,0.49,2.2,12.5,6.5,-2.91,-4.1,2.22
697,2791,150.6620783,-34.0258717,2.4,4.3,0.51,2.09,11.7,6.3,-2.79,-3.99,2.26
698,2795,150.6620867,-34.025845,2.2,4.5,0.55,2.1,11.4,5.9,-2.76,-3.83,2.3
699,2799,150.662095,-34.0258183,2.3,4.9,0.58,2.18,11.8,6,-2.8,-3.75,2.2
700,2803,150.662105,-34.0257917,2.1,4.7,0.61,2.28,12.2,6.3,-2.88,-3.68,2.14
701,2807,150.6621133,-34.025765,2,4.9,0.67,2.32,12.7,6.8,-2.93,-3.78,2.3
702,2811,150.6621217,-34.0257367,2.1,4.9,0.67,2.31,13,7.5,-2.97,-3.95,2.44
703,2815,150.6621283,-34.02571,3,5.2,0.61,2.3,14,7.6,-3.13,-4.25,2.84
704,2819,150.6621333,-34.0256817,3,6,0.63,2.17,14.4,8.2,-3.09,-4.41,3.4
705,2823,150.66214,-34.0256533,4.1,7.2,0.48,1.98,15.1,9.1,-3.18,-4.82,3.98
706,2827,150.662145,-34.0256233,4.8,6.9,0.39,2.08,16.2,9.9,-3.39,-5.14,4.54
707,2831,150.66215,-34.025595,5,7.6,0.33,2.09,16.4,9.9,-3.53,-5.48,5.24
708,2835,150.6621567,-34.025565,5.8,7.7,0.24,2.02,17.2,11.1,-3.65,-5.8,5.72
709,2839,150.6621633,-34.0255367,6.5,7.5,0.19,2.01,17.7,11.6,-3.75,-6.15,5.9
710,2843,150.66217,-34.0255067,6.5,7.6,0.19,2.18,18.5,11.9,-3.91,-6.39,6.34
711,2847,150.6621767,-34.0254767,5.7,7.5,0.16,2.34,19.2,12.3,-4.02,-6.57,6.84
712,2851,150.6621833,-34.0254467,7.2,8,0.11,2.38,19.4,12.2,-4.1,-6.86,7.22
713,2855,150.6621883,-34.0254167,8.3,8.2,0.07,2.64,20.7,13.2,-4.33,-7.04,7.52
714,2859,150.662195,-34.0253883,8.4,8,0.04,2.9,21.5,13.6,-4.56,-7.18,7.98
715,2863,150.6622017,-34.0253583,8,7.4,0.07,3.09,21.8,13,-4.65,-7.12,8.06
716,2867,150.6622083,-34.0253283,8,6.8,0.07,3.12,21.8,13.3,-4.61,-7.09,8.02
717,2871,150.662215,-34.0252983,7.6,7,0.07,3.02,21.9,13.7,-4.6,-7.27,8.02
718,2875,150.6622217,-34.0252683,8.1,6.9,0.01,3.08,21.9,13.6,-4.7,-7.41,8.2
719,2879,150.66223,-34.0252383,8.4,7.1,0.03,2.98,21.7,13.5,-4.61,-7.41,8.5
720,2883,150.6622367,-34.0252083,8.9,7.5,0.02,3,22.8,14.8,-4.68,-7.39,8.94
721,2887,150.6622433,-34.0251783,9.5,8.5,0,3.08,23.2,15.2,-4.81,-7.64,9.12
722,2891,150.6622517,-34.0251483,9.8,8.9,0,3.02,22.9,15.1,-4.71,-7.57,9.1
723,2895,150.66226,-34.0251183,9,8.8,-0.02,2.75,22.4,15,-4.55,-7.45,9
724,2899,150.6622683,-34.0250867,8.3,8.7,0.01,2.75,22,14.6,-4.55,-7.47,8.92
725,2903,150.6622767,-34.0250567,8.4,8.4,-0.04,2.69,22.6,14.6,-4.7,-7.7,8.7
726,2907,150.662285,-34.0250267,9.1,8.2,-0.12,2.86,23.3,14.3,-5.04,-8.14,8.68
727,2911,150.6622917,-34.024995,8.7,8,-0.27,2.98,23.7,14.2,-5.38,-8.78,8.62
728,2915,150.6623,-34.024965,8.9,7.3,-0.35,3.04,24.9,14.7,-5.68,-9.35,8.58
729,2919,150.6623083,-34.0249333,8,7.1,-0.19,2.9,24.3,14.4,-5.56,-9.14,8.26
730,2923,150.6623167,-34.0249017,8.2,6.2,-0.26,2.97,25.1,14.8,-5.68,-9.25,8.06
731,2927,150.662325,-34.0248717,7.5,5.5,-0.23,3.33,25.2,13.6,-5.81,-9.15,7.8
732,2931,150.6623333,-34.0248417,7.7,4.8,-0.18,3.46,24.9,13.6,-5.6,-8.69,7.48
733,2935,150.6623417,-34.0248133,7.6,4.5,-0.05,3.45,23.6,13.5,-5.09,-7.79,6.92
734,2939,150.66235,-34.0247867,6.4,4.9,0.12,3.35,22.2,12.2,-4.72,-7.08,5.98
735,2943,150.6623617,-34.0247633,5.4,4.2,0.21,3.03,19.6,11,-4.27,-6.58,5.28
736,2947,150.6623667,-34.0247417,2.8,3.4,0.49,2.75,16.3,9.2,-3.68,-5.75,4.78
737,2951,150.66236,-34.02472,4.2,3.8,0.13,2.48,16.9,9.3,-3.87,-6.25,4.56
738,2955,150.6623417,-34.0247067,5.1,3.7,-0.01,2.63,18.4,9.8,-4.18,-6.8,4.36
739,2959,150.6623167,-34.0247033,5.3,3.9,0.01,2.79,18.9,10.2,-4.22,-6.92,4.86
740,2963,150.6622933,-34.0247117,4.4,4.5,-0.02,2.71,18.1,10.5,-4.15,-7.01,5.08
741,2967,150.6622767,-34.0247283,5.3,4.5,0.01,2.7,18.7,10.7,-4.23,-7.1,4.96
742,2971,150.66227,-34.02475,5.3,4.1,-0.01,2.74,18.6,10.2,-4.29,-7.14,4.56
743,2975,150.6622667,-34.0247733,4.5,3.9,0.11,2.76,18.5,10.3,-4.21,-6.74,4.22
744,2979,150.662265,-34.0247983,3.3,3.9,0.1,2.7,17.9,9.7,-4.15,-6.66,4.18
745,2983,150.66226,-34.024825,2.7,3.4,0.21,2.95,18.7,9.7,-4.35,-6.72,3.72
746,2987,150.662255,-34.0248517,5.1,3.5,0.05,3.27,21.9,11.1,-4.9,-7.38,3.54
747,2991,150.6622483,-34.0248783,3,3.3,0.04,3.62,23.1,11.2,-5.24,-7.68,3.86
748,2995,150.66224,-34.0249067,3.6,3.5,-0.1,3.44,23.8,11.8,-5.38,-8.26,4.68
749,2999,150.662235,-34.0249367,4.9,4,-0.17,3.26,24.3,12.3,-5.47,-8.7,5.08
750,3003,150.6622283,-34.024965,6.8,5,-0.3,3.25,24.7,13.3,-5.73,-9.2,5.88
751,3007,150.66222,-34.024995,7.1,5.5,-0.37,3.11,24.3,12.7,-5.77,-9.39,6.62
752,3011,150.6622133,-34.025025,7,5.5,-0.27,3.08,24,12.5,-5.77,-9.21,7.08
753,3015,150.6622067,-34.025055,7.3,5.6,-0.23,3.4,24.5,12.3,-5.84,-8.97,7.2
754,3019,150.6621983,-34.025085,7.2,6.3,-0.12,3.31,23.7,12.6,-5.45,-8.41,7.3
755,3023,150.6621883,-34.025115,7.4,6.5,-0.13,3.11,22.8,12.7,-5.16,-8.08,7.36
756,3027,150.66218,-34.0251467,7.6,7.1,-0.1,3.02,22.5,12.4,-4.97,-7.7,7.3
757,3031,150.6621717,-34.0251783,7.3,6.9,-0.04,3.04,22,12.6,-4.89,-7.6,7.26
758,3035,150.6621633,-34.02521,7,6.8,-0.03,3.16,22.2,12.3,-4.93,-7.64,7
759,3039,150.662155,-34.0252417,7,6.7,0.04,3.14,21.5,12,-4.73,-7.26,6.06
760,3043,150.6621467,-34.025275,6.1,6.4,0.07,3.12,21.8,12.1,-4.74,-7.3,5.7
761,3047,150.6621383,-34.0253067,2.9,4.6,0.15,3.34,22.2,10.8,-4.84,-7.23,5.52
762,3051,150.66213,-34.02534,5.5,5.2,0.14,3.49,22,11.9,-4.93,-7.32,5.2
763,3055,150.66212,-34.0253717,6.1,5.2,0.1,3.4,22.2,11.9,-4.91,-7.35,5.1
764,3059,150.6621117,-34.025405,5.4,5.8,0.09,3.26,21.6,12,-4.85,-7.46,5.74
765,3063,150.662105,-34.0254383,5.6,6,0.15,3.11,20.8,11.6,-4.63,-7.24,5.78
766,3067,150.6620967,-34.0254733,6.1,6.7,0.1,2.74,20.1,11.9,-4.41,-7.08,5.72
767,3071,150.6620883,-34.025505,5.7,6.4,0.05,2.5,20.1,11.5,-4.38,-7.2,5.64
768,3075,150.6620817,-34.0255383,5.8,6.9,0.16,2.3,19,11.5,-4.08,-6.79,5.54
769,3079,150.6620733,-34.02557,5,7.1,0.24,2.11,17.5,10.6,-3.75,-6.27,4.58
770,3083,150.6620667,-34.0256033,5.1,7.2,0.31,1.95,16,9.5,-3.5,-5.8,4.28
771,3087,150.6620583,-34.025635,1.3,6.1,0.45,2,14.9,9.4,-3.32,-5.29,3.9
772,3091,150.66205,-34.0256683,4.2,7,0.41,1.91,15.3,8.9,-3.3,-5.13,3.52
773,3095,150.6620433,-34.0257,3.9,6.5,0.46,2.09,14.6,8.3,-3.23,-4.76,3.08
774,3099,150.6620367,-34.0257317,3.1,6,0.61,2.15,14,7.7,-3.11,-4.4,3.52
775,3103,150.66203,-34.0257633,2.9,5.6,0.62,2.21,13,6.3,-2.96,-3.95,3.14
776,3107,150.6620217,-34.0257933,3.5,6,0.65,2.43,14.5,6.8,-2.98,-3.66,2.76
777,3111,150.6620133,-34.0258233,2.3,5.7,0.61,2.37,12.1,6.4,-2.83,-3.65,2.66
778,3115,150.662005,-34.0258533,2,5.3,0.64,2.21,11.8,5.9,-2.78,-3.61,2.48
779,3119,150.6619967,-34.0258833,2.6,5.5,0.56,2.32,12.7,6.7,-2.91,-3.79,2.2
780,3123,150.6619883,-34.0259133,2,4.9,0.54,2.2,12,6.1,-2.86,-3.88,2.04
781,3127,150.6619817,-34.0259433,2.1,4.4,0.5,2.02,11.9,6,-2.82,-3.94,1.92
782,3131,150.6619733,-34.0259733,1.5,3.1,0.44,1.99,11.9,6,-2.83,-4.05,1.36
783,3135,150.6619667,-34.026005,1.4,3,0.41,1.98,11.8,5.7,-2.86,-4.19,1.14
784,3139,150.66196,-34.026035,-0.2,2.4,0.41,2.08,12.4,5.7,-2.95,-4.29,1.1
785,3143,150.6619533,-34.026065,0.9,2.2,0.33,2.17,13,5.3,-3.06,-4.43,1.02
786,3147,150.6619467,-34.026095,1.9,2.5,0.31,2.3,13.9,6.8,-3.23,-4.64,1.04
787,3151,150.6619383,-34.026125,1.1,1.8,0.3,2.23,13.8,5.4,-3.42,-4.85,1.4
788,3155,150.6619317,-34.026155,1.5,0.5,0.29,2.01,14,5.7,-3.54,-4.96,1.54
789,3159,150.661925,-34.0261833,1.6,0.5,0.34,2.1,14.1,5.6,-3.64,-4.96,1.22
790,3163,150.6619167,-34.0262117,1.6,5.8,0.39,0.97,14.5,6.1,-3.64,-5.02,1.06
791,3167,150.66191,-34.0262383,0.3,1.2,0.46,-0.9,12.1,4.7,-3.71,-4.81,0.8
792,3171,150.661905,-34.026265,0.3,-6.3,0.47,-0.93,13.5,6.6,-3.56,-4.5,0.48
793,3175,150.6618983,-34.0262917,0.2,0.2,0.55,1.78,15.7,9.2,-3.34,-4.64,0.26
794,3179,150.661895,-34.0263183,0,1.4,0.56,2.69,9.4,-0.8,-3.09,-4.4,0.26
795,3183,150.6618967,-34.026345,0.5,1.1,0.52,2.56,5,-2.3,-3.01,-3.82,0.42
796,3187,150.6619017,-34.0263683,0.3,1.3,0.51,1.8,8.5,0.3,-3.08,-4.15,0.54
797,3191,150.6619117,-34.026385,1.1,-0.7,0.53,0.19,10.5,0,-3.21,-4.33,0.82
798,3195,150.6619217,-34.026395,0.8,-1.2,0.5,-0.83,10.3,3.5,-3.21,-4.16,0.9
799,3199,150.661925,-34.0264,1.4,4.6,0.45,-2.5,10.9,5.5,-3.27,-4.32,1.06
800,3203,150.6619267,-34.0264017,0.9,3.7,0.45,-3.26,11.6,6.2,-3.3,-4.37,0.94
801,3207,150.6619267,-34.0264017,1.1,-3.2,0.47,-4.55,11.4,6.1,-3.31,-4.38,0.94
802,3211,150.6619267,-34.0264017,0.5,-6.8,0.48,-3.93,10.9,5.2,-3.3,-4.34,0.7
803,3215,150.6619267,-34.0264017,0.8,1.9,0.47,-4.62,11.5,6.5,-3.32,-4.52,0.72
804,3219,150.6619267,-34.0264017,0.2,3.4,0.48,-5.67,10.2,3.5,-3.31,-4.49,0.78
805,3223,150.6619267,-34.0264017,1,-2.3,0.48,-5.82,11,5.1,-3.3,-4.42,0.9
806,3227,150.6619267,-34.0264017,1.4,0.2,0.47,-5.14,10.8,4.6,-3.3,-4.33,0.88
807,3231,150.6619267,-34.0264017,1.1,2,0.48,-4.69,10.7,5,-3.3,-4.32,0.96
808,3235,150.6619267,-34.0264017,0.7,-4.8,0.48,-3.54,11.1,5,-3.31,-4.39,0.92
809,3239,150.6619267,-34.0264017,0.6,-2.8,0.49,-2.21,10.9,5.4,-3.31,-4.43,0.86
810,3243,150.6619267,-34.0264017,0.8,2.6,0.48,-2.03,11,5,-3.32,-4.43,0.86
811,3247,150.6619267,-34.0264017,1.1,1,0.48,-2.12,10.5,4,-3.31,-4.41,1
812,3251,150.6619267,-34.0264017,1.1,-3.7,0.48,-2.74,10.5,4.3,-3.3,-4.33,1.1
813,3255,150.6619267,-34.0264017,1.4,-3.8,0.48,-2.18,10.9,5.1,-3.3,-4.3,1.2
