,Lon,Lat,1m HCP con,2m HCP con,1m HCP in,2m HCP in,1m PRP con,2m PRP con,1m PPR in,2m PPR in
0,150.6638,-34.0222017,3.3,5.9,0.32,0.8,3.5,3.8,-0.72,-1.84
1,150.6638,-34.0222017,3,5.9,0.33,0.75,3.6,3.9,-0.72,-1.83
2,150.6638,-34.0222017,3.7,5.8,0.32,0.8,3.6,3.5,-0.73,-1.84
3,150.6638,-34.0222017,3.4,6,0.32,0.77,3.7,3.6,-0.72,-1.83
4,150.6638,-34.0222017,3.4,6,0.32,0.79,3.6,3.9,-0.72,-1.84
5,150.6638,-34.0222017,3.6,6,0.32,0.77,3.4,3.6,-0.72,-1.87
6,150.6638,-34.0222017,3.7,6.4,0.33,0.77,3.6,4,-0.73,-1.84
7,150.6638,-34.0222017,3.7,6.2,0.32,0.76,3.6,4.1,-0.73,-1.85
8,150.6638,-34.0222017,3.4,5.9,0.32,0.77,3.7,4.2,-0.72,-1.83
9,150.6638,-34.0222017,3.5,6.3,0.32,0.77,3.8,4,-0.72,-1.86
10,150.6638,-34.0222017,3.5,6.3,0.32,0.77,3.6,4,-0.72,-1.83
11,150.6638,-34.0222017,3.4,6.1,0.32,0.76,3.6,4.1,-0.72,-1.86
12,150.6638,-34.0222017,3.1,6.1,0.32,0.76,3.7,3.7,-0.72,-1.84
13,150.6638,-34.0222017,2.9,5.9,0.32,0.77,3.6,3.8,-0.73,-1.86
14,150.6638,-34.0222017,3.3,5.8,0.32,0.77,3.6,3.8,-0.72,-1.85
15,150.6638,-34.0222017,3,6.1,0.32,0.75,3.7,3.8,-0.73,-1.84
16,150.6638,-34.0222017,2.9,6.1,0.32,0.79,3.8,4,-0.73,-1.86
17,150.6638,-34.0222017,3.2,5.8,0.32,0.75,3.8,3.9,-0.73,-1.85
18,150.6638,-34.0222017,3.5,6,0.32,0.78,3.8,3.7,-0.72,-1.84
19,150.6638,-34.0222017,3.5,5.9,0.32,0.78,3.8,3.8,-0.73,-1.85
20,150.6638,-34.0222017,3.4,6.1,0.32,0.76,3.6,3.7,-0.73,-1.85
21,150.6638,-34.0222017,3.7,6.1,0.32,0.76,3.9,3.9,-0.73,-1.86
22,150.6638,-34.0222017,3.2,5.8,0.32,0.76,3.6,3.8,-0.72,-1.84
23,150.6638,-34.0222017,3.9,5.9,0.32,0.79,3.6,3.6,-0.73,-1.82
24,150.6638,-34.0222017,3.6,5.8,0.32,0.74,3.7,4,-0.73,-1.88
25,150.6638,-34.0222017,3.7,5.8,0.31,0.78,3.6,3.7,-0.73,-1.83
26,150.6638,-34.0222017,3.6,6.2,0.32,0.79,3.4,3.7,-0.72,-1.82
27,150.6638,-34.0222017,3.5,6,0.31,0.76,3.8,4.1,-0.72,-1.84
28,150.6638,-34.0222017,3.6,5.9,0.31,0.77,3.5,4,-0.72,-1.82
29,150.6638,-34.0222017,3.6,6.1,0.31,0.77,3.6,3.7,-0.72,-1.85
30,150.6638,-34.0222017,3.4,6.1,0.31,0.79,3.6,3.7,-0.73,-1.85
31,150.6638,-34.0222017,3.1,6.1,0.31,0.8,3.5,3.8,-0.72,-1.85
32,150.6638,-34.0222017,3.3,6.3,0.31,0.79,3.7,3.8,-0.72,-1.82
33,150.6638,-34.0222017,3.2,6.3,0.32,0.77,3.7,4.1,-0.72,-1.82
34,150.6638,-34.0222017,3.1,6.4,0.31,0.78,3.6,4,-0.73,-1.85
35,150.6638,-34.0222017,2.9,6.2,0.31,0.79,3.8,4.1,-0.73,-1.85
36,150.6638,-34.0222017,3.2,6.2,0.32,0.8,3.7,4,-0.73,-1.87
37,150.6638,-34.0222017,3.4,5.5,0.32,0.78,3.7,3.9,-0.73,-1.86
38,150.6638,-34.0222017,3.5,5.9,0.32,0.75,3.4,3.8,-0.72,-1.81
39,150.6638,-34.0222017,3.4,6.2,0.32,0.75,3.6,3.7,-0.72,-1.86
40,150.6638,-34.0222017,3.6,5.6,0.31,0.76,3.5,3.9,-0.72,-1.82
41,150.6638,-34.0222017,3.5,6.4,0.32,0.76,3.6,4,-0.72,-1.83
42,150.6638,-34.0222017,3.6,6,0.32,0.77,3.8,3.7,-0.72,-1.83
43,150.6637983,-34.0222,3.7,6,0.32,0.79,3.6,4,-0.71,-1.82
44,150.6637883,-34.0221983,3.8,5.8,0.31,0.77,3.8,3.9,-0.7,-1.82
45,150.6637717,-34.022195,3.8,5.4,0.3,0.8,3.5,3.8,-0.69,-1.8
46,150.6637567,-34.02219,3.7,6.1,0.33,0.79,3.7,4,-0.67,-1.74
47,150.66374,-34.022185,3.8,6.2,0.31,0.78,3.7,3.8,-0.68,-1.77
48,150.6637233,-34.02218,3.8,6.1,0.3,0.78,3.7,4,-0.69,-1.82
49,150.6637067,-34.022175,4,5.8,0.31,0.78,3.6,4.2,-0.67,-1.83
50,150.66369,-34.02217,3.8,5.9,0.33,0.8,3.6,4.2,-0.65,-1.78
51,150.66367,-34.0221667,3.7,5.9,0.33,0.76,3.8,3.7,-0.63,-1.76
52,150.6636517,-34.0221633,3.7,6.2,0.31,0.76,3.7,4.5,-0.63,-1.77
53,150.6636333,-34.0221583,3.9,6,0.29,0.75,3.6,4.3,-0.62,-1.76
54,150.6636133,-34.022155,3.7,6.6,0.28,0.73,3.3,4.3,-0.61,-1.77
55,150.663595,-34.02215,3.4,6.6,0.28,0.68,3.8,4.7,-0.57,-1.68
56,150.663575,-34.0221467,3.9,6.5,0.27,0.66,3.2,4,-0.56,-1.7
57,150.6635583,-34.0221433,3.7,6.3,0.26,0.66,3.1,4.3,-0.53,-1.67
58,150.6635417,-34.02214,4,6.4,0.26,0.68,2.9,3.8,-0.55,-1.7
59,150.6635233,-34.0221367,4.3,6.4,0.28,0.69,2.9,3.6,-0.57,-1.73
60,150.6635067,-34.0221333,3.9,6.1,0.27,0.69,3.4,4.1,-0.56,-1.71
61,150.6634883,-34.0221283,3.9,6.4,0.27,0.69,2.9,4.2,-0.54,-1.66
62,150.66347,-34.022125,3.7,6.6,0.28,0.74,2.8,3.6,-0.53,-1.64
63,150.66345,-34.0221217,4.2,6.6,0.29,0.67,2.9,3.7,-0.52,-1.62
64,150.6634317,-34.0221183,3.7,6.6,0.27,0.7,2.8,3.7,-0.52,-1.62
65,150.6634117,-34.022115,4.2,6.6,0.26,0.66,3.1,3.9,-0.52,-1.6
66,150.6633917,-34.02211,3.9,6.5,0.27,0.68,3.9,4.3,-0.53,-1.65
67,150.6633717,-34.022105,4.8,6,0.28,0.72,4,4.8,-0.52,-1.61
68,150.6633517,-34.0221,4.4,6.5,0.27,0.71,3.3,3.9,-0.52,-1.63
69,150.6633317,-34.022095,3.7,6.6,0.29,0.71,3,4,-0.51,-1.61
70,150.6633117,-34.0220917,3.9,6.6,0.29,0.68,3.3,4.1,-0.52,-1.63
71,150.66329,-34.0220883,4,6.4,0.27,0.68,3.7,4.4,-0.52,-1.64
72,150.66327,-34.022085,4.2,6.6,0.28,0.71,3.9,4.5,-0.51,-1.6
73,150.6632467,-34.0220833,4.4,6.6,0.28,0.71,3.8,4.8,-0.49,-1.58
74,150.6632267,-34.0220817,4.3,6.5,0.29,0.66,3.9,4.2,-0.49,-1.58
75,150.663205,-34.02208,4.8,6.8,0.28,0.63,4.3,4.8,-0.51,-1.63
76,150.6631833,-34.0220767,4.5,6.7,0.29,0.68,3.9,4.6,-0.5,-1.6
77,150.66316,-34.0220733,4.4,6.3,0.28,0.66,3.9,4.3,-0.5,-1.6
78,150.6631383,-34.02207,4.7,6.4,0.29,0.66,3.5,4.6,-0.5,-1.67
79,150.6631167,-34.0220667,4.4,6.9,0.28,0.66,3.6,4.2,-0.5,-1.64
80,150.663095,-34.0220633,4.4,7.2,0.27,0.58,3.4,4.4,-0.5,-1.66
81,150.6630733,-34.02206,4.5,7,0.26,0.66,3.6,4.6,-0.52,-1.69
82,150.6630517,-34.022055,4.6,6.8,0.26,0.59,3.9,4.9,-0.52,-1.73
83,150.6630283,-34.0220517,5,7.1,0.24,0.6,3.6,4.5,-0.51,-1.7
84,150.6630067,-34.0220483,4.9,7.2,0.25,0.6,3.4,4.6,-0.49,-1.67
85,150.6629883,-34.0220433,5.1,7.6,0.24,0.58,3.2,4.4,-0.51,-1.73
86,150.6629767,-34.0220333,5,7.4,0.24,0.61,3.6,4.8,-0.51,-1.74
87,150.6629717,-34.0220217,5.2,7.8,0.25,0.65,4,5.5,-0.51,-1.75
88,150.6629733,-34.02201,5.2,8.4,0.27,0.65,3.6,5,-0.5,-1.81
89,150.6629817,-34.022,5.7,8.5,0.28,0.7,3.3,4.8,-0.47,-1.68
90,150.662995,-34.0219933,5.8,8.7,0.3,0.79,3.3,4.8,-0.47,-1.7
91,150.6630117,-34.0219933,6.2,9.1,0.32,0.85,3.5,4.8,-0.47,-1.66
92,150.6630283,-34.021995,6.2,9.7,0.31,0.88,3.4,4.9,-0.5,-1.72
93,150.6630433,-34.022,5.8,8.7,0.28,0.82,3.5,4.5,-0.5,-1.75
94,150.6630617,-34.022005,5.6,8.4,0.26,0.66,3.7,5.3,-0.5,-1.72
95,150.6630783,-34.0220083,5.8,8.2,0.24,0.6,3.9,5.5,-0.49,-1.74
96,150.6630983,-34.0220133,5.3,8.1,0.23,0.58,3.8,5.3,-0.49,-1.72
97,150.6631183,-34.0220167,5,8,0.25,0.55,3.6,5.4,-0.48,-1.71
98,150.6631383,-34.0220217,4.9,7.5,0.25,0.6,3.4,4.6,-0.49,-1.73
99,150.6631583,-34.022025,5.2,7.6,0.25,0.63,3.9,4.6,-0.5,-1.74
100,150.6631783,-34.0220317,4.6,6.9,0.27,0.59,3.7,4.7,-0.47,-1.66
101,150.6632,-34.0220367,4.5,6.9,0.27,0.6,3.6,4.5,-0.47,-1.62
102,150.6632217,-34.0220417,-1.3,5.9,0.38,0.66,2.6,3.5,-0.45,-1.58
103,150.6632433,-34.0220467,4.5,6.3,0.27,0.64,3.6,4.6,-0.47,-1.63
104,150.663265,-34.02205,4.3,6.9,0.26,0.65,3.3,4.4,-0.47,-1.61
105,150.6632883,-34.022055,4.4,6.4,0.26,0.62,3.6,4.3,-0.46,-1.55
106,150.66331,-34.02206,4.1,6.7,0.25,0.64,3.3,4.7,-0.47,-1.54
107,150.663335,-34.022065,4.5,6.6,0.25,0.64,3.5,4,-0.48,-1.56
108,150.6633583,-34.0220683,4,6.9,0.25,0.64,3.3,4.2,-0.48,-1.6
109,150.6633833,-34.0220733,4.4,6.9,0.25,0.67,3.5,4.7,-0.48,-1.63
110,150.6634083,-34.0220783,4.6,6.6,0.26,0.66,3.6,4.4,-0.48,-1.63
111,150.6634333,-34.0220833,4.2,6.2,0.26,0.67,3.5,4.6,-0.49,-1.63
112,150.66346,-34.0220883,4.2,6,0.26,0.64,3.2,4.4,-0.49,-1.57
113,150.663485,-34.0220933,4.3,6.6,0.27,0.67,3.4,4.6,-0.48,-1.58
114,150.6635117,-34.0221,4.6,5.8,0.27,0.63,3.9,4.7,-0.48,-1.56
115,150.6635367,-34.022105,4.1,6.4,0.27,0.69,3.2,4.3,-0.48,-1.6
116,150.6635633,-34.0221117,3.9,6.7,0.26,0.66,2.8,3.6,-0.51,-1.62
117,150.66359,-34.0221167,4,6,0.27,0.68,2.9,3.5,-0.52,-1.61
118,150.6636167,-34.0221233,3.8,6.3,0.27,0.69,2.9,3.9,-0.53,-1.65
119,150.6636433,-34.0221283,4.2,6.4,0.27,0.7,3.1,3.8,-0.55,-1.71
120,150.66367,-34.0221333,3.8,5.7,0.29,0.71,3,3.9,-0.54,-1.7
121,150.663695,-34.0221383,3.4,6.4,0.29,0.68,3,3.5,-0.54,-1.69
122,150.6637217,-34.022145,3.6,6.1,0.29,0.7,3,3.9,-0.56,-1.72
123,150.663745,-34.02215,3.3,5.9,0.31,0.72,3.1,3.9,-0.57,-1.72
124,150.663765,-34.0221583,3.4,5.8,0.31,0.73,3.2,3.5,-0.59,-1.75
125,150.663785,-34.0221633,3.5,5.6,0.31,0.77,3.2,3.4,-0.63,-1.78
126,150.6638017,-34.0221633,3.5,6.2,0.31,0.78,2.9,3.1,-0.64,-1.79
127,150.6638167,-34.0221583,3.3,6.3,0.28,0.77,3.2,3.6,-0.64,-1.73
128,150.6638267,-34.0221483,3.6,6,0.31,0.82,3.4,3.7,-0.65,-1.77
129,150.66383,-34.0221367,3.6,5.5,0.32,0.9,4.4,3.4,-0.69,-1.79
130,150.6638283,-34.0221233,4.3,5,0.28,0.95,3.9,2.9,-0.66,-1.74
131,150.66382,-34.0221133,4.1,6.7,0.32,0.93,3.1,3.9,-0.63,-1.76
132,150.6638067,-34.022105,4.2,6.6,0.33,0.93,3.2,3.5,-0.6,-1.68
133,150.66379,-34.0221,3.8,6.8,0.35,0.91,2.6,3.4,-0.56,-1.67
134,150.6637733,-34.0220967,3.7,6.6,0.32,0.83,2.5,3.1,-0.54,-1.63
135,150.6637567,-34.0220933,3.4,6.4,0.31,0.74,2.6,3.4,-0.53,-1.65
136,150.6637383,-34.02209,3.5,5.9,0.28,0.73,2.5,3.4,-0.53,-1.64
137,150.6637183,-34.022085,3.3,5.4,0.27,0.71,2.7,3.8,-0.55,-1.66
138,150.6637,-34.0220817,3.3,5.9,0.27,0.68,2.9,3.5,-0.55,-1.67
139,150.6636783,-34.0220783,3.4,6.2,0.27,0.66,2.6,3.2,-0.54,-1.69
140,150.6636583,-34.0220733,3.6,5.8,0.27,0.68,3.1,3.9,-0.56,-1.69
141,150.6636367,-34.0220683,1.4,5.5,0.28,0.71,3.1,3.7,-0.56,-1.65
142,150.6636133,-34.022065,3.3,6,0.28,0.67,2.8,3.9,-0.52,-1.64
143,150.66359,-34.02206,3.1,5.8,0.28,0.67,3,4,-0.51,-1.63
144,150.6635667,-34.022055,3.4,6,0.28,0.66,2.8,3.9,-0.51,-1.67
145,150.6635433,-34.02205,3.4,6.1,0.26,0.66,3,4.2,-0.52,-1.7
146,150.6635183,-34.0220467,3.5,5.9,0.27,0.66,2.8,4,-0.49,-1.65
147,150.6634933,-34.0220417,3.3,5.8,0.27,0.65,2.8,3.9,-0.48,-1.62
148,150.6634667,-34.0220367,3.3,5.7,0.28,0.64,2.5,4,-0.46,-1.56
149,150.6634417,-34.02203,3.7,5.6,0.28,0.62,2.9,3.7,-0.46,-1.57
150,150.663415,-34.022025,3.9,6.3,0.27,0.63,3.2,4,-0.47,-1.59
151,150.66339,-34.02202,4.3,6.2,0.26,0.61,3.5,4.3,-0.46,-1.55
152,150.663365,-34.0220133,4.2,6.3,0.27,0.63,2.9,4,-0.46,-1.57
153,150.66334,-34.0220083,3.9,6.2,0.27,0.63,3,4,-0.47,-1.61
154,150.663315,-34.0220033,4.5,5.9,0.26,0.65,3.3,4.3,-0.47,-1.6
155,150.6632883,-34.0219983,4.7,6,0.26,0.64,3.2,4.1,-0.46,-1.61
156,150.6632633,-34.0219917,4.2,6.4,0.25,0.63,3.3,4.1,-0.45,-1.56
157,150.6632383,-34.0219867,4.4,6.4,0.25,0.62,3.3,4,-0.46,-1.6
158,150.6632117,-34.0219817,5,6.3,0.25,0.61,3.4,4.1,-0.46,-1.58
159,150.6631867,-34.021975,4.3,6.3,0.25,0.61,3.3,4,-0.46,-1.59
160,150.6631617,-34.02197,4.6,6.4,0.26,0.61,3.3,4.2,-0.46,-1.6
161,150.6631367,-34.021965,4.1,6.3,0.25,0.61,3.3,4.5,-0.46,-1.6
162,150.6631117,-34.02196,4.2,6.4,0.25,0.6,3.4,4.3,-0.46,-1.61
163,150.6630867,-34.021955,4.4,6.8,0.26,0.61,3.4,4.5,-0.46,-1.6
164,150.6630633,-34.02195,4,7,0.26,0.6,3.5,4.7,-0.46,-1.59
165,150.6630433,-34.02195,4.7,7.6,0.26,0.61,3.7,4.9,-0.47,-1.63
166,150.6630267,-34.021945,5,6.9,0.25,0.62,3.4,4.4,-0.48,-1.66
167,150.6630183,-34.021935,5,7.4,0.24,0.65,3.7,4.8,-0.49,-1.71
168,150.663015,-34.021925,5.5,7.7,0.25,0.69,3.5,4.9,-0.48,-1.7
169,150.6630167,-34.0219133,5.2,7.7,0.26,0.69,3.6,5.2,-0.48,-1.67
170,150.663025,-34.0219033,5.6,8.1,0.28,0.72,3.4,4.6,-0.47,-1.64
171,150.6630367,-34.0218967,5.4,8.3,0.29,0.79,3.1,4.6,-0.46,-1.61
172,150.6630533,-34.0218967,5.6,8.4,0.32,0.85,2.9,4.3,-0.45,-1.56
173,150.66307,-34.0219017,5.6,8.5,0.33,0.91,2.6,4,-0.44,-1.55
174,150.663085,-34.0219083,5.5,8.2,0.33,0.88,2.4,3.5,-0.45,-1.56
175,150.6631,-34.0219133,4.7,7.1,0.29,0.79,2.6,3.6,-0.45,-1.55
176,150.6631183,-34.02192,4.3,6.9,0.27,0.67,2.4,3.6,-0.44,-1.59
177,150.6631367,-34.021925,3.7,6.7,0.26,0.61,2.4,3.6,-0.45,-1.57
178,150.6631567,-34.02193,3.6,6.5,0.26,0.61,2.8,3.8,-0.44,-1.56
179,150.6631767,-34.0219333,3.6,6.4,0.27,0.62,2.9,3.9,-0.43,-1.53
180,150.6631983,-34.0219383,3.9,6.4,0.27,0.62,3.2,4.1,-0.43,-1.53
181,150.6632217,-34.0219433,3.6,6.4,0.27,0.6,3,4.1,-0.43,-1.5
182,150.663245,-34.0219483,3.9,6.2,0.27,0.63,3,4.1,-0.43,-1.53
183,150.6632683,-34.0219533,3.5,6.1,0.27,0.65,3.2,3.4,-0.44,-1.55
184,150.6632933,-34.0219583,3.6,6.2,0.28,0.62,2.7,3.4,-0.43,-1.52
185,150.6633183,-34.0219633,3.6,5.7,0.28,0.62,2.8,3.7,-0.43,-1.48
186,150.663345,-34.0219683,3.6,5.5,0.28,0.59,3.1,3.6,-0.44,-1.57
187,150.66337,-34.0219733,3.6,6,0.29,0.61,2.8,3.3,-0.43,-1.51
188,150.6633967,-34.0219783,3.5,5.8,0.29,0.66,3,3.3,-0.43,-1.5
189,150.6634233,-34.0219833,3.5,5.3,0.28,0.62,2.9,3.4,-0.43,-1.52
190,150.6634483,-34.0219883,3.7,5.6,0.28,0.62,3,3.7,-0.44,-1.55
191,150.663475,-34.021995,3.4,5.2,0.28,0.61,2.7,3.6,-0.45,-1.55
192,150.6635017,-34.0220017,3.5,5.6,0.26,0.61,2.6,3.4,-0.44,-1.53
193,150.6635283,-34.0220083,3.3,5.1,0.27,0.63,3.2,3.7,-0.44,-1.55
194,150.663555,-34.0220133,3.7,5,0.26,0.63,3.1,3.8,-0.47,-1.56
195,150.66358,-34.0220183,3.3,5.4,0.25,0.64,2.5,3.2,-0.47,-1.59
196,150.6636033,-34.0220233,3.3,5.4,0.25,0.59,2.6,3.4,-0.47,-1.59
197,150.6636283,-34.0220283,2.9,6,0.25,0.62,2.5,3.4,-0.47,-1.62
198,150.6636533,-34.0220333,3.1,5.6,0.26,0.64,2.2,3.3,-0.47,-1.57
199,150.6636767,-34.0220383,2.7,5.6,0.26,0.63,2.5,3.4,-0.48,-1.62
200,150.6637,-34.0220433,3,5.6,0.25,0.65,2.5,3.2,-0.49,-1.62
201,150.6637217,-34.0220483,3.1,5.7,0.26,0.65,2.6,3.6,-0.48,-1.56
202,150.6637433,-34.0220517,3.2,5.8,0.26,0.69,2.2,3.1,-0.48,-1.61
203,150.663765,-34.022055,2.8,5.9,0.26,0.68,2.2,2.9,-0.5,-1.63
204,150.663785,-34.0220583,2.8,5.5,0.25,0.65,2.4,3,-0.5,-1.65
205,150.663805,-34.0220617,3.2,5.9,0.26,0.67,2.2,2.8,-0.49,-1.59
206,150.6638217,-34.022065,3.3,5.6,0.26,0.65,2.3,3,-0.49,-1.6
207,150.663825,-34.022065,3.3,5.5,0.27,0.64,2.5,3,-0.5,-1.59
208,150.663825,-34.022065,3.1,5.7,0.28,0.65,2.7,3.1,-0.5,-1.6
209,150.663825,-34.022065,3.6,5.3,0.28,0.69,2.6,3,-0.51,-1.61
210,150.663825,-34.022065,3.5,5.7,0.27,0.65,2.7,3.7,-0.5,-1.66
211,150.663825,-34.022065,3.3,5.4,0.27,0.66,2.5,3.6,-0.5,-1.6
212,150.663825,-34.022065,3.1,5.5,0.27,0.67,2.6,3.3,-0.5,-1.62
213,150.663825,-34.022065,3.3,5.4,0.27,0.68,2.7,3.2,-0.5,-1.64
214,150.663825,-34.022065,2.9,5.2,0.27,0.66,2.7,3.2,-0.5,-1.61
215,150.663825,-34.022065,3.2,5.3,0.27,0.68,2.6,3.4,-0.5,-1.63
216,150.663825,-34.022065,2.8,5.3,0.27,0.65,2.5,3.5,-0.5,-1.61
217,150.663825,-34.022065,3,5.3,0.27,0.66,2.6,3.6,-0.49,-1.59
218,150.663825,-34.022065,3.1,5.7,0.27,0.66,2.6,3.7,-0.5,-1.61
219,150.663825,-34.022065,2.8,5.5,0.27,0.66,2.8,3.4,-0.49,-1.62
220,150.663825,-34.022065,2.9,5.8,0.28,0.64,2.6,3.2,-0.5,-1.61
221,150.663825,-34.022065,2.7,5.6,0.27,0.66,2.5,3.7,-0.5,-1.58
222,150.663825,-34.022065,3,5.8,0.28,0.67,2.8,3.4,-0.5,-1.61
223,150.663825,-34.022065,3.2,5.7,0.27,0.66,2.6,3.2,-0.5,-1.62
224,150.663825,-34.022065,3.5,5.7,0.28,0.66,2.6,3.4,-0.49,-1.58
225,150.663825,-34.022065,3.3,5.3,0.28,0.65,2.7,3.3,-0.49,-1.6
226,150.663825,-34.022065,3.3,5.8,0.27,0.65,2.4,3.5,-0.5,-1.6
227,150.663825,-34.022065,3.3,5.8,0.27,0.63,2.6,3.3,-0.49,-1.59
228,150.663825,-34.022065,3.4,5.1,0.28,0.66,2.6,3.4,-0.49,-1.59
229,150.663825,-34.022065,3.3,5.7,0.27,0.68,2.6,3.6,-0.49,-1.6
230,150.663825,-34.022065,3.3,5.7,0.27,0.66,2.7,3.3,-0.49,-1.62
231,150.663825,-34.022065,3.3,5.5,0.27,0.66,2.8,3.4,-0.49,-1.6
232,150.663825,-34.022065,3.2,5.5,0.26,0.65,1.9,2.2,-0.5,-1.63
233,150.663825,-34.022065,3.4,5.5,0.27,0.63,2.5,3.1,-0.49,-1.59
234,150.663825,-34.022065,3.1,5.2,0.27,0.66,2.6,3.1,-0.49,-1.6
235,150.663825,-34.022065,2.7,5.7,0.26,0.67,2.5,2.9,-0.49,-1.62
236,150.663825,-34.022065,3.2,5.2,0.27,0.65,2.6,3.2,-0.49,-1.6
237,150.663825,-34.022065,2.8,5.4,0.27,0.66,2.6,3.5,-0.49,-1.58
238,150.663825,-34.022065,3,5.4,0.27,0.66,3.1,4.5,-0.49,-1.58
239,150.663825,-34.022065,3.3,5.5,0.27,0.66,2.5,3.2,-0.49,-1.56
240,150.663825,-34.022065,3.3,5.5,0.27,0.66,2.7,3.3,-0.49,-1.57
241,150.663825,-34.022065,3.3,5.7,0.27,0.67,2.6,3.7,-0.49,-1.58
242,150.663825,-34.022065,3.4,5.5,0.27,0.67,2.6,3.3,-0.49,-1.58
243,150.663825,-34.022065,3.3,5.5,0.27,0.68,2.5,3.3,-0.49,-1.6
244,150.663825,-34.022065,3.4,5.1,0.27,0.66,2.6,3.2,-0.49,-1.6
245,150.6638317,-34.0220667,3.5,5.2,0.27,0.67,2.6,3.1,-0.48,-1.58
246,150.663845,-34.02207,3.3,5.6,0.28,0.65,2.5,3,-0.48,-1.6
247,150.6638567,-34.0220767,3.3,5.6,0.28,0.69,2.7,3.1,-0.47,-1.55
248,150.6638683,-34.0220833,3.5,5.6,0.28,0.72,2.7,3.4,-0.48,-1.63
249,150.66388,-34.0220933,3.4,5.6,0.27,0.74,2.4,3.1,-0.48,-1.66
250,150.6638917,-34.0221033,3.6,5.8,0.27,0.63,2.3,3.2,-0.48,-1.65
251,150.6639,-34.0221133,3.5,5.9,0.24,0.58,2.6,3.6,-0.47,-1.57
252,150.6639067,-34.022125,3.1,5.9,0.25,0.6,2.7,3.4,-0.46,-1.52
253,150.6639083,-34.0221383,3,5.4,0.27,0.65,2.6,3.5,-0.46,-1.49
254,150.6639067,-34.0221533,2.6,6.2,0.3,0.7,2.5,3.2,-0.47,-1.49
255,150.6639017,-34.0221683,3.4,6.3,0.28,0.7,3,3.6,-0.5,-1.6
256,150.6638967,-34.022185,3.5,5.7,0.24,0.69,3.9,4,-0.57,-1.71
257,150.6638917,-34.0222067,3.7,5.3,0.24,0.69,4,4,-0.62,-1.74
258,150.6638867,-34.0222283,3.8,5.4,0.25,0.72,3.9,4.4,-0.65,-1.82
259,150.6638817,-34.0222533,3.5,5.8,0.35,0.83,4.4,4,-0.71,-1.76
260,150.663875,-34.0222817,3.6,5.7,0.36,0.83,4,4.1,-0.72,-1.77
261,150.6638683,-34.02231,3.8,5.9,0.74,1.25,5.1,4.7,-1.08,-1.83
262,150.66386,-34.0223417,4.7,6.2,0.66,1.46,4.6,4.6,-1,-1.85
263,150.6638517,-34.0223733,5,7,0.36,0.99,4.7,4.3,-0.84,-2.09
264,150.6638433,-34.02241,4.9,7.7,0.37,1,5.3,5.3,-0.92,-2.12
265,150.6638333,-34.0224467,5.5,8.7,0.31,1.02,6,5.5,-1.04,-2.2
266,150.6638217,-34.0224867,5.6,9,0.35,1.09,5.6,4.8,-1.06,-2.16
267,150.6638117,-34.0225283,5.6,10.3,0.34,1.09,5.3,5.3,-1.05,-2.18
268,150.6638,-34.02257,6.7,11.8,0.37,1.2,5.7,5.4,-1.09,-2.14
269,150.6637883,-34.022615,6.5,13.2,0.46,1.35,6,4.4,-1.07,-1.94
270,150.6637783,-34.0226583,6.5,14.4,0.51,1.39,5.5,4,-1.08,-1.89
271,150.6637667,-34.0227033,7.1,14.8,0.53,1.55,5.4,3.1,-1.11,-1.91
272,150.6637567,-34.0227483,7.5,16,0.55,1.39,4.5,2.9,-0.95,-1.76
273,150.663745,-34.0227917,8.2,15.9,0.48,1.27,4.6,2.8,-0.92,-1.79
274,150.663735,-34.0228383,7.3,15.3,0.47,1.26,4.6,3.4,-0.92,-1.7
275,150.663725,-34.0228817,6.7,14.8,0.51,1.26,3.9,2.9,-0.89,-1.6
276,150.6637183,-34.0229183,6.1,14.4,0.59,1.31,4,3,-0.87,-1.61
277,150.6637117,-34.02295,6.2,13.8,0.62,1.37,5,3.9,-0.95,-1.71
278,150.663705,-34.0229767,5.8,12.3,0.73,1.51,5.9,4.3,-1.05,-1.78
279,150.6636967,-34.0230033,5.4,11.6,0.82,1.66,7.1,5.5,-1.13,-1.88
280,150.6636933,-34.0230317,6.1,11.4,0.7,1.84,8.1,5.5,-1.37,-2.01
281,150.6636867,-34.0230617,6.1,9.1,0.48,1.72,8.9,5.8,-1.49,-2.22
282,150.66368,-34.02309,5.5,6.2,0.56,1.8,11.6,8,-1.63,-2.35
283,150.6636733,-34.02312,3.2,5.8,0.69,2.13,10.6,6.7,-1.8,-2.38
284,150.6636633,-34.0231517,2.2,4.5,0.79,2.39,11.4,6.4,-1.99,-2.54
285,150.6636533,-34.023185,2.4,4.2,0.82,2.68,13.1,6.7,-2.32,-2.77
286,150.6636417,-34.0232217,2.4,4.3,0.72,2.82,13.4,6.7,-2.52,-3.06
287,150.6636317,-34.02326,3.7,4.6,0.61,3.09,15.8,8,-2.89,-3.51
288,150.6636217,-34.0233,5.8,5.7,0.42,3.2,17.9,10.2,-3.17,-4.13
289,150.66361,-34.02334,6.5,7.5,0.45,3.29,18.8,10.9,-3.4,-4.5
290,150.6636,-34.0233833,6.5,5.5,0.36,3.52,21.5,12.3,-3.9,-5.34
291,150.6635883,-34.023425,6.5,5.2,0.31,3.73,23,12.3,-4.29,-5.93
292,150.663575,-34.0234667,7.8,6,0.15,3.63,24.3,13,-4.56,-6.65
293,150.6635617,-34.0235083,7.5,6.1,0.21,3.81,24.7,13.7,-4.71,-6.78
294,150.66355,-34.0235517,7.7,6.1,0.07,3.6,24.8,13.7,-4.66,-6.76
295,150.6635367,-34.0235933,7.7,5.8,-0.04,3.21,23,12.9,-4.37,-6.68
296,150.6635233,-34.0236367,8.1,5.8,-0.21,2.68,21.3,12.5,-4.02,-6.91
297,150.6635083,-34.0236783,8.8,6.5,-0.29,2.23,20,12.9,-3.77,-7.17
298,150.663495,-34.02372,9.9,7.8,-0.33,1.79,19.1,14,-3.57,-7.29
299,150.6634817,-34.0237633,10.9,8.3,-0.34,1.81,20.5,14.9,-3.71,-7.61
300,150.66347,-34.023805,11.6,8.5,-0.42,1.84,21.1,15.6,-3.82,-8
301,150.66346,-34.0238467,12,8.7,-0.42,1.91,21.9,16,-3.9,-7.98
302,150.66345,-34.02389,11.7,8.3,-0.34,1.85,20.7,15,-3.66,-7.51
303,150.66344,-34.0239333,9.1,7.8,-0.16,1.79,18.9,13.8,-3.44,-6.93
304,150.6634283,-34.0239783,8.3,6.8,-0.08,1.72,16.8,12,-3.2,-6.34
305,150.6634183,-34.0240233,8.1,6.5,-0.1,1.86,17,11.5,-3.24,-6.29
306,150.6634083,-34.0240667,7.4,6.1,-0.09,1.79,17.3,11.4,-3.23,-6.35
307,150.6633983,-34.0241117,7.9,6.1,-0.17,1.9,18.1,12.2,-3.43,-6.75
308,150.6633867,-34.024155,9.3,7.1,-0.3,1.7,19,13.2,-3.41,-7.04
309,150.6633767,-34.0242,-71.6,-67.5,-2.27,-8.94,195.4,5.6,5.31,-6.76
310,150.663365,-34.024245,10.1,8.4,-0.48,1.61,19.6,15,-3.69,-7.65
311,150.6633533,-34.0242917,10.4,7.7,-0.44,1.72,20.5,14.1,-3.82,-7.94
312,150.66334,-34.0243367,11.6,9.3,-0.66,1.67,21.6,15.4,-4.03,-8.53
313,150.6633283,-34.0243817,11.9,9.2,-0.69,1.5,21,15.5,-3.95,-8.55
314,150.6633167,-34.0244283,11.8,9.5,-0.61,1.44,20,15,-3.8,-8.42
315,150.663305,-34.024475,10.7,9.3,-0.54,1.42,19.5,14.2,-3.77,-8.17
316,150.6632917,-34.0245217,10.9,9.1,-0.57,1.68,20.9,14.6,-4.08,-8.35
317,150.6632817,-34.0245667,10.3,8.3,-0.42,2.01,21.8,14.6,-4.25,-8.29
318,150.6632683,-34.0246133,9.4,6.9,-0.33,2.68,24.9,15,-4.88,-8.82
319,150.6632567,-34.0246567,8.1,6.7,-0.22,2.99,24.8,14.6,-5.12,-8.93
320,150.663245,-34.0247,9.1,7.5,-0.2,3.05,25.7,15.1,-5.23,-8.91
321,150.6632333,-34.02474,9.6,7.7,-0.23,3.13,26.1,15.2,-5.34,-8.8
322,150.6632233,-34.02478,8.1,7.3,0,3.52,25.7,14.5,-5.33,-8.35
323,150.663215,-34.0248183,7.2,6.3,0.18,4.01,26.1,14.1,-5.39,-7.96
324,150.6632083,-34.024855,5.9,5.1,0.24,3.97,24.3,12.7,-5.07,-7.39
325,150.6632,-34.0248883,5.6,4.1,0.15,3.68,23,11.6,-4.82,-7.12
326,150.6631917,-34.0249233,5.9,4.2,0.15,3.62,23.7,12,-4.87,-7.37
327,150.6631817,-34.0249583,6,4.4,0.11,3.76,24.7,12.5,-5.15,-7.86
328,150.6631717,-34.024995,6.4,4.6,0.09,3.79,26,14,-5.48,-8.57
329,150.6631633,-34.0250317,7.5,5.1,-0.05,3.74,26.8,14.4,-5.67,-8.96
330,150.6631533,-34.02507,8.1,5.8,-0.25,3.56,26.2,13.9,-5.61,-8.97
331,150.6631417,-34.0251083,7.5,6.5,-0.08,3.12,22.7,13,-4.79,-7.93
332,150.66313,-34.0251483,5.7,8.2,0.27,2.38,17.9,11,-3.66,-6.22
333,150.66312,-34.0251883,5.6,9.9,0.53,2.06,15.9,11.1,-3.04,-5.16
334,150.66311,-34.02523,7.2,12.1,0.47,1.62,14.3,11.8,-2.62,-4.72
335,150.6631017,-34.0252717,7.8,12.8,0.51,1.54,14.3,12.4,-2.54,-4.59
336,150.6630917,-34.025315,7.5,12.3,0.48,1.74,15,12.1,-2.78,-4.7
337,150.6630783,-34.0253567,6.8,10.9,0.42,1.86,14.4,10.6,-2.89,-4.84
338,150.663065,-34.0254,7.2,11.4,0.46,1.53,13.4,10.6,-2.52,-4.55
339,150.6630517,-34.0254433,6.8,12.7,0.51,1.3,12.4,10.6,-2.27,-4.25
340,150.6630417,-34.0254867,7.3,11.8,0.4,1.49,14,11.1,-2.69,-4.83
341,150.6630317,-34.02553,8.6,10.1,0.12,2.02,18.1,12.4,-3.61,-6.3
342,150.6630217,-34.0255717,7.8,8.9,0.21,2.46,19.3,12.3,-3.96,-6.35
343,150.6630117,-34.0256133,7.4,8.5,0.3,2.8,19.8,11.7,-4.06,-6.13
344,150.6630033,-34.0256517,6.8,8.7,0.43,2.8,19.1,11.4,-3.8,-5.59
345,150.6629967,-34.0256867,6.1,9.1,0.57,2.61,17.9,11.5,-3.46,-5.05
346,150.6629883,-34.02572,5.5,9.2,0.65,2.59,16.6,10.9,-3.21,-4.55
347,150.6629817,-34.025745,5.5,9.6,0.66,2.46,15.7,10.2,-2.99,-4.05
348,150.6629783,-34.0257617,5.6,9.6,0.58,2.31,14.9,9.3,-2.86,-3.8
349,150.6629767,-34.0257683,5.1,10.1,0.6,2.28,14,8.8,-2.72,-3.62
350,150.6629767,-34.0257683,4.8,10.1,0.64,2.21,13.4,8.3,-2.6,-3.44
351,150.6629767,-34.0257683,5.1,9.8,0.64,2.21,13.4,8.4,-2.59,-3.44
352,150.662975,-34.02577,5.3,10.2,0.64,2.18,13.4,8.7,-2.59,-3.48
353,150.6629733,-34.0257817,5.2,9.9,0.63,2.13,13,8.3,-2.54,-3.41
354,150.66297,-34.025795,5.1,9.8,0.61,2.01,12.6,8.1,-2.43,-3.34
355,150.662965,-34.0258133,5.2,10.2,0.63,1.91,12.3,8.3,-2.38,-3.26
356,150.66296,-34.0258333,4.5,9.3,0.72,1.98,12.1,8.1,-2.31,-3.07
357,150.6629533,-34.0258583,4.8,9.5,0.63,1.98,11.6,7.7,-2.28,-3.17
358,150.6629467,-34.0258867,5.3,9,0.6,1.91,11.5,7.8,-2.22,-3.14
359,150.66294,-34.0259167,5,9.4,0.57,1.85,11.2,7.5,-2.16,-3.05
360,150.6629317,-34.02595,5.4,8.7,0.52,1.83,11.2,7.2,-2.15,-3.05
361,150.6629217,-34.025985,5.9,8.9,0.39,1.65,11.1,7.2,-2.13,-3.27
362,150.6629133,-34.02602,5.7,8.4,0.36,1.7,11.7,8,-2.24,-3.45
363,150.662905,-34.0260583,4.9,7.9,0.46,2.01,12.1,7.4,-2.39,-3.39
364,150.662895,-34.026095,4.2,6.5,0.46,2.12,11.8,7,-2.41,-3.33
365,150.6628867,-34.0261333,4.3,6.9,0.37,2.09,11.8,7.4,-2.41,-3.43
366,150.6628767,-34.0261717,3.3,6.2,0.34,1.9,11,6.7,-2.28,-3.33
367,150.6628667,-34.02621,4.2,6.1,0.34,1.94,11.1,6.8,-2.25,-3.29
368,150.6628583,-34.02625,4.6,6.2,0.36,1.91,11.3,6.8,-2.22,-3.33
369,150.66285,-34.0262883,4.7,6.6,0.32,1.82,10.9,7.1,-2.16,-3.34
370,150.6628417,-34.0263267,5,6.2,0.25,1.66,11.1,6.9,-2.24,-3.61
371,150.6628333,-34.0263617,5.6,6.1,0.15,1.71,12.1,8,-2.4,-3.91
372,150.6628283,-34.0263933,6.5,6.6,0.05,1.65,12,8,-2.42,-4.03
373,150.6628217,-34.0264217,6.4,6.4,0.02,1.74,12.2,7.9,-2.58,-4.26
374,150.6628167,-34.0264433,6,6,0.01,1.78,12.3,7.8,-2.59,-4.36
375,150.66281,-34.026465,6.1,6.1,0.05,1.75,12.4,7.9,-2.63,-4.37
376,150.6628033,-34.0264867,5.6,5.7,0.03,1.78,12,7.4,-2.65,-4.38
377,150.6627967,-34.0265083,5.6,5.2,0,1.75,11.9,7.2,-2.63,-4.43
378,150.6627917,-34.02653,5.6,5,-0.03,1.73,12.1,7,-2.66,-4.49
379,150.6627867,-34.0265517,4.7,4.6,0.05,1.77,11.7,6.7,-2.62,-4.33
380,150.6627783,-34.0265717,4.7,4.1,0.03,1.85,11.5,6.3,-2.65,-4.3
381,150.6627633,-34.026585,1.7,3.7,0.14,1.91,10.3,5.7,-2.55,-4.12
382,150.6627433,-34.02659,4,4.1,0.12,1.93,11,6,-2.6,-4.18
383,150.662725,-34.0265833,3.8,4.3,0.26,2.09,11.3,6,-2.67,-4.08
384,150.662715,-34.02657,4.5,4.7,0.23,2.2,11.5,5.6,-2.71,-4.1
385,150.6627133,-34.0265533,4.5,4.6,0.17,2.28,11.8,5.8,-2.79,-4.23
386,150.6627167,-34.0265367,4.1,4,0.23,2.29,12.1,5.9,-2.77,-4.18
387,150.6627217,-34.0265183,3.4,4.1,0.31,2.32,12.2,6,-2.83,-4.12
388,150.6627267,-34.0264983,3.4,3.5,0.33,2.37,13.3,6.4,-2.93,-4.13
389,150.6627317,-34.0264783,3.3,3.7,0.32,2.36,13.1,6.6,-2.9,-4.17
390,150.6627367,-34.0264583,3.5,3.9,0.25,2.2,12.6,6.8,-2.86,-4.27
391,150.6627417,-34.0264367,3.4,4,0.27,2.16,12.7,7.1,-2.83,-4.24
392,150.6627467,-34.0264133,4.6,4.4,0.18,2.13,13.4,7.7,-2.88,-4.38
393,150.6627533,-34.0263917,3.9,4.5,0.24,2.15,13.1,7.2,-2.86,-4.35
394,150.6627583,-34.02637,4.2,4.5,0.32,2.23,13.4,7.1,-2.87,-4.3
395,150.6627633,-34.0263483,4,4.9,0.37,2.21,13.1,7.4,-2.82,-4.15
396,150.6627683,-34.0263267,4,4.8,0.33,2.13,12.3,7,-2.68,-3.99
397,150.662775,-34.0263067,4.4,5.2,0.26,2.05,12,6.9,-2.62,-3.99
398,150.66278,-34.026285,4.4,5.2,0.26,2.03,11.7,7.1,-2.56,-3.93
399,150.6627867,-34.0262617,4,5.2,0.28,1.89,11.2,7,-2.42,-3.8
400,150.6627917,-34.02624,4.2,5.8,0.28,1.85,10.9,7,-2.31,-3.6
401,150.6627967,-34.0262183,4.1,5.2,0.29,1.83,10.8,6.4,-2.27,-3.52
402,150.6628033,-34.0261967,4,5.1,0.31,1.87,10.7,6.3,-2.26,-3.42
403,150.6628083,-34.026175,3.8,5.8,0.33,1.9,10.7,6.1,-2.24,-3.33
404,150.6628133,-34.0261517,3.9,5.3,0.33,1.95,10.4,6.1,-2.23,-3.25
405,150.6628183,-34.0261283,4.1,5.6,0.34,1.95,10.3,6,-2.23,-3.26
406,150.662825,-34.0261067,3.9,5.5,0.35,1.96,10.5,6.1,-2.23,-3.21
407,150.6628317,-34.0260833,4.3,5.9,0.36,1.97,10.8,6.6,-2.28,-3.25
408,150.6628383,-34.0260617,4.7,6.5,0.37,2.1,11.8,7,-2.43,-3.35
409,150.662845,-34.0260383,4.6,6.5,0.42,2.14,11.8,6.8,-2.41,-3.26
410,150.66285,-34.0260167,4.9,6.5,0.42,2.17,11.9,7.2,-2.44,-3.29
411,150.6628583,-34.025995,4.6,6.7,0.45,2.23,12.3,7.4,-2.5,-3.33
412,150.662865,-34.025975,4.7,6.8,0.43,2.27,12.6,7.3,-2.57,-3.38
413,150.6628683,-34.025955,4.7,6.6,0.46,2.31,12.6,7.4,-2.56,-3.39
414,150.6628633,-34.0259367,4.7,6.8,0.48,2.22,12.3,7.3,-2.49,-3.36
415,150.66285,-34.0259233,4.6,7.3,0.49,2.19,12.1,7.8,-2.5,-3.37
416,150.66283,-34.0259183,5.2,7.4,0.43,2.18,12.1,7.4,-2.48,-3.42
417,150.66281,-34.02592,4.7,7.6,0.53,2.2,11.9,7.4,-2.43,-3.33
418,150.6627933,-34.02593,5.1,8,0.55,2.16,12.2,7.3,-2.44,-3.3
419,150.662785,-34.025945,5.6,8.6,0.43,2.1,12.2,7.8,-2.45,-3.41
420,150.66278,-34.0259633,4.8,7.9,0.48,2.1,12.9,7.5,-2.42,-3.35
421,150.6627767,-34.0259817,5.2,7.3,0.44,2.12,12.4,7.4,-2.46,-3.41
422,150.6627733,-34.026,5.1,7.3,0.41,2.14,12.5,7.9,-2.5,-3.45
423,150.66277,-34.0260183,4.9,7,0.42,2.19,12.5,7.7,-2.47,-3.41
424,150.6627667,-34.0260367,4.2,6.8,0.45,2.16,12.6,7.5,-2.42,-3.28
425,150.6627633,-34.026055,4.5,6.8,0.45,2.16,12.3,7.5,-2.43,-3.3
426,150.6627617,-34.026075,4.6,6.8,0.44,2.2,12.3,7.4,-2.43,-3.29
427,150.66276,-34.0260933,4.3,6.7,0.46,2.21,11.9,7.1,-2.41,-3.22
428,150.6627567,-34.0261133,4.5,6.5,0.42,2.23,11.7,6.7,-2.4,-3.26
429,150.6627517,-34.0261317,4.2,6.4,0.43,2.16,11.5,6.7,-2.41,-3.3
430,150.6627483,-34.0261517,4.2,5.8,0.43,2.26,11.3,6.6,-2.42,-3.19
431,150.6627433,-34.0261717,4.4,6.1,0.39,2.16,10.8,6.3,-2.32,-3.2
432,150.66274,-34.0261917,4.2,5.5,0.35,2,10.3,5.8,-2.22,-3.16
433,150.6627367,-34.0262117,4.1,5.4,0.34,1.96,9.9,5.8,-2.16,-3.16
434,150.6627333,-34.0262317,3.6,5.5,0.35,1.88,9.7,5.7,-2.15,-3.12
435,150.66273,-34.0262517,3.8,5.3,0.36,1.91,9.9,5.7,-2.17,-3.12
436,150.6627267,-34.0262733,3.2,5.4,0.35,1.95,10.2,6,-2.2,-3.2
437,150.6627233,-34.0262933,3.4,5.1,0.38,1.98,10.2,5.8,-2.22,-3.21
438,150.6627183,-34.026315,3.4,5.7,0.35,1.94,10.5,6.2,-2.25,-3.28
439,150.6627133,-34.026335,4,5.3,0.28,1.86,10.8,6.5,-2.29,-3.46
440,150.6627083,-34.0263567,3.5,4.9,0.27,1.95,11.1,6.1,-2.42,-3.62
441,150.662705,-34.0263783,3.6,4.7,0.32,2.01,11.4,6.1,-2.46,-3.66
442,150.6627,-34.0264,3.8,5.1,0.34,2.1,11.8,6.8,-2.56,-3.77
443,150.662695,-34.02642,4,4.4,0.31,2.1,12,6.5,-2.62,-3.85
444,150.66269,-34.0264417,4,4.4,0.29,2.13,12.2,6.6,-2.73,-4.05
445,150.662685,-34.0264633,3.8,4.3,0.29,2.18,12.8,6.9,-2.87,-4.21
446,150.66268,-34.0264833,3.7,3.8,0.24,2.22,12.3,6.2,-2.88,-4.23
447,150.6626767,-34.0265033,4,4.4,0.15,2.13,12.6,6.9,-2.88,-4.3
448,150.6626717,-34.0265233,3.8,3.8,0.21,2.13,12.2,6.7,-2.84,-4.24
449,150.6626667,-34.0265417,3.5,3.7,0.24,2.26,13,6.6,-2.96,-4.24
450,150.662655,-34.026555,3,3.6,0.32,2.39,12.8,6.3,-2.93,-4.14
451,150.6626367,-34.0265583,3.2,3.9,0.27,2.38,12.9,6.3,-2.95,-4.17
452,150.6626217,-34.0265533,3,3.5,0.4,2.49,12.5,5.9,-2.9,-3.99
453,150.6626117,-34.02654,3.1,4,0.47,2.66,11.9,5.6,-2.89,-4.02
454,150.6626117,-34.0265267,3.5,4.6,0.46,2.72,11.4,4.7,-2.84,-3.89
455,150.6626167,-34.0265117,3.1,4.6,0.48,2.81,11.2,4.9,-2.87,-3.92
456,150.6626217,-34.0264967,2.7,4.1,0.42,2.7,11.7,4.9,-2.89,-3.95
457,150.6626283,-34.02648,2.4,3.4,0.43,2.57,12.2,5.4,-2.91,-3.98
458,150.6626333,-34.026465,2.4,3,0.34,2.41,12.2,6,-2.89,-4.03
459,150.66264,-34.0264483,2.7,3.6,0.35,2.34,12.3,5.7,-2.82,-4.03
460,150.6626467,-34.0264317,2.8,3.3,0.35,2.31,12.7,6.3,-2.88,-4.05
461,150.6626517,-34.026415,2.3,3.4,0.28,2.25,12.3,6,-2.85,-4.04
462,150.6626583,-34.0263967,3.7,3.8,0.14,2.15,12.5,6.3,-2.89,-4.31
463,150.662665,-34.0263767,3.4,4,0.33,2.29,12.8,6.3,-2.91,-4.15
464,150.6626717,-34.0263567,4,4.1,0.28,2.31,13.4,7.1,-2.92,-4.21
465,150.6626783,-34.0263367,3.8,4.4,0.31,2.23,13,6.8,-2.8,-4.03
466,150.662685,-34.0263167,4,4.7,0.33,2.18,12.5,7.1,-2.69,-3.89
467,150.6626917,-34.0262967,4.3,4.6,0.33,2.15,12.1,6.8,-2.55,-3.7
468,150.6626967,-34.026275,4.1,4.9,0.3,2.01,11.2,6.8,-2.41,-3.56
469,150.6627017,-34.0262533,3.8,5,0.31,1.93,10.6,6.4,-2.28,-3.41
470,150.6627083,-34.0262317,3.5,5.1,0.27,1.89,10,6,-2.21,-3.3
471,150.6627133,-34.0262083,4,5.1,0.31,1.9,10.1,6.1,-2.19,-3.26
472,150.6627183,-34.0261867,3.6,5.1,0.35,1.94,10,5.7,-2.19,-3.17
473,150.6627233,-34.0261633,3.4,5.1,0.32,1.95,9.9,5.5,-2.18,-3.17
474,150.6627267,-34.02614,3.8,5.3,0.36,1.95,9.8,5.8,-2.15,-3.06
475,150.6627333,-34.0261167,4.1,5.6,0.33,1.86,9.7,6,-2.1,-3.06
476,150.6627383,-34.0260933,3.6,5.4,0.36,1.89,10.1,6,-2.11,-3.04
477,150.6627433,-34.0260683,4,5.8,0.35,1.97,10.5,6.1,-2.22,-3.11
478,150.66275,-34.026045,3.9,5.8,0.39,2.12,11.4,6.3,-2.35,-3.16
479,150.6627567,-34.0260217,4.6,6.3,0.38,2.13,11.8,7,-2.32,-3.19
480,150.6627617,-34.026,4.6,6.9,0.37,2.05,11.9,7,-2.35,-3.25
481,150.6627683,-34.0259783,4.5,7.1,0.4,2.1,12.1,7.4,-2.39,-3.21
482,150.662775,-34.0259583,4.6,6.4,0.4,2.13,12.2,7.3,-2.4,-3.27
483,150.6627767,-34.02594,5.2,6.8,0.38,2.09,12.4,7.4,-2.41,-3.32
484,150.6627683,-34.0259233,5.3,6.6,0.42,2.12,12.4,7.7,-2.45,-3.38
485,150.6627517,-34.025915,5.1,7.2,0.41,2.22,12.8,7.4,-2.5,-3.4
486,150.6627317,-34.025915,5.1,7,0.41,2.29,12.3,7.3,-2.48,-3.41
487,150.662715,-34.025925,4.8,7.2,0.49,2.29,12.2,7,-2.45,-3.36
488,150.6627017,-34.0259383,5,7.6,0.55,2.32,11.9,7.1,-2.4,-3.34
489,150.6626967,-34.0259533,5.3,7.3,0.48,2.32,12.2,7.1,-2.46,-3.34
490,150.6626933,-34.0259717,4.4,7.1,0.42,2.18,12.1,7.5,-2.43,-3.39
491,150.66269,-34.0259883,4.8,7.2,0.42,2.1,12.2,7.7,-2.39,-3.29
492,150.6626867,-34.0260067,4.9,7.6,0.4,2.07,12.3,7.6,-2.37,-3.27
493,150.6626833,-34.026025,4.5,6.6,0.37,2.08,12.5,7.2,-2.42,-3.37
494,150.66268,-34.0260433,4.4,6.5,0.38,2.13,12.3,7.3,-2.42,-3.36
495,150.662675,-34.0260617,4.6,6.8,0.37,2.16,12.1,7,-2.4,-3.34
496,150.6626717,-34.02608,4.3,6.3,0.39,2.15,11.6,6.8,-2.33,-3.24
497,150.6626683,-34.0261,4.3,6.4,0.38,2.02,11.2,6.9,-2.27,-3.18
498,150.6626633,-34.02612,4.7,6.1,0.36,2.06,11.2,6.7,-2.27,-3.15
499,150.66266,-34.02614,4.8,6.1,0.39,2.14,10.9,6.4,-2.32,-3.08
500,150.6626567,-34.02616,4.3,6,0.39,2.13,10,6.1,-2.23,-3.04
501,150.6626517,-34.02618,4,6.1,0.38,2.07,9.8,5.8,-2.2,-3.04
502,150.6626467,-34.0262017,4,5.6,0.37,2.03,9.6,5.3,-2.17,-3.09
503,150.6626417,-34.0262233,3.7,5.7,0.39,2,9.6,5.9,-2.16,-3.08
504,150.6626383,-34.0262433,3.4,5.2,0.41,2.03,9.6,5.3,-2.16,-3.01
505,150.6626317,-34.026265,3.5,5.5,0.43,2.02,9.5,5.4,-2.17,-3.02
506,150.6626267,-34.0262867,3,5.4,0.47,2.1,9.9,5.4,-2.23,-3.03
507,150.66262,-34.0263083,3,5.1,0.45,2.11,10.1,5.7,-2.2,-3.01
508,150.662615,-34.02633,3.3,5.1,0.42,2.05,10,5.7,-2.21,-3.1
509,150.6626083,-34.0263517,3.1,5.1,0.42,2.05,10.4,6.3,-2.28,-3.25
510,150.6626033,-34.0263733,3.5,5.1,0.4,2.09,11.2,6.3,-2.36,-3.38
511,150.6625983,-34.026395,3.7,5.1,0.35,2.11,11.8,6.3,-2.51,-3.58
512,150.6625917,-34.0264183,3.8,5.2,0.38,2.24,12.7,6.8,-2.74,-3.84
513,150.6625867,-34.0264383,2.1,4.1,0.24,2.31,13.3,6.8,-2.93,-4.1
514,150.66258,-34.02646,3.6,4.5,0.31,2.41,13.5,6.7,-3,-4.14
515,150.662575,-34.0264817,3.6,3.5,0.31,2.38,12.8,6,-2.93,-4.07
516,150.6625683,-34.0265017,3.1,3.9,0.27,2.28,12.1,5.8,-2.85,-4.07
517,150.6625617,-34.0265217,2.7,3.5,0.34,2.33,12.3,5.9,-2.85,-3.95
518,150.6625533,-34.02654,2.8,3.3,0.34,2.37,12.2,5.6,-2.87,-3.99
519,150.662535,-34.0265483,2.4,3.3,0.37,2.38,12,5.3,-2.88,-4
520,150.662515,-34.0265483,2.1,3.5,0.48,2.46,12.5,5.2,-2.81,-3.75
521,150.6624983,-34.02654,2.6,3.7,0.4,2.46,11.5,5.3,-2.81,-3.83
522,150.6624917,-34.026525,2.8,4,0.48,2.58,11.2,4.6,-2.8,-3.7
523,150.662495,-34.0265067,2.8,4,0.5,2.67,11.1,5,-2.78,-3.73
524,150.6625,-34.02649,2.7,4.3,0.46,2.6,11.7,5.5,-2.85,-3.77
525,150.6625067,-34.0264717,2.7,3.6,0.43,2.55,12.1,5.7,-2.87,-3.84
526,150.6625117,-34.0264517,2.4,3.4,0.47,2.47,12.3,5.8,-2.86,-3.84
527,150.6625167,-34.0264317,2.7,3.6,0.36,2.39,12.3,5.6,-2.9,-3.92
528,150.6625217,-34.02641,2.6,3.7,0.35,2.41,12.5,5.7,-2.89,-3.88
529,150.6625283,-34.0263867,2.8,3.9,0.39,2.44,12.6,6.4,-2.88,-3.89
530,150.662535,-34.0263633,3.1,4.7,0.31,2.38,12.6,6.5,-2.86,-3.95
531,150.6625417,-34.0263383,2.5,4,0.22,2.28,13,6.9,-2.75,-3.87
532,150.6625467,-34.026315,3.7,4.8,0.3,2.14,12.7,6.4,-2.68,-3.8
533,150.6625533,-34.0262917,4.4,5.4,0.37,2.2,13,7.2,-2.58,-3.61
534,150.66256,-34.0262683,4.7,5.5,0.38,2.2,13.7,6.8,-2.48,-3.39
535,150.6625667,-34.026245,3.8,5.5,0.42,2.11,10.7,6.2,-2.28,-3.15
536,150.662575,-34.0262217,3.8,5.7,0.45,2.03,10.1,5.7,-2.18,-2.97
537,150.6625817,-34.0261983,3.9,5.5,0.43,2.06,10,5.5,-2.18,-2.92
538,150.6625883,-34.026175,3.8,5.1,0.44,2.15,10.2,5.7,-2.23,-2.93
539,150.6625967,-34.0261517,3.6,5.4,0.42,2.17,10,5.6,-2.21,-2.9
540,150.6626033,-34.02613,3.7,5.6,0.4,2.1,9.9,5.7,-2.16,-2.92
541,150.66261,-34.0261067,3.2,5.5,0.38,2.02,9.6,5.6,-2.14,-2.94
542,150.6626183,-34.0260833,3.8,5.6,0.36,2.07,10.1,6.1,-2.19,-3.02
543,150.662625,-34.02606,3.4,5.7,0.4,2.1,10.2,6.3,-2.17,-2.94
544,150.6626333,-34.0260367,3.8,6.2,0.43,2.1,10.8,6.4,-2.2,-2.94
545,150.66264,-34.0260133,4,6.2,0.4,2.11,11,6.8,-2.23,-2.96
546,150.6626483,-34.0259917,4.4,7,0.37,2.03,11,6.9,-2.19,-3.1
547,150.662655,-34.0259683,4.2,6.8,0.42,2.1,11.5,6.9,-2.28,-3.1
548,150.66266,-34.0259483,4.3,6.5,0.41,2.12,11.8,7.2,-2.31,-3.1
549,150.6626617,-34.0259283,4.6,6.7,0.41,2.04,11.9,7.4,-2.32,-3.17
550,150.66265,-34.0259133,4.9,6.8,0.43,2.16,12.4,7.7,-2.41,-3.26
551,150.6626317,-34.0259067,5.3,7.1,0.44,2.19,12.7,7.3,-2.46,-3.3
552,150.6626133,-34.0259067,5.8,7.7,0.39,2.28,12.7,7.6,-2.53,-3.36
553,150.662595,-34.025915,5.5,7.1,0.47,2.37,12.6,7.8,-2.53,-3.27
554,150.6625833,-34.0259283,5.6,7.5,0.53,2.39,12.5,7.4,-2.53,-3.24
555,150.662575,-34.0259433,5.1,7.9,0.53,2.4,12.6,7.5,-2.56,-3.25
556,150.6625717,-34.0259617,5.1,7.5,0.51,2.4,12.8,7.6,-2.58,-3.27
557,150.6625683,-34.0259783,5.2,7.9,0.48,2.32,13,7.7,-2.59,-3.3
558,150.662565,-34.025995,5,7.5,0.44,2.3,12.5,7.6,-2.48,-3.22
559,150.6625617,-34.0260133,4.5,7.2,0.44,2.15,12.1,7.4,-2.37,-3.11
560,150.66256,-34.0260333,4.7,7.2,0.44,2.15,11.9,7.6,-2.36,-3.11
561,150.6625567,-34.0260517,4.7,7.1,0.38,2.11,11.6,7.3,-2.29,-3.07
562,150.6625533,-34.0260717,4.7,6.8,0.37,2.03,11,6.8,-2.23,-3.12
563,150.66255,-34.02609,4.8,6.8,0.31,1.94,10.7,6.9,-2.14,-3.13
564,150.6625467,-34.02611,4.6,7,0.31,1.94,10.7,6.7,-2.2,-3.1
565,150.6625433,-34.02613,3.7,6.1,0.38,2.1,10.3,5.7,-2.23,-3
566,150.6625383,-34.02615,3.6,5.8,0.4,2.1,9.8,5.7,-2.18,-2.94
567,150.662535,-34.0261717,3.7,5.5,0.4,2.06,9.7,5.3,-2.13,-2.87
568,150.66253,-34.0261933,3.9,5.5,0.37,2,9.6,5.5,-2.06,-2.83
569,150.6625267,-34.026215,4,5.9,0.39,2,9.6,5.6,-2.08,-2.83
570,150.6625217,-34.0262367,3.6,5.6,0.4,2.08,9.6,5.4,-2.14,-2.86
571,150.6625167,-34.0262583,3.8,5.3,0.42,2.12,9.9,5.2,-2.18,-2.86
572,150.6625117,-34.02628,2.8,5,0.39,2.09,9.9,5.4,-2.18,-2.85
573,150.6625067,-34.0263017,3.1,5.6,0.41,2.03,9.9,6,-2.13,-2.9
574,150.6625017,-34.0263233,3.5,5.3,0.42,2.01,10.3,5.9,-2.16,-3
575,150.6624967,-34.026345,3.3,5.5,0.4,2.03,10.6,6,-2.26,-3.15
576,150.6624917,-34.0263683,3.7,5.5,0.37,2.06,11.1,6.2,-2.38,-3.29
577,150.6624867,-34.02639,3.7,5.3,0.35,2.16,11.7,6.5,-2.52,-3.54
578,150.6624817,-34.0264117,4,5.5,0.29,2.23,12.6,6.7,-2.71,-3.78
579,150.6624767,-34.0264333,3.8,5.1,0.29,2.32,13,7,-2.83,-3.93
580,150.6624733,-34.026455,3,4.6,0.34,2.43,12.8,6.6,-2.9,-3.96
581,150.6624683,-34.026475,3.1,4.2,0.34,2.47,13.2,6.4,-2.97,-3.98
582,150.662465,-34.026495,2.6,3.7,0.35,2.45,12.5,6.1,-2.9,-3.88
583,150.66246,-34.026515,2.9,4.1,0.35,2.44,12.7,6,-2.96,-3.94
584,150.6624533,-34.0265317,1.1,3.5,0.45,2.42,13,5.8,-2.92,-3.87
585,150.66244,-34.026545,1.9,4.4,0.46,2.36,12,5,-2.88,-3.86
586,150.66242,-34.0265467,-10.3,2.3,0.67,1.55,10,4.7,-2.62,-3.5
587,150.6624033,-34.02654,1.8,1,0.3,0.85,12.7,4.6,-2.92,-3.87
588,150.662395,-34.0265267,3.6,4,0.47,0.78,11.9,6.2,-2.92,-3.76
589,150.6623933,-34.02651,3.6,2.9,0.56,0.97,11.8,5.5,-2.89,-3.65
590,150.6623967,-34.026495,3.4,5,0.57,-0.09,11.6,4.5,-2.88,-3.65
591,150.6624017,-34.0264767,3.4,12.3,0.44,0,12.7,5.8,-2.92,-3.78
592,150.6624067,-34.0264583,3.1,4.3,0.43,2.43,12.6,6.3,-2.87,-3.79
593,150.6624117,-34.02644,3,4.4,0.42,2.35,12.5,6.6,-2.86,-3.83
594,150.6624167,-34.0264217,2.9,4.3,0.41,2.39,12.5,6.3,-2.87,-3.82
595,150.6624217,-34.0264017,2.5,3.8,0.37,2.39,12.5,5.6,-2.87,-3.85
596,150.6624267,-34.02638,2.8,4.1,0.35,2.39,12.2,6,-2.78,-3.79
597,150.6624317,-34.0263583,3.3,4.5,0.31,2.35,12.8,6.6,-2.86,-3.99
598,150.6624367,-34.0263367,3.5,4.4,0.34,2.52,13.3,6.6,-2.93,-3.97
599,150.6624417,-34.0263133,3.7,4.6,0.35,2.49,13.3,6.7,-2.86,-3.89
600,150.6624483,-34.0262917,4,5.5,0.33,2.34,12.9,6.5,-2.71,-3.73
601,150.6624533,-34.02627,4.2,5.5,0.37,2.24,12.3,6.6,-2.56,-3.57
602,150.6624583,-34.0262467,4,5.4,0.39,2.19,11.7,6.7,-2.42,-3.33
603,150.662465,-34.026225,3,5.1,0.44,2.16,10.8,6.1,-2.3,-3.11
604,150.66247,-34.0262033,3.6,5.4,0.43,2.12,10.8,6.4,-2.28,-3.07
605,150.6624767,-34.02618,3.7,5.9,0.43,2.07,10.4,5.8,-2.2,-2.94
606,150.6624817,-34.0261583,3.2,5.5,0.47,2.13,9.8,6,-2.18,-2.79
607,150.6624883,-34.0261367,3.8,5.7,0.46,2.13,9.8,5.5,-2.15,-2.78
608,150.6624933,-34.026115,3.7,5.9,0.42,2.08,9.7,5.5,-2.08,-2.76
609,150.6625,-34.0260933,4,5.8,0.38,2.03,9.4,6.1,-2.08,-2.81
610,150.662505,-34.0260717,3.4,5.7,0.37,1.97,9.9,5.8,-2.13,-2.92
611,150.6625117,-34.02605,3.5,5.3,0.39,2.09,10.2,5.6,-2.2,-2.98
612,150.6625167,-34.0260283,3.7,6.3,0.37,2.13,10.4,6.4,-2.26,-3.06
613,150.6625217,-34.0260067,4.4,5.9,0.35,2.08,10.7,6.5,-2.22,-2.99
614,150.6625267,-34.025985,4.9,6.8,0.33,2,11.1,7,-2.19,-3.1
615,150.6625317,-34.025965,5,7.2,0.36,2.04,11.4,7.9,-2.26,-3.15
616,150.6625383,-34.0259433,4.4,7.4,0.41,2.12,12.1,7.8,-2.33,-3.13
617,150.662545,-34.0259233,4.8,7.4,0.39,2.15,12.2,8,-2.38,-3.19
618,150.6625483,-34.025905,4.5,7.2,0.44,2.18,12.7,7.5,-2.44,-3.23
619,150.6625467,-34.0258867,5.1,7.9,0.45,2.23,13.1,8.1,-2.55,-3.3
620,150.662535,-34.0258733,5.1,7.5,0.49,2.26,12.9,7.7,-2.55,-3.22
621,150.662515,-34.0258683,5.6,8,0.49,2.3,12.6,7.4,-2.56,-3.27
622,150.662495,-34.0258717,5.6,8.2,0.54,2.34,12.8,8.1,-2.54,-3.24
623,150.66248,-34.0258833,6.6,8.9,0.53,2.31,15.1,9.4,-2.56,-3.22
624,150.6624683,-34.0258967,8.8,9.2,0.4,2.27,17.4,9.9,-2.66,-3.5
625,150.6624633,-34.0259133,5.2,9,0.55,2.3,12.8,8.5,-2.5,-3.28
626,150.6624583,-34.02593,5.7,9.1,0.52,2.21,12.8,8.5,-2.49,-3.28
627,150.6624533,-34.0259483,5.7,8.6,0.45,2.14,13.2,8.4,-2.54,-3.38
628,150.6624483,-34.025965,5.9,8.1,0.43,2.19,12.9,8.3,-2.49,-3.29
629,150.662445,-34.0259833,5.3,7.8,0.43,2.1,12.4,7.8,-2.38,-3.26
630,150.6624417,-34.0260017,5.2,7.9,0.37,2.05,12.3,7.7,-2.35,-3.24
631,150.6624367,-34.02602,4.9,7.3,0.36,2.03,11.9,7.6,-2.3,-3.18
632,150.6624333,-34.02604,5,7.5,0.38,2.04,11.7,7.5,-2.27,-3.16
633,150.66243,-34.02606,5.4,7.1,0.28,1.91,11.4,7.3,-2.22,-3.19
634,150.662425,-34.0260783,5.1,7.1,0.33,1.96,11.1,7.2,-2.24,-3.19
635,150.6624217,-34.0260983,4,6.4,0.45,2.2,11.1,6.8,-2.32,-3.11
636,150.6624183,-34.0261183,3.7,5.9,0.48,2.2,10.6,6.1,-2.23,-2.96
637,150.662415,-34.02614,3.8,5.4,0.39,2.08,10.5,6.3,-2.18,-2.98
638,150.6624117,-34.02616,3.9,5.7,0.34,2.03,10.4,6,-2.2,-3.03
639,150.6624067,-34.0261817,4.2,6.1,0.32,1.99,10.2,5.8,-2.16,-2.99
640,150.6624017,-34.0262033,4,5.6,0.32,1.93,9.9,5.7,-2.13,-2.94
641,150.6623967,-34.026225,3.7,6,0.35,1.99,10.2,5.6,-2.23,-2.99
642,150.6623917,-34.026245,3.8,5.3,0.4,2.09,10.6,6.1,-2.29,-3.01
643,150.662385,-34.0262683,3.9,5.1,0.38,2.06,11.1,6.3,-2.32,-3.12
644,150.6623783,-34.02629,3.4,5,0.38,2.09,11.4,6.3,-2.39,-3.21
645,150.6623733,-34.0263117,3.9,5.2,0.37,2.15,11.9,6.7,-2.49,-3.35
646,150.6623667,-34.026335,4,5.3,0.35,2.22,12.6,6.9,-2.62,-3.58
647,150.66236,-34.0263567,3.7,5.3,0.3,2.26,13.3,6.7,-2.73,-3.71
648,150.662355,-34.0263783,3.4,4.9,0.26,2.35,13.5,7,-2.84,-3.86
649,150.6623483,-34.0263983,4.1,4.9,0.3,2.41,13.8,7.2,-2.92,-4.01
650,150.6623433,-34.0264217,3.4,4.8,0.37,2.51,13.9,6.7,-2.98,-4
651,150.6623383,-34.0264433,3.2,4.6,0.39,2.61,14.2,7,-3.01,-3.95
652,150.662335,-34.0264633,2.9,4.3,0.38,2.57,13.8,6.7,-2.94,-3.91
653,150.66233,-34.0264833,3.2,4.3,0.34,2.55,13.2,6.5,-2.96,-3.95
654,150.6623217,-34.0265,3.2,4.9,0.39,2.52,13.1,6.6,-2.95,-3.89
655,150.662305,-34.0265083,2.8,4.4,0.34,2.44,13.4,6.4,-2.94,-3.99
656,150.6622883,-34.0265067,0.9,4.1,0.43,2.51,11.9,5.3,-2.85,-3.7
657,150.662275,-34.0264983,2.9,4.6,0.41,2.54,11,5.7,-2.77,-3.81
658,150.6622683,-34.026485,4.9,5.4,0.32,2.54,11.3,5.4,-2.75,-3.77
659,150.6622683,-34.0264683,4.9,5,0.32,2.48,11,5.1,-2.68,-3.92
660,150.6622733,-34.0264517,4.3,5,0.36,2.44,10.8,5.7,-2.66,-3.73
661,150.66228,-34.026435,4.3,4.9,0.3,2.43,11.4,6.1,-2.74,-3.8
662,150.6622867,-34.0264167,3.9,4.7,0.29,2.42,12.7,6.5,-2.9,-3.99
663,150.6622917,-34.0263967,3.9,4.7,0.28,2.54,13.6,7.2,-3.07,-4.12
664,150.6622983,-34.0263767,2.9,3.8,0.36,2.65,14.2,7,-3.12,-4.05
665,150.662305,-34.0263567,2.4,3.7,0.42,2.71,14.3,6.8,-3.12,-3.94
666,150.6623117,-34.026335,-4.3,3.1,0.48,2.76,15,6.6,-3.26,-4.18
667,150.6623183,-34.026315,-0.5,2.6,0.51,2.84,15.8,6.1,-3.19,-3.96
668,150.662325,-34.026295,3.8,4.3,0.39,2.64,15,7.3,-3.07,-4.04
669,150.66233,-34.0262733,4.1,4.8,0.38,2.51,14.9,8,-2.94,-3.96
670,150.6623367,-34.0262533,3.8,4.7,0.41,2.48,14.9,7.9,-2.9,-3.86
671,150.6623433,-34.0262333,3.5,4.4,0.46,2.51,14.7,7.6,-2.87,-3.81
672,150.6623483,-34.0262117,3.3,4.9,0.48,2.46,13.8,6.9,-2.73,-3.61
673,150.662355,-34.0261917,1,4.4,0.28,2.16,13.6,6.2,-2.51,-3.52
674,150.6623617,-34.02617,3.6,4.7,0.39,2.08,12.1,6.4,-2.47,-3.39
675,150.6623667,-34.02615,3.3,4.8,0.37,1.99,11.6,6,-2.38,-3.36
676,150.6623733,-34.0261283,3.9,5,0.36,1.96,11.1,6.6,-2.31,-3.28
677,150.66238,-34.0261083,3.5,5.3,0.36,1.93,10.7,6.2,-2.25,-3.19
678,150.6623867,-34.0260867,3.7,5.5,0.38,1.91,10.6,6.2,-2.18,-3.09
679,150.6623917,-34.0260667,1.1,4.8,0.42,1.98,11.4,5.9,-2.16,-3.04
680,150.6623983,-34.026045,3.9,5.2,0.37,1.98,10.6,6.4,-2.16,-3.03
681,150.662405,-34.0260267,3.7,5.3,0.34,1.9,10.2,6.2,-2.12,-3.03
682,150.66241,-34.026005,4.2,6.1,0.39,2.01,10.6,6.6,-2.2,-3.01
683,150.662415,-34.0259867,4.7,6.3,0.31,2.08,11.8,6.8,-2.28,-3.17
684,150.66242,-34.0259683,5.1,6.8,0.33,1.98,11.4,7.6,-2.18,-3.1
685,150.6624267,-34.02595,5.1,7.3,0.31,1.94,11.7,7.7,-2.21,-3.23
686,150.6624333,-34.0259317,5.4,7.2,0.34,1.93,12.1,8.3,-2.24,-3.16
687,150.66244,-34.0259133,5.6,7.4,0.35,1.97,12.4,8.1,-2.3,-3.22
688,150.662445,-34.0258967,6.1,7.3,0.4,2,12.9,8.8,-2.32,-3.18
689,150.66245,-34.0258817,5.7,7.6,0.42,2.05,13.1,8.3,-2.36,-3.22
690,150.66245,-34.0258667,5.9,8.1,0.47,2.08,13.2,8.7,-2.41,-3.15
691,150.6624417,-34.0258533,6.7,8.4,0.47,2.1,13.5,8.9,-2.49,-3.23
692,150.6624283,-34.025845,6.8,9.1,0.5,2.18,13.6,9.3,-2.45,-3.18
693,150.66241,-34.0258433,7.5,9.7,0.45,2.2,13.9,9.8,-2.48,-3.17
694,150.6623933,-34.0258483,7.8,10.3,0.53,2.32,14,10,-2.44,-3.16
695,150.66238,-34.0258583,8.6,10.8,0.52,2.34,14.4,10.5,-2.43,-3.07
696,150.6623717,-34.0258717,8.8,10.8,0.43,2.23,14.6,10.9,-2.49,-3.27
697,150.662365,-34.0258867,8.1,10.8,0.48,2.23,14,10.6,-2.41,-3.14
698,150.6623617,-34.0259033,8,10.9,0.46,2.18,14.1,10.3,-2.48,-3.21
699,150.6623567,-34.02592,7.4,10.5,0.47,2.08,13.7,9.2,-2.44,-3.17
700,150.6623533,-34.0259383,7,9.7,0.48,2.13,13.9,10.1,-2.46,-3.18
701,150.6623483,-34.025955,6.3,9.3,0.51,2.15,13.5,9.1,-2.41,-3.14
702,150.6623433,-34.0259733,6.4,8.5,0.44,2.13,13.4,8.8,-2.38,-3.14
703,150.66234,-34.0259933,5.9,8.1,0.46,2.13,13.1,8.8,-2.34,-3.13
704,150.662335,-34.0260117,5.7,7.9,0.44,2.12,12.6,8.3,-2.33,-3.12
705,150.66233,-34.02603,5.3,7.6,0.41,2.04,12.4,8.2,-2.3,-3.17
706,150.6623233,-34.02605,5.8,7.1,0.37,2.02,12.3,8.4,-2.3,-3.2
707,150.6623167,-34.02607,5.4,6.8,0.37,2,11.9,7.7,-2.27,-3.18
708,150.6623117,-34.02609,5.1,7,0.38,1.95,11.7,7.3,-2.25,-3.15
709,150.662305,-34.0261117,4.5,6.3,0.35,1.91,11.3,6.7,-2.22,-3.18
710,150.6623,-34.0261317,4.8,6.2,0.34,1.83,11.5,6.9,-2.21,-3.24
711,150.662295,-34.0261533,4.3,5.7,0.33,1.74,11.4,7.2,-2.22,-3.34
712,150.6622883,-34.026175,4.3,5.3,0.37,1.81,11.6,7,-2.29,-3.37
713,150.6622833,-34.0261983,3.8,5.2,0.37,1.86,12.2,7.2,-2.38,-3.5
714,150.662275,-34.02622,4.1,5.1,0.38,1.97,12.4,6.8,-2.5,-3.63
715,150.66227,-34.0262417,3.4,4.8,0.43,2.13,13.6,7,-2.64,-3.69
716,150.6622633,-34.026265,3.2,4.7,0.44,2.3,14.3,7.6,-2.82,-3.85
717,150.6622567,-34.0262867,3.1,4.4,0.46,2.57,15,7.6,-3.02,-3.95
718,150.6622517,-34.0263083,3,4.2,0.5,2.68,15,6.7,-3.08,-3.96
719,150.662245,-34.02633,2.6,4.5,0.5,2.76,15.7,7.4,-3.15,-4.02
720,150.66224,-34.0263517,3.1,4.4,0.54,2.81,15.8,7.8,-3.18,-4.02
721,150.662235,-34.0263717,2.4,4.3,0.55,2.84,15.5,7.3,-3.22,-4.07
722,150.66223,-34.02639,2.6,4.4,0.51,2.8,15.7,6.8,-3.3,-4.19
723,150.6622233,-34.0264083,2.8,3.9,0.5,2.84,15.3,6.8,-3.28,-4.1
724,150.6622117,-34.02642,2.8,3.7,0.48,2.81,14.8,6.3,-3.19,-4.06
725,150.6621933,-34.0264233,2.8,3.6,0.42,2.77,14.7,6.4,-3.21,-4
726,150.66218,-34.0264183,3.6,4,0.36,2.8,14.1,6.2,-3.17,-4.08
727,150.66217,-34.0264083,4,4.2,0.42,2.86,13.3,6,-3.1,-3.92
728,150.6621667,-34.0263933,4.4,4.9,0.4,2.95,13,5.6,-3.06,-3.93
729,150.6621667,-34.0263783,4.3,5.3,0.4,2.95,12.9,5.9,-3.03,-4
730,150.66217,-34.0263617,4.4,4.8,0.32,2.81,13.6,6.1,-3.04,-4.08
731,150.662175,-34.0263417,3.9,4.7,0.3,2.63,13.8,6.5,-3.09,-4.17
732,150.66218,-34.0263217,3.8,3.8,0.27,2.64,14.8,7,-3.22,-4.2
733,150.662185,-34.0263017,2.7,3.8,0.37,2.71,15.2,6.7,-3.29,-4.18
734,150.6621917,-34.02628,2.5,3.9,0.43,2.78,15.7,6.7,-3.35,-4.23
735,150.6621967,-34.0262583,2.4,3.6,0.45,2.79,15.8,7.1,-3.3,-4.21
736,150.6622033,-34.0262367,3.2,4,0.43,2.76,15.8,7.6,-3.25,-4.15
737,150.66221,-34.0262133,2.9,4.2,0.47,2.79,16.2,7.8,-3.25,-4.13
738,150.6622167,-34.0261917,2.9,4.1,0.47,2.78,15.9,8,-3.19,-4.09
739,150.662225,-34.02617,2.8,3.7,0.41,2.71,15.5,7.1,-3.11,-4
740,150.6622317,-34.0261467,3.3,4,0.36,2.55,14.8,7.1,-3,-3.98
741,150.6622383,-34.0261233,3.6,4.1,0.32,2.45,14.4,7.5,-2.89,-3.91
742,150.662245,-34.0261,4.1,4.4,0.3,2.27,13.2,7.2,-2.65,-3.81
743,150.6622533,-34.0260783,4.5,4.9,0.28,2.05,13.2,7.3,-2.56,-3.78
744,150.66226,-34.026055,4.9,5.3,0.28,1.94,12.9,7.5,-2.46,-3.65
745,150.6622683,-34.0260333,5.2,5.3,0.28,1.82,12.4,7.8,-2.33,-3.56
746,150.662275,-34.02601,4.7,5.7,0.32,1.86,11.8,7.7,-2.32,-3.41
747,150.6622817,-34.0259867,5.1,6.2,0.37,1.95,11.9,7.1,-2.31,-3.23
748,150.6622883,-34.025965,5.5,7.1,0.39,1.91,12.7,8.2,-2.26,-3.14
749,150.662295,-34.0259417,6.3,7.4,0.41,1.94,14.1,9.9,-2.29,-3.17
750,150.6623017,-34.02592,6.4,8.1,0.45,2.11,14.2,10.1,-2.34,-3.21
751,150.6623083,-34.0258967,5.9,8,0.52,2.16,14.2,9.4,-2.33,-3.04
752,150.6623133,-34.0258767,6.5,8.3,0.49,2.19,14.3,10.1,-2.38,-3.03
753,150.66232,-34.0258567,6.9,8.5,0.51,2.22,14.2,9.9,-2.44,-3.09
754,150.662325,-34.0258383,6.6,9.6,0.52,2.22,14.2,10.3,-2.46,-3.08
755,150.6623267,-34.0258217,6.9,9.3,0.47,2.14,14.4,10,-2.5,-3.17
756,150.6623217,-34.0258067,7.5,9.9,0.47,2.18,14.5,10.4,-2.55,-3.25
757,150.6623083,-34.0257967,8.5,11,0.51,2.32,15.3,10.7,-2.61,-3.29
758,150.6622917,-34.0257933,9.1,11.5,0.55,2.29,16.4,11.8,-2.57,-3.35
759,150.662275,-34.0257967,10.4,12.4,0.54,2.26,17,13.2,-2.61,-3.42
760,150.6622617,-34.0258067,10.5,13,0.61,2.34,17,13.7,-2.64,-3.39
761,150.6622533,-34.0258183,10.9,13.1,0.58,2.36,17.2,13.7,-2.66,-3.42
762,150.6622467,-34.0258333,10.9,13.4,0.55,2.3,17.1,13.7,-2.64,-3.44
763,150.6622417,-34.0258467,10.1,12.9,0.63,2.28,16.8,12.7,-2.55,-3.27
764,150.6622383,-34.0258617,10.1,11.9,0.52,2.23,16.8,13,-2.53,-3.21
765,150.6622333,-34.0258767,9.4,11.7,0.54,2.21,16.4,12.6,-2.55,-3.22
766,150.66223,-34.0258917,8.4,11.1,0.63,2.3,16.2,12.1,-2.53,-3.13
767,150.6622267,-34.0259067,8.2,10.3,0.67,2.36,16,11.7,-2.5,-2.98
768,150.6622217,-34.0259217,8.2,10.5,0.67,2.35,15.9,11.5,-2.44,-2.92
769,150.6622167,-34.0259367,8,10,0.61,2.3,15.7,11.3,-2.4,-2.96
770,150.6622117,-34.0259517,7.4,9.7,0.6,2.29,15.2,11.1,-2.41,-2.97
771,150.6622083,-34.0259667,7.3,9,0.55,2.22,14.9,10.5,-2.41,-3.06
772,150.662205,-34.0259833,6.5,8.3,0.49,2.2,14.5,9.7,-2.43,-3.15
773,150.6622017,-34.026,6.2,7.6,0.46,2.22,14.2,9.1,-2.46,-3.17
774,150.6621983,-34.0260167,5.9,7,0.41,2.11,13.6,8.9,-2.43,-3.28
775,150.662195,-34.026035,5.6,7.5,0.42,2.03,13.2,8.3,-2.43,-3.31
776,150.6621917,-34.0260517,5.5,7,0.38,1.99,12.9,7.8,-2.39,-3.37
777,150.6621883,-34.02607,5.1,6.4,0.39,1.94,12.4,7.7,-2.38,-3.4
778,150.6621833,-34.0260883,4.1,6.1,0.37,1.9,12.2,6.9,-2.34,-3.38
779,150.66218,-34.0261067,4.5,5.7,0.35,1.82,12.4,7.4,-2.33,-3.47
780,150.6621767,-34.026125,4.6,5.3,0.36,1.86,12.7,7.5,-2.37,-3.51
781,150.6621733,-34.0261433,4.5,5.5,0.32,1.91,13.2,7.7,-2.48,-3.65
782,150.6621683,-34.0261617,4.6,4.9,0.28,2.1,13.8,7.8,-2.67,-3.83
783,150.662165,-34.0261817,4.1,4.3,0.26,2.22,13.9,7.5,-2.77,-3.93
784,150.66216,-34.0262,3.9,4,0.28,2.35,14.5,7.2,-2.92,-4.03
785,150.662155,-34.0262183,3.4,4.2,0.3,2.54,14.8,7.1,-3.04,-4.07
786,150.66215,-34.0262383,3.1,3.8,0.33,2.56,15,7.3,-3.07,-4.2
787,150.6621467,-34.0262567,3.1,4.1,0.35,2.62,15.8,7.3,-3.15,-4.23
788,150.6621417,-34.026275,3,4,0.4,2.64,15.9,7.5,-3.18,-4.2
789,150.6621383,-34.0262933,3.4,3.9,0.36,2.64,15.7,7.9,-3.21,-4.23
790,150.6621317,-34.02631,3.4,4.3,0.39,2.64,16,7.7,-3.26,-4.33
791,150.6621167,-34.0263183,3.2,4.3,0.4,2.71,16.1,7.9,-3.3,-4.37
792,150.6621,-34.02632,3.4,3.8,0.44,2.8,15.8,7.8,-3.31,-4.36
793,150.662085,-34.0263133,3.5,4.4,0.46,2.95,15.2,6.8,-3.3,-4.25
794,150.6620767,-34.0263,4.2,5.1,0.42,2.99,14.7,6.6,-3.28,-4.27
795,150.6620733,-34.026285,3.8,4.8,0.54,3.05,14.3,6.3,-3.18,-4.11
796,150.662075,-34.02627,4.2,4.3,0.42,3,15.4,6.7,-3.28,-4.23
797,150.66208,-34.0262533,4,4,0.38,2.86,15.2,6.6,-3.32,-4.33
798,150.662085,-34.0262367,3.1,4,0.46,2.85,15.3,6.9,-3.28,-4.21
799,150.66209,-34.0262183,2.8,4,0.48,2.79,15.6,6.6,-3.28,-4.23
800,150.662095,-34.0262,3.3,4.1,0.39,2.8,16,7.4,-3.33,-4.24
801,150.6621,-34.0261817,3.5,3.9,0.34,2.71,16,7.4,-3.32,-4.29
802,150.662105,-34.0261633,3.8,4.1,0.29,2.6,16.1,7.4,-3.31,-4.32
803,150.66211,-34.026145,3.9,4,0.25,2.61,15.8,7.6,-3.23,-4.27
804,150.662115,-34.026125,3.8,3.8,0.2,2.47,15.2,7.4,-3.11,-4.22
805,150.66212,-34.026105,4.2,4.2,0.23,2.44,15.2,7.7,-3.03,-4.15
806,150.662125,-34.026085,4.1,4.6,0.24,2.36,14.6,7.4,-2.9,-4.07
807,150.66213,-34.026065,4.4,4.5,0.23,2.16,14.4,8,-2.8,-4.07
808,150.6621367,-34.026045,4.9,5.1,0.22,2.08,14.7,8,-2.74,-3.97
809,150.6621433,-34.026025,4.7,5,0.25,1.92,14,8.4,-2.57,-3.89
810,150.6621483,-34.026005,5.3,5.5,0.24,1.81,13.8,8.4,-2.51,-3.77
811,150.662155,-34.0259833,5.3,6,0.26,1.77,13,8,-2.4,-3.68
812,150.66216,-34.0259633,5.4,6.2,0.28,1.8,13.2,8.2,-2.44,-3.59
813,150.6621667,-34.0259433,6.1,6.1,0.26,1.89,14.1,8.8,-2.46,-3.56
814,150.6621717,-34.0259233,6.5,6.9,0.3,1.84,14.3,9.2,-2.42,-3.47
815,150.662175,-34.0259033,7.2,7.7,0.35,1.91,14.5,9.4,-2.4,-3.34
816,150.66218,-34.0258817,7.8,7.9,0.36,1.9,15.1,10.5,-2.36,-3.24
817,150.6621833,-34.0258617,7.6,8.3,0.37,1.93,15.2,11,-2.34,-3.12
818,150.66219,-34.0258433,7.6,9,0.46,1.99,15.5,11,-2.37,-3.02
819,150.6621933,-34.0258267,8.2,9.6,0.52,2.12,16,11.9,-2.43,-3.04
820,150.662195,-34.0258117,8.5,10.1,0.47,2.1,16.2,12.2,-2.46,-3.03
821,150.66219,-34.0257983,8.6,10.6,0.45,2.07,16.3,12.2,-2.48,-3.06
822,150.6621783,-34.02579,9.3,11.2,0.48,2.14,16.6,12.2,-2.54,-3.14
823,150.6621617,-34.0257867,7.1,10.6,0.61,2.25,15.7,11.9,-2.48,-3.05
824,150.662145,-34.02579,4.7,10,0.43,2.37,14.8,10.9,-2.59,-3.15
825,150.6621317,-34.0257983,8.1,9.8,0.47,2.02,15.1,10.9,-2.49,-3.49
826,150.6621233,-34.0258117,8.4,11,0.41,2.22,14.5,11,-2.61,-3.28
827,150.6621167,-34.025825,8.4,10.9,0.45,2.29,14.8,10.5,-2.58,-3.28
828,150.6621133,-34.02584,8.3,10.2,0.49,2.3,15.9,10.7,-2.56,-3.32
829,150.6621083,-34.0258567,8.6,9.7,0.56,2.22,16.6,11.5,-2.53,-3.21
830,150.662105,-34.0258733,8.9,9.5,0.5,2.26,16.4,12.1,-2.56,-3.14
831,150.6621017,-34.02589,8.2,9.4,0.48,2.23,15.9,11.5,-2.5,-3.11
832,150.6620983,-34.0259067,8.1,8.9,0.39,2.12,15.5,11.1,-2.47,-3.1
833,150.662095,-34.025925,7.7,8.5,0.4,2.03,15.1,10.5,-2.41,-3.13
834,150.66209,-34.0259417,7.2,8.2,0.36,1.94,15,10.5,-2.39,-3.18
835,150.662085,-34.02596,7.3,8,0.32,1.89,15,10.2,-2.4,-3.3
836,150.6620817,-34.0259783,7.7,8.2,0.3,1.87,15.2,10.3,-2.44,-3.41
837,150.6620767,-34.0259967,7.5,7.3,0.3,1.89,15.4,10.1,-2.49,-3.48
838,150.6620717,-34.026015,6.7,7.2,0.25,1.94,15.4,9.8,-2.52,-3.53
839,150.6620683,-34.0260333,6.7,7.4,0.3,1.89,14.8,9.3,-2.49,-3.56
840,150.662065,-34.0260517,5.9,6.7,0.32,1.85,14.5,8.8,-2.49,-3.57
841,150.66206,-34.0260717,5,6.6,0.32,1.87,14.2,8.6,-2.56,-3.7
842,150.662055,-34.0260917,5.1,5.5,0.28,1.94,14.8,8.4,-2.63,-3.83
843,150.66205,-34.0261117,5.3,5.8,0.29,1.99,15.1,9.1,-2.71,-3.88
844,150.662045,-34.0261333,5.1,5.5,0.27,2.16,15.6,8.8,-2.85,-4.04
845,150.6620417,-34.0261533,4.7,5.1,0.3,2.34,15.5,8.3,-2.98,-4.11
846,150.6620367,-34.0261733,4.4,4.7,0.3,2.44,15.6,8,-3.09,-4.11
847,150.6620333,-34.0261933,4.2,4.7,0.33,2.59,15.8,8,-3.19,-4.16
848,150.66203,-34.0262117,3.7,3.9,0.37,2.66,15.7,7.8,-3.21,-4.19
849,150.6620183,-34.0262283,3.4,4.2,0.4,2.67,15.6,7.5,-3.27,-4.2
850,150.6620017,-34.0262367,3.7,4,0.4,2.77,16,7.7,-3.35,-4.26
851,150.6619817,-34.0262333,3.5,4.1,0.42,2.87,15.9,7.3,-3.37,-4.28
852,150.6619683,-34.02622,3.8,4.5,0.45,3,15.7,6.9,-3.4,-4.22
853,150.6619633,-34.026205,3.5,4.7,0.46,3.09,15.4,7.1,-3.38,-4.21
854,150.6619633,-34.0261867,3.3,4.5,0.46,3.08,15.3,6.6,-3.37,-4.2
855,150.6619667,-34.0261683,2.9,4.1,0.49,2.97,15.7,6.5,-3.36,-4.22
856,150.6619717,-34.02615,2.7,4.5,0.5,2.89,15.9,6.9,-3.35,-4.09
857,150.6619767,-34.02613,2.9,4.4,0.44,2.8,15.8,7.3,-3.3,-4.12
858,150.6619817,-34.0261117,3.6,4.7,0.42,2.74,15.7,7.8,-3.22,-4.14
859,150.6619867,-34.0260917,3.9,5.1,0.37,2.55,15.6,8,-3.11,-4.17
860,150.6619917,-34.0260717,3.4,5,0.24,2.34,15.6,8,-3.02,-4.18
861,150.6619967,-34.0260517,3.9,4.9,0.17,2.2,15.1,8.1,-2.92,-4.19
862,150.6620017,-34.0260317,4.7,5.4,0.29,2.21,14.8,8.1,-2.84,-4.06
863,150.662005,-34.0260117,5.2,5.9,0.28,2.19,15,8.4,-2.82,-4.03
864,150.66201,-34.02599,5.8,5.9,0.27,2.16,15,8.6,-2.69,-3.9
865,150.662015,-34.02597,5.6,5.9,0.23,2,14.2,8.5,-2.57,-3.77
866,150.66202,-34.0259517,5.2,6.1,0.26,1.95,13.8,8.3,-2.52,-3.71
867,150.662025,-34.0259367,5.3,6.4,0.32,1.91,13.8,8.7,-2.46,-3.65
868,150.6620283,-34.0259217,5.2,6.2,0.34,1.95,14.2,8.9,-2.49,-3.58
869,150.6620333,-34.0259033,6,6.8,0.38,1.98,14.8,9.4,-2.45,-3.42
870,150.662035,-34.0258867,6.8,7.1,0.36,1.9,15,10.5,-2.41,-3.41
871,150.66204,-34.0258683,6,7.4,0.42,1.99,14.5,10.2,-2.39,-3.36
872,150.6620433,-34.02585,5.8,8.2,0.52,2.05,14.2,9.3,-2.33,-3.11
873,150.662045,-34.0258317,6.4,7.3,0.48,1.98,15,10.3,-2.38,-3.2
874,150.6620483,-34.025815,5.9,7.6,0.54,2.1,15,10,-2.42,-3.07
875,150.6620533,-34.0257983,5.7,7.8,0.64,2.22,14.9,9.1,-2.45,-3.07
876,150.6620633,-34.025785,5.6,7.7,0.65,2.39,15.6,10.1,-2.56,-3.06
877,150.66207,-34.02578,4.6,7.8,0.76,2.49,15.4,9.5,-2.46,-2.89
878,150.6620733,-34.0257783,5.7,8.1,0.72,2.45,15.7,9.9,-2.5,-2.98
879,150.6620733,-34.0257783,5.9,7.9,0.7,2.48,15.7,9.9,-2.51,-2.93
880,150.6620733,-34.0257783,6.1,7.6,0.69,2.47,15.6,9.9,-2.51,-2.96
881,150.6620733,-34.0257783,5.8,7.6,0.69,2.49,15.7,9.8,-2.5,-2.97
882,150.6620733,-34.0257783,6,7.9,0.69,2.46,15.6,10,-2.5,-2.95
883,150.6620733,-34.0257783,6.1,7.7,0.69,2.44,15.7,9.9,-2.5,-2.97
884,150.6620733,-34.0257783,6,7.8,0.69,2.43,15.7,9.6,-2.49,-2.9
885,150.6620733,-34.0257783,5.9,7.3,0.68,2.47,15.6,9.8,-2.48,-2.93
886,150.6620733,-34.0257783,5.8,8,0.69,2.48,15.7,9.6,-2.48,-2.9
887,150.6620733,-34.0257783,5.6,7.8,0.69,2.45,15.8,9.8,-2.49,-2.95
888,150.6620733,-34.0257783,5.9,7.7,0.69,2.45,15.7,10,-2.48,-2.87
