,Time,Lon,Lat,1mHCPcon,2mHCPcon,1mHCPmag,2mHCPmag,1mPRPcon,2mPRPcon,1mPRPmag,2mPRPmag,Between
0,3,150.663215,-34.0248233,0,1.1,0.41,4.03,23.5,11.1,-5.62,-8.34,11.75
1,7,150.663215,-34.0248233,-0.4,1.7,0.41,4.03,23.6,11.1,-5.61,-8.35,11.6
2,11,150.663215,-34.0248233,-0.1,1.5,0.4,4.03,23.6,11,-5.61,-8.3,11.75
3,15,150.663215,-34.0248233,-0.1,1.2,0.4,3.99,23.7,11.1,-5.61,-8.32,11.8
4,19,150.663215,-34.0248233,-0.4,1.7,0.4,4.03,23.8,11.3,-5.61,-8.36,11.7
5,23,150.663215,-34.0248233,-0.2,1.4,0.41,4.03,23.9,10.8,-5.62,-8.32,11.85
6,27,150.663215,-34.0248233,-0.1,1.6,0.41,4.02,23.6,11,-5.61,-8.34,11.75
7,31,150.663215,-34.0248233,0,1.3,0.41,4.02,23.7,10.8,-5.62,-8.33,11.85
8,35,150.663215,-34.0248233,0.2,1.4,0.41,4,23.6,10.8,-5.62,-8.33,11.9
9,39,150.663215,-34.0248233,0.1,1.6,0.41,4.02,23.7,11.2,-5.62,-8.33,11.9
10,43,150.663215,-34.0248233,0.1,1.2,0.41,4.03,23.4,11,-5.62,-8.31,11.75
11,47,150.663215,-34.0248233,0.2,1.2,0.41,4.01,23.6,10.9,-5.62,-8.3,11.9
12,51,150.663215,-34.0248233,0.1,1.4,0.41,4.03,23.7,11.2,-5.62,-8.32,11.9
13,55,150.663215,-34.0248233,0.3,1.3,0.41,4.01,23.7,11.2,-5.61,-8.33,12
14,59,150.663215,-34.0248233,0.2,1.5,0.4,4.03,23.8,11.2,-5.62,-8.34,12
15,63,150.663215,-34.0248233,0.1,1.3,0.4,4.01,23.7,11.1,-5.62,-8.32,11.9
16,67,150.663215,-34.0248233,0.3,1,0.41,4.01,23.7,10.9,-5.62,-8.35,12
17,71,150.663215,-34.0248233,0,1.2,0.41,4.04,23.6,11.1,-5.62,-8.34,11.8
18,75,150.663215,-34.0248233,-0.3,1.6,0.41,3.99,23.7,10.9,-5.62,-8.34,11.7
19,79,150.6632167,-34.0248233,-0.1,1.7,0.41,4.01,23.7,11.3,-5.61,-8.34,11.8
20,83,150.6632167,-34.0248233,0.3,1.9,0.41,4.02,23.7,10.8,-5.62,-8.33,12
21,87,150.6632167,-34.0248233,0.1,1.4,0.4,4.03,23.6,11,-5.62,-8.34,11.85
22,91,150.6632167,-34.0248233,-0.2,1.6,0.41,4.03,23.7,10.9,-5.61,-8.3,11.75
23,95,150.6632167,-34.0248233,-0.2,1.7,0.41,4.04,23.7,11.1,-5.62,-8.33,11.75
24,99,150.6632167,-34.0248233,-0.1,1,0.41,4,23.5,10.8,-5.62,-8.34,11.7
25,103,150.6632167,-34.0248233,0,1.6,0.41,4.03,23.9,11.1,-5.62,-8.33,11.95
26,107,150.6632167,-34.0248233,-0.1,1.5,0.41,4.03,23.7,11,-5.62,-8.32,11.8
27,111,150.6632167,-34.0248233,0.2,1.8,0.41,4,23.6,11,-5.62,-8.34,11.9
28,115,150.6632167,-34.0248233,0.4,1.5,0.41,3.99,23.7,11.1,-5.62,-8.34,12.05
29,119,150.6632167,-34.0248233,0.3,1.6,0.42,4,23.7,11.1,-5.62,-8.32,12
30,123,150.6632167,-34.0248233,0,1.6,0.41,4.03,23.7,11.4,-5.62,-8.33,11.85
31,127,150.6632167,-34.0248233,0.2,1.4,0.41,4.01,23.7,10.9,-5.62,-8.33,11.95
32,131,150.6632167,-34.0248233,0.6,1.7,0.41,4.02,23.6,11.1,-5.62,-8.31,12.1
33,135,150.6632167,-34.0248233,0.6,1.2,0.41,4.03,23.6,11.2,-5.62,-8.31,12.1
34,139,150.6632167,-34.0248233,0.1,1.4,0.41,4.04,23.6,11.1,-5.62,-8.31,11.85
35,143,150.6632167,-34.0248233,0,1.7,0.4,4.02,23.6,11,-5.62,-8.33,11.8
36,147,150.6632167,-34.0248233,0.1,1.3,0.41,4.07,23.7,11,-5.62,-8.34,11.9
37,151,150.6632167,-34.0248233,-0.2,1.3,0.41,4.02,23.6,11.1,-5.62,-8.33,11.7
38,155,150.6632167,-34.0248233,0,1.2,0.41,4.01,23.7,11,-5.62,-8.33,11.85
39,159,150.6632167,-34.0248233,0,1.3,0.41,4.01,23.8,11,-5.62,-8.33,11.9
40,163,150.6632167,-34.0248233,0.1,1.6,0.42,4.01,23.7,11.4,-5.62,-8.34,11.9
41,167,150.6632167,-34.0248233,-0.2,1.4,0.42,4.03,23.6,11.1,-5.62,-8.32,11.7
42,171,150.6632167,-34.0248233,-0.1,1.7,0.41,4,23.7,11.2,-5.62,-8.36,11.8
43,175,150.6632167,-34.0248233,0.1,1.5,0.41,4.04,23.6,11.1,-5.62,-8.32,11.85
44,179,150.6632167,-34.0248233,0.1,1.5,0.41,3.99,23.5,10.9,-5.62,-8.33,11.8
45,183,150.6632167,-34.0248233,-0.1,1.3,0.41,4.01,23.6,10.8,-5.62,-8.31,11.75
46,187,150.6632167,-34.0248233,0.4,1.5,0.41,4.03,23.7,11,-5.62,-8.38,12.05
47,191,150.6632167,-34.0248233,0.3,1.8,0.41,4.02,23.7,10.9,-5.62,-8.34,12
48,195,150.6632167,-34.0248233,0.1,1.6,0.41,4.03,23.7,10.9,-5.62,-8.31,11.9
49,199,150.6632167,-34.0248233,0.1,1.5,0.41,4.03,23.5,10.6,-5.62,-8.31,11.8
50,203,150.6632167,-34.0248233,0.4,1.5,0.41,4.05,23.7,10.8,-5.62,-8.32,12.05
51,207,150.6632167,-34.0248233,0,1.3,0.41,4.02,23.7,11.1,-5.62,-8.33,11.85
52,211,150.6632167,-34.0248233,0.6,1.1,0.41,4.02,23.8,10.9,-5.62,-8.32,12.2
53,215,150.6632167,-34.0248233,-0.1,1.6,0.41,4.04,23.6,10.8,-5.62,-8.33,11.75
54,219,150.6632167,-34.0248233,0,1.4,0.4,4.02,23.8,11.2,-5.63,-8.34,11.9
55,223,150.6632167,-34.0248233,0.3,1.6,0.41,4.01,23.8,11.2,-5.62,-8.32,12.05
56,227,150.6632167,-34.0248233,0,1.4,0.41,4,23.7,10.8,-5.62,-8.32,11.85
57,231,150.6632167,-34.0248233,0.1,1.1,0.41,4.01,23.7,11.3,-5.62,-8.34,11.9
58,235,150.6632167,-34.0248233,-0.1,1.3,0.41,4.03,23.6,11,-5.62,-8.32,11.75
59,239,150.6632167,-34.0248233,0,1.4,0.41,4.03,23.7,11.4,-5.62,-8.34,11.85
60,243,150.6632167,-34.0248233,-0.1,1.2,0.41,4.01,23.8,11.3,-5.63,-8.31,11.85
61,247,150.663215,-34.024825,0.4,1.5,0.39,4.02,23.7,11.1,-5.63,-8.31,12.05
62,251,150.6632133,-34.0248367,0.1,1.3,0.4,4.02,23.1,10.8,-5.51,-8.25,11.6
63,255,150.6632083,-34.0248533,-0.8,1,0.45,3.93,22.5,10.1,-5.37,-8.07,10.85
64,259,150.6632033,-34.0248767,0.5,0.7,0.2,3.75,22.7,10.1,-5.38,-8.22,11.6
65,263,150.663195,-34.0249083,0.3,0.5,0.31,3.81,23.5,10.2,-5.47,-8.39,11.9
66,267,150.663185,-34.024945,0.7,0.5,0.25,3.89,24.3,11.3,-5.76,-8.94,12.5
67,271,150.663175,-34.0249867,1.7,1.3,0.09,3.86,25.8,12.3,-6.13,-9.73,13.75
68,275,150.6631617,-34.0250333,2.8,1.8,-0.13,3.73,26.3,12.8,-6.27,-10.04,14.55
69,279,150.66315,-34.025085,2.8,3,-0.07,3.37,23.5,11.9,-5.62,-9.3,13.15
70,283,150.6631367,-34.0251383,0.5,4.6,0.49,2.55,17.3,9.5,-4.16,-7.09,8.9
71,287,150.6631233,-34.025195,0.8,7.1,0.63,1.95,14,10,-3.32,-5.88,7.4
72,291,150.66311,-34.02525,1.9,9.5,0.58,1.59,13.2,10.4,-3.04,-5.62,7.55
73,295,150.663095,-34.0253067,1.2,8.2,0.59,1.88,13.8,9.6,-3.32,-5.81,7.5
74,299,150.66308,-34.0253633,0.9,7.4,0.57,1.81,13,8.9,-3.2,-5.69,6.95
75,303,150.663065,-34.0254183,1.9,9.3,0.61,1.38,12.6,10,-2.78,-5.24,7.25
76,307,150.6630517,-34.0254717,1.5,8.5,0.54,1.63,13.2,9.5,-3.24,-5.95,7.35
77,311,150.6630383,-34.025525,2.2,6.6,0.28,2.23,17.5,9.8,-4.23,-7.41,9.85
78,315,150.663025,-34.0255783,1,4.9,0.45,2.77,18.8,10.1,-4.52,-7.19,9.9
79,319,150.6630117,-34.02563,1.1,4.8,0.56,2.91,18.3,10,-4.36,-6.72,9.7
80,323,150.6629983,-34.0256833,-0.2,5.6,0.73,2.75,16.6,9.7,-3.92,-5.93,8.2
81,327,150.6629867,-34.025735,-0.1,5.8,0.85,2.65,15.3,8.9,-3.56,-5.14,7.6
82,331,150.6629733,-34.0257883,0.1,6.5,0.78,2.32,12.9,7.5,-3.15,-4.49,6.5
83,335,150.66296,-34.0258417,-0.7,6.9,0.83,2.11,11.4,6.7,-2.82,-4.09,5.35
84,339,150.6629483,-34.025895,-0.5,6.3,0.75,1.97,10.6,6.3,-2.7,-4.07,5.05
85,343,150.662935,-34.0259483,-0.2,5.6,0.64,1.9,10.3,6.2,-2.65,-4.07,5.05
86,347,150.6629217,-34.0260017,0.2,5.2,0.53,1.76,10.6,6.3,-2.72,-4.39,5.4
87,351,150.6629083,-34.0260533,-1.1,3.9,0.61,2.13,11.2,5.7,-2.9,-4.33,5.05
88,355,150.662895,-34.0261067,-1.2,3.7,0.57,2.23,11.1,6,-2.92,-4.36,4.95
89,359,150.6628833,-34.0261583,-1.7,2.7,0.5,2.08,10.5,5.2,-2.81,-4.34,4.4
90,363,150.6628717,-34.02621,-1.2,3.1,0.5,2.05,10.1,5.2,-2.74,-4.28,4.45
91,367,150.6628583,-34.0262617,-0.8,3.6,0.45,1.94,9.8,5.6,-2.68,-4.34,4.5
92,371,150.6628467,-34.0263117,-0.5,3.1,0.37,1.79,10.4,6,-2.76,-4.57,4.95
93,375,150.6628333,-34.0263617,-0.1,3.5,0.28,1.81,10.8,6.2,-2.91,-4.93,5.35
94,379,150.6628217,-34.02641,0.8,2.8,0.16,1.81,11.4,6.8,-3.03,-5.22,6.1
95,383,150.66281,-34.0264583,0.5,2.3,0.18,1.86,10.9,5.5,-3.11,-5.35,5.7
96,387,150.6627983,-34.0265033,0.2,1.7,0.16,1.91,11.4,6.1,-3.17,-5.41,5.8
97,391,150.6627867,-34.0265483,-0.5,1.6,0.18,1.87,11.2,5.5,-3.16,-5.35,5.35
98,395,150.662775,-34.0265917,-0.8,1.4,0.23,1.97,10.7,5,-3.13,-5.2,4.95
99,399,150.6627683,-34.02663,-1.4,0.8,0.35,2.15,10.5,4.9,-3.17,-5.03,4.55
100,403,150.66276,-34.0266633,-2,0.6,0.39,2.2,10.7,5.1,-3.16,-4.96,4.35
101,407,150.6627417,-34.0266867,-1.5,0.5,0.37,2.22,10.4,4.7,-3.17,-4.87,4.45
102,411,150.6627167,-34.0266967,-2.5,0.3,0.43,2.34,10.2,4.4,-3.22,-4.89,3.85
103,415,150.66269,-34.0266917,-2.3,0.2,0.46,2.45,10.4,4.1,-3.26,-4.86,4.05
104,419,150.6626683,-34.026675,-2.8,0.5,0.56,2.46,10.4,4,-3.3,-4.78,3.8
105,423,150.6626617,-34.02665,-3.4,-0.1,0.6,2.54,10.3,3.5,-3.34,-4.76,3.45
106,427,150.662665,-34.0266233,-3.7,-0.3,0.6,2.52,10.6,3.6,-3.36,-4.79,3.45
107,431,150.662675,-34.0265933,-3.7,-0.4,0.59,2.56,11.1,4.2,-3.37,-4.77,3.7
108,435,150.6626867,-34.0265617,-3.4,-0.7,0.5,2.52,11.3,4.2,-3.42,-4.94,3.95
109,439,150.6626967,-34.0265283,-3.1,-0.4,0.52,2.48,11.7,4.8,-3.39,-4.92,4.3
110,443,150.6627083,-34.0264917,-2.6,0.4,0.43,2.37,11.9,4.9,-3.43,-5.09,4.65
111,447,150.6627183,-34.026455,-2.4,0,0.4,2.37,12.1,5.4,-3.44,-5.27,4.85
112,451,150.6627267,-34.02642,-2.1,0.4,0.37,2.29,12.1,5.5,-3.37,-5.32,5
113,455,150.662735,-34.0263883,-2.2,1.1,0.42,2.27,11.9,5.4,-3.35,-5.26,4.85
114,459,150.6627433,-34.026355,-1.5,1.4,0.45,2.3,12.3,5.8,-3.33,-5.11,5.4
115,463,150.6627533,-34.02632,-1,1.3,0.44,2.16,11.4,5.6,-3.12,-4.9,5.2
116,467,150.6627633,-34.0262817,-0.7,2,0.4,2.06,10.8,5.7,-2.96,-4.75,5.05
117,471,150.662775,-34.0262383,-0.6,2.6,0.4,1.94,10.3,5.8,-2.84,-4.58,4.85
118,475,150.6627867,-34.0261933,-0.5,2.8,0.45,1.93,10.2,5.9,-2.76,-4.33,4.85
119,479,150.6628,-34.026145,-1.1,2.8,0.49,2,9.7,5.2,-2.7,-4.22,4.3
120,483,150.6628133,-34.026095,-0.9,3.1,0.52,2.07,10.1,5.2,-2.78,-4.19,4.6
121,487,150.6628267,-34.0260417,-1,3.4,0.57,2.29,11,5.8,-2.92,-4.21,5
122,491,150.6628383,-34.0259883,-1.2,3.3,0.6,2.31,11.5,6.2,-3,-4.28,5.15
123,495,150.6628517,-34.025935,-0.7,3.6,0.56,2.3,11.5,5.9,-3.01,-4.36,5.4
124,499,150.6628633,-34.0258883,-1.1,3.9,0.59,2.14,11.1,6,-2.95,-4.43,5
125,503,150.6628767,-34.025845,-0.9,4.6,0.72,2.08,11.4,6.5,-2.96,-4.45,5.25
126,507,150.6628883,-34.0257983,-0.2,6.2,0.7,1.99,11.8,7.3,-2.94,-4.51,5.8
127,511,150.6628983,-34.0257533,0.1,6.1,0.68,2.06,11.8,7.5,-2.9,-4.33,5.95
128,515,150.66291,-34.0257067,0,7.1,0.74,2.16,12.3,7.2,-2.95,-4.22,6.15
129,519,150.6629217,-34.02566,0.7,7.6,0.75,2.37,13.6,8.2,-3.17,-4.5,7.15
130,523,150.6629333,-34.0256117,0.6,7.2,0.68,2.42,14.6,8.6,-3.44,-4.99,7.6
131,527,150.662945,-34.0255633,2.4,7.4,0.48,2.34,16,9.9,-3.69,-5.73,9.2
132,531,150.6629583,-34.0255117,2.9,7.4,0.37,2.48,17.6,11.1,-4.08,-6.55,10.25
133,535,150.66297,-34.02546,4,7.7,0.25,2.4,18.4,11.2,-4.11,-6.89,11.2
134,539,150.6629817,-34.0254083,4.3,7.8,0.14,2.16,17.6,11.7,-4.02,-7.02,10.95
135,543,150.662995,-34.025355,4.4,8.4,0.23,1.63,14.9,10.3,-3.4,-6.37,9.65
136,547,150.6630083,-34.0253017,3.8,9.3,0.28,1.32,13.8,10.3,-3.13,-5.96,8.8
137,551,150.66302,-34.0252467,2.6,8.5,0.09,1.09,14.3,10,-3.19,-6.23,8.45
138,555,150.66303,-34.0251933,3.2,7.8,0.13,1.42,15.5,10.1,-3.56,-6.64,9.35
139,559,150.6630417,-34.02514,4.8,9.9,0.06,1.39,15,11.5,-3.39,-6.74,9.9
140,563,150.6630517,-34.0250883,5.5,9.7,0.08,1.63,16.2,13,-3.65,-7.03,10.85
141,567,150.6630633,-34.025035,4.5,7.3,-0.01,2.66,20.9,12.8,-4.75,-8.21,12.7
142,571,150.663075,-34.0249867,4.1,3.8,-0.11,3.97,27.4,13.9,-6.23,-9.78,15.75
143,575,150.663085,-34.0249433,4.1,2.2,-0.18,4.29,29.2,14.2,-6.71,-10.57,16.65
144,579,150.663095,-34.0249083,3,1.8,-0.12,4.27,28.5,13.4,-6.64,-10.51,15.75
145,583,150.6631033,-34.0248817,2.4,0.5,-0.14,4.23,26.7,12.8,-6.29,-9.94,14.55
146,587,150.6631067,-34.024855,0.4,-0.1,0.13,4.28,26.2,11.5,-6.2,-9.36,13.3
147,591,150.6630983,-34.02483,1.2,-0.3,0.12,4.26,25.4,11,-5.99,-8.88,13.3
148,595,150.6630767,-34.0248117,0.4,-0.3,0.24,4.27,24.5,10.7,-5.76,-8.42,12.45
149,599,150.6630467,-34.0248083,-0.6,-0.8,0.04,4.11,26.4,11,-5.35,-8.23,12.9
150,603,150.6630167,-34.0248183,0.7,-0.4,0.25,4.46,25,11.1,-5.81,-8.5,12.85
151,607,150.6629983,-34.02484,1.2,-0.6,0.2,4.4,25.1,11.2,-5.92,-8.86,13.15
152,611,150.6629883,-34.02487,1.9,-0.6,0.05,4.37,26.1,11.1,-6.22,-9.18,14
153,615,150.6629817,-34.0248983,1.9,-0.3,0.03,4.45,27.7,11.9,-6.42,-9.71,14.8
154,619,150.662975,-34.0249283,1.7,-0.7,-0.35,3.92,28.3,12.2,-6.4,-10.27,15
155,623,150.6629667,-34.0249633,4.2,0.5,-0.41,4.03,28.2,13.6,-6.67,-10.7,16.2
156,627,150.6629567,-34.0250017,4.8,1.3,-0.5,4.05,28.6,13.8,-6.82,-11,16.7
157,631,150.662945,-34.0250433,5,2.4,-0.47,3.88,27,13.7,-6.34,-10.35,16
158,635,150.6629333,-34.02509,4.5,4.9,-0.26,3.01,22.3,12.7,-5.1,-8.92,13.4
159,639,150.6629233,-34.0251367,3.4,5.7,-0.16,2.39,18.7,12,-4.44,-8.27,11.05
160,643,150.6629117,-34.0251867,3.8,7.2,-0.08,1.57,16,11.3,-3.8,-7.65,9.9
161,647,150.6629,-34.0252383,4,7.9,-0.06,1.4,16.7,11,-3.83,-7.56,10.35
162,651,150.6628867,-34.02529,4,7,-0.07,1.75,19,11.7,-4.33,-8.06,11.5
163,655,150.6628733,-34.0253433,4,6.4,-0.23,2.04,20.7,12.5,-4.79,-8.8,12.35
164,659,150.66286,-34.0253967,4.3,6.4,-0.18,2.09,19.8,11.7,-4.7,-8.46,12.05
165,663,150.662845,-34.02545,3.6,6.7,0.06,2.22,18.8,11.1,-4.33,-7.52,11.2
166,667,150.6628317,-34.025505,4.4,7.2,0.13,2.21,17.6,11.1,-4.03,-6.85,11
167,671,150.6628183,-34.0255617,3.7,8.1,0.26,2.05,15.9,10.6,-3.63,-6.14,9.8
168,675,150.662805,-34.0256167,3.5,8.4,0.39,1.85,14.2,9.6,-3.27,-5.46,8.85
169,679,150.6627917,-34.0256717,3.3,8.1,0.41,2.11,14.6,8.7,-3.38,-5.25,8.95
170,683,150.6627783,-34.0257283,2.3,7.8,0.47,2.13,14.2,8.6,-3.32,-4.97,8.25
171,687,150.662765,-34.025785,1.8,7.1,0.5,2.14,13.1,8.3,-3.21,-4.76,7.45
172,691,150.6627517,-34.02584,1.6,7,0.46,1.91,12.1,7.8,-2.98,-4.6,6.85
173,695,150.66274,-34.0258933,-0.1,5.3,0.48,1.95,12,7,-3.06,-4.73,5.95
174,699,150.6627283,-34.0259467,-1.1,4.2,0.67,2.21,11.9,6,-3.06,-4.46,5.4
175,703,150.6627167,-34.026,-0.1,4,0.51,2.16,11.4,6,-2.94,-4.42,5.65
176,707,150.662705,-34.02605,-0.6,3.9,0.55,2.26,11.4,6,-2.94,-4.37,5.4
177,711,150.662695,-34.0261,-1,3.9,0.54,2.22,10.8,5.6,-2.84,-4.22,4.9
178,715,150.6626833,-34.0261483,-1.2,3.4,0.6,2.29,10,5.1,-2.81,-4.13,4.4
179,719,150.6626717,-34.0262,-1.3,3.1,0.55,2.16,9.5,5.2,-2.7,-4.09,4.1
180,723,150.66266,-34.0262517,-1.2,2.6,0.54,2.11,8.9,4.6,-2.68,-4.07,3.85
181,727,150.66265,-34.0263017,-1.4,2.9,0.54,2.12,9.5,4.6,-2.72,-4.09,4.05
182,731,150.6626383,-34.0263483,-2.4,2.4,0.41,2.04,10,4.9,-2.81,-4.37,3.8
183,735,150.6626283,-34.026395,-1.2,2.5,0.5,2.19,11.2,5.4,-3.07,-4.7,5
184,739,150.6626183,-34.0264417,-1.2,1.7,0.51,2.45,12.6,5.6,-3.43,-5.09,5.7
185,743,150.66261,-34.026485,-1.3,1,0.44,2.46,12.3,5.1,-3.48,-5.19,5.5
186,747,150.6626,-34.0265283,-2.8,0.7,0.56,2.54,12.7,4.8,-3.43,-5.1,4.95
187,751,150.6625917,-34.02657,-3.7,0.3,0.56,2.58,11.8,4.1,-3.42,-4.98,4.05
188,755,150.6625783,-34.0266083,-3.2,0,0.58,2.5,10.7,3.9,-3.37,-4.79,3.75
189,759,150.6625567,-34.02664,-3,-0.2,0.62,2.5,10.7,4,-3.34,-4.76,3.85
190,763,150.662525,-34.0266583,-3.3,-0.2,0.62,2.56,10.5,3.8,-3.36,-4.78,3.6
191,767,150.66249,-34.02666,-3,-0.1,0.55,2.44,9.6,3.5,-3.23,-4.74,3.3
192,771,150.66246,-34.0266483,-3.1,-0.3,0.55,2.3,9.2,3.4,-3.09,-4.57,3.05
193,775,150.6624383,-34.026625,-3.1,0,0.6,2.32,9.2,3.8,-3.03,-4.43,3.05
194,779,150.66243,-34.0265933,-3,0.3,0.55,2.32,9.2,3.8,-3.11,-4.63,3.1
195,783,150.662435,-34.0265583,-3.2,0,0.54,2.41,9.8,4.2,-3.19,-4.69,3.3
196,787,150.662445,-34.0265217,-3,0.3,0.53,2.5,11.2,4.4,-3.41,-4.92,4.1
197,791,150.6624567,-34.0264817,-2.7,0.6,0.57,2.58,11.5,4.2,-3.47,-4.91,4.4
198,795,150.6624683,-34.02644,-3,0.5,0.57,2.57,11.6,4.8,-3.48,-4.94,4.3
199,799,150.6624817,-34.0263967,-2.5,0.2,0.55,2.61,12,4.8,-3.46,-4.93,4.75
200,803,150.6624933,-34.0263533,-2.2,1,0.48,2.54,12.3,5.4,-3.43,-5.03,5.05
201,807,150.662505,-34.0263083,-1,2.1,0.48,2.46,12.1,5.7,-3.25,-4.85,5.55
202,811,150.6625167,-34.0262617,-0.6,3.2,0.52,2.21,10.6,5.5,-2.91,-4.37,5
203,815,150.66253,-34.0262117,-1,3.5,0.58,2.13,9.6,4.9,-2.69,-4.03,4.3
204,819,150.662545,-34.0261617,-1.3,3.3,0.6,2.24,9.4,4.6,-2.71,-3.91,4.05
205,823,150.6625583,-34.0261117,-0.5,3.3,0.52,2.13,8.7,4.9,-2.63,-3.94,4.1
206,827,150.6625717,-34.0260583,-0.7,3.4,0.52,2.12,8.9,4.5,-2.67,-3.94,4.1
207,831,150.6625867,-34.0260067,-0.5,3.7,0.51,2.18,9.7,5.4,-2.73,-4.09,4.6
208,835,150.6626017,-34.0259533,-0.5,4.4,0.55,2.15,10.5,5.6,-2.78,-4.12,5
209,839,150.662615,-34.0259017,-0.4,4.1,0.62,2.35,11.6,6.4,-3,-4.3,5.6
210,843,150.6626283,-34.0258483,-0.5,4.2,0.64,2.34,11.7,6.3,-3.11,-4.39,5.6
211,847,150.6626417,-34.0257983,-0.8,4.4,0.67,2.2,12.1,6.5,-3.1,-4.57,5.65
212,851,150.6626533,-34.0257483,0.8,5.7,0.55,1.91,12.1,7.5,-3.02,-4.75,6.45
213,855,150.6626667,-34.0257,1.6,7,0.57,2.02,13.1,8.2,-3.2,-5,7.35
214,859,150.6626783,-34.0256483,2.1,7.9,0.5,2.09,14.7,9.4,-3.5,-5.44,8.4
215,863,150.6626917,-34.0255967,2.2,7.9,0.46,2.24,15.3,9.7,-3.61,-5.72,8.75
216,867,150.662705,-34.025545,3.1,7.3,0.28,2.11,15.6,9.5,-3.61,-6,9.35
217,871,150.6627183,-34.02549,3.8,8.4,0.23,1.65,14.1,9.7,-3.27,-5.99,8.95
218,875,150.6627333,-34.025435,4,9.6,0.24,1.44,13.9,10.7,-3.16,-5.99,8.95
219,879,150.6627483,-34.02538,4.6,9.4,0.18,1.76,15.5,11,-3.58,-6.4,10.05
220,883,150.6627633,-34.0253233,4.7,8,0.11,2.41,19.2,11.9,-4.43,-7.34,11.95
221,887,150.66278,-34.0252683,5.2,6.7,-0.03,2.74,21.4,12.2,-4.95,-8.11,13.3
222,891,150.662795,-34.0252117,5.7,7.1,-0.05,2.65,21.9,13.7,-4.9,-8.23,13.8
223,895,150.6628083,-34.0251567,5.7,8.6,-0.01,1.96,19.3,13.6,-4.12,-7.54,12.5
224,899,150.6628217,-34.0251033,7.2,10.5,-0.17,1.29,16.8,14.1,-3.62,-7.63,12
225,903,150.6628333,-34.02505,7.5,10.6,-0.22,1.37,16.3,13.7,-3.57,-7.6,11.9
226,907,150.662845,-34.0249983,7.4,10.3,-0.26,1.68,17.7,14.2,-3.82,-7.81,12.55
227,911,150.6628583,-34.02495,7.1,8.1,-0.36,2.32,20.5,13.5,-4.57,-8.55,13.8
228,915,150.66287,-34.024905,5.9,4.7,-0.48,3.35,25.4,13.2,-5.86,-9.78,15.65
229,919,150.6628833,-34.0248667,5.2,2.2,-0.51,3.87,27.3,13.6,-6.39,-10.56,16.25
230,923,150.6628917,-34.0248333,3.7,1.7,-0.36,3.62,25.9,13.3,-6.09,-10.23,14.8
231,927,150.6628867,-34.0248067,2.1,0.8,-0.06,4.1,26.6,12.3,-6.27,-9.85,14.35
232,931,150.662865,-34.0247867,2.7,-0.2,-0.23,4.14,26.8,12.3,-6.27,-9.69,14.75
233,935,150.662835,-34.02478,1.9,-0.4,-0.02,4.35,26,11.6,-6.04,-9.18,13.95
234,939,150.6628033,-34.0247867,2.4,-0.5,-0.13,4.08,24.6,11.3,-5.77,-8.93,13.5
235,943,150.6627767,-34.0248067,2.4,-0.1,-0.13,4,24.3,11,-5.71,-8.94,13.35
236,947,150.6627583,-34.024835,1.4,-0.6,0.01,3.98,23.4,11,-5.47,-8.49,12.4
237,951,150.662745,-34.02487,1.2,-0.3,0.06,3.69,22.2,10.3,-5.16,-8.14,11.7
238,955,150.6627367,-34.0249033,2,0.2,-0.04,3.73,23.2,10.8,-5.35,-8.34,12.6
239,959,150.6627283,-34.0249383,3.9,1,-0.28,4,25.3,12.4,-5.77,-9.07,14.6
240,963,150.6627183,-34.0249783,4.5,3.6,-0.2,3.25,21.8,12.5,-4.9,-8.52,13.15
241,967,150.6627083,-34.02502,5.3,6.2,-0.26,2.4,16.8,12.6,-4.3,-8.07,11.05
242,971,150.6626967,-34.0250617,6.4,7.2,-0.31,1.61,16,12.3,-3.62,-7.63,11.2
243,975,150.6626867,-34.0251067,6.2,8.1,-0.17,1.68,15.9,13,-3.43,-7.01,11.05
244,979,150.6626767,-34.0251517,6.5,8.7,-0.24,1.64,15.8,13.1,-3.53,-7.33,11.15
245,983,150.662665,-34.025195,6,7.8,-0.21,1.71,17.2,12.5,-3.91,-7.7,11.6
246,987,150.6626533,-34.02524,4.6,6.3,-0.1,2.32,20.2,12.7,-4.59,-8.07,12.4
247,991,150.66264,-34.025285,4.4,5.3,-0.09,2.81,22.2,12.6,-5.18,-8.62,13.3
248,995,150.66263,-34.0253283,4.3,5,-0.04,3,22.4,12.5,-5.22,-8.5,13.35
249,999,150.66262,-34.0253683,4.6,6,0.05,2.86,20.9,11.6,-4.83,-7.74,12.75
250,1003,150.66261,-34.02541,4.4,7.1,0.18,2.59,19.5,12.9,-4.27,-7.07,11.95
251,1007,150.6626,-34.02545,4.6,8.9,0.2,1.93,16.3,12,-3.58,-6.54,10.45
252,1011,150.66259,-34.0254917,4.3,8.8,0.13,1.47,14.8,11.4,-3.32,-6.39,9.55
253,1015,150.66258,-34.025535,4.4,8,0.08,1.92,16.6,11.1,-3.77,-6.88,10.5
254,1019,150.66257,-34.0255767,4.3,7.3,0.06,1.92,16.1,10.9,-3.71,-6.86,10.2
255,1023,150.6625583,-34.02562,4.1,7.9,0.09,1.71,15.4,10.9,-3.54,-6.62,9.75
256,1027,150.6625483,-34.0256633,3.8,7.6,0.24,1.86,15.7,10.8,-3.58,-6.29,9.75
257,1031,150.6625383,-34.025705,3.5,7.9,0.39,1.97,15.4,10.5,-3.52,-5.9,9.45
258,1035,150.6625283,-34.0257467,3,7.6,0.47,2.06,14.7,10.2,-3.45,-5.59,8.85
259,1039,150.6625167,-34.0257883,2.1,7.1,0.54,2.04,13.6,8.9,-3.31,-5.23,7.85
260,1043,150.662505,-34.0258267,1.9,6.9,0.54,2.02,12.6,8.3,-3.11,-4.83,7.25
261,1047,150.6624933,-34.025865,1.3,6.5,0.54,1.98,11.7,7.3,-2.98,-4.59,6.5
262,1051,150.6624833,-34.0259033,0.8,5.5,0.58,2.05,11.6,6.8,-3.03,-4.49,6.2
263,1055,150.6624717,-34.0259417,-0.1,5.1,0.61,2.19,11.5,6.6,-3.06,-4.47,5.7
264,1059,150.6624617,-34.0259817,0,4.7,0.54,2.23,11.4,6,-2.98,-4.39,5.7
265,1063,150.6624517,-34.0260233,-0.6,4.1,0.53,2.14,10.6,5.3,-2.86,-4.26,5
266,1067,150.6624417,-34.0260633,-0.4,4.6,0.48,2.08,10,5.7,-2.76,-4.23,4.8
267,1071,150.6624317,-34.026105,-1,3.8,0.58,2.31,10.2,5.5,-2.85,-4.16,4.6
268,1075,150.6624217,-34.0261467,-1.1,3,0.58,2.24,9.9,4.7,-2.74,-4.08,4.4
269,1079,150.66241,-34.0261883,-1.3,3.1,0.59,2.19,9.6,4.7,-2.72,-4,4.15
270,1083,150.6624,-34.0262317,-1.4,3.1,0.64,2.24,10.1,5.2,-2.8,-4.01,4.35
271,1087,150.6623883,-34.0262733,-1.7,2.9,0.65,2.33,10.9,5.2,-2.91,-4.18,4.6
272,1091,150.662375,-34.0263133,-0.9,2.5,0.6,2.33,11.5,5.7,-3.07,-4.47,5.3
273,1095,150.6623633,-34.0263517,-0.8,2.3,0.49,2.4,12.7,5.8,-3.28,-4.82,5.95
274,1099,150.6623483,-34.0263883,-1.2,1.8,0.49,2.55,12.8,5.6,-3.45,-5.06,5.8
275,1103,150.662335,-34.026425,-1.6,1.5,0.58,2.71,13.1,5.5,-3.57,-5.04,5.75
276,1107,150.66232,-34.0264583,-1.9,1.2,0.51,2.68,12.7,5.3,-3.58,-5.09,5.4
277,1111,150.6623017,-34.026485,-2.2,1.2,0.53,2.69,12.3,4.5,-3.55,-5.08,5.05
278,1115,150.662275,-34.026505,-1.9,0.9,0.47,2.55,11.4,4.6,-3.48,-5.06,4.75
279,1119,150.662245,-34.0265133,-2.2,1,0.49,2.43,10.1,4.2,-3.25,-4.82,3.95
280,1123,150.6622133,-34.026505,-1.7,1.3,0.53,2.3,9.5,4.1,-3.12,-4.73,3.9
281,1127,150.6621933,-34.0264833,-1.9,1.4,0.46,2.29,9.7,4.4,-3.14,-4.79,3.9
282,1131,150.66219,-34.026455,-2.3,0.9,0.53,2.44,10,4.4,-3.25,-4.8,3.85
283,1135,150.6622017,-34.0264233,-2.6,0.4,0.5,2.44,10.2,4.5,-3.22,-4.86,3.8
284,1139,150.6622183,-34.0263917,-2.5,0.3,0.44,2.51,12.3,5,-3.48,-5.14,4.9
285,1143,150.662235,-34.0263567,-2.8,0.2,0.54,2.77,13,5,-3.71,-5.18,5.1
286,1147,150.66225,-34.0263167,-2.4,0.8,0.58,2.9,14.4,5.5,-3.83,-5.26,6
287,1151,150.6622633,-34.0262767,-3.1,0.5,0.72,2.95,14.6,5.7,-3.84,-5.3,5.75
288,1155,150.6622733,-34.026235,-2.5,0.9,0.68,2.89,14.7,6.1,-3.7,-5.17,6.1
289,1159,150.6622867,-34.0261933,-2.5,1.1,0.68,2.84,14.2,5.9,-3.61,-5.09,5.85
290,1163,150.6623,-34.0261517,-2.1,1.6,0.63,2.51,13,5.7,-3.3,-4.89,5.45
291,1167,150.6623117,-34.0261083,-1.3,2.3,0.54,2.13,11.6,6.1,-3.01,-4.74,5.15
292,1171,150.6623233,-34.0260633,-0.9,2.5,0.53,1.95,10.6,5.8,-2.82,-4.47,4.85
293,1175,150.6623367,-34.0260183,-1,2.9,0.52,1.96,10.4,5.4,-2.78,-4.34,4.7
294,1179,150.6623483,-34.0259733,-0.4,3.4,0.55,2.12,10.5,5.6,-2.85,-4.28,5.05
295,1183,150.6623617,-34.0259267,0.1,3.9,0.56,2.16,10.9,5.9,-2.87,-4.3,5.5
296,1187,150.662375,-34.02588,-0.2,4.5,0.61,2.25,11.3,6.4,-2.92,-4.3,5.55
297,1191,150.6623867,-34.025835,0,5.5,0.65,2.27,11.5,6.5,-3,-4.32,5.75
298,1195,150.6623983,-34.02579,0.8,6,0.58,2.18,12,7.5,-3.03,-4.36,6.4
299,1199,150.66241,-34.0257467,0.9,6.5,0.66,2.05,13,8.3,-3.09,-4.61,6.95
300,1203,150.66242,-34.0257033,0.5,5.6,0.64,1.99,13.7,8.3,-3.27,-5.09,7.1
301,1207,150.66243,-34.02566,1,4.8,0.56,2.12,15.3,8.6,-3.56,-5.65,8.15
302,1211,150.6624417,-34.0256167,1.2,4.2,0.47,2.21,17,9.4,-3.83,-6.19,9.1
303,1215,150.6624517,-34.0255717,1.3,4.3,0.4,2.28,18,10.1,-4.05,-6.7,9.65
304,1219,150.6624633,-34.0255267,1.5,3.6,0.29,2.63,19.5,10.4,-4.42,-7.18,10.5
305,1223,150.6624733,-34.02548,1.7,3.2,0.22,2.65,19.4,10.5,-4.41,-7.35,10.55
306,1227,150.662485,-34.0254333,1.9,3.3,0.23,2.7,19,10.1,-4.39,-7.32,10.45
307,1231,150.6624967,-34.0253883,1.8,3.1,0.13,2.66,19.4,10.2,-4.49,-7.55,10.6
308,1235,150.6625067,-34.0253417,1.9,2.7,0.07,2.48,19,10.2,-4.44,-7.65,10.45
309,1239,150.6625183,-34.0252967,2,3.4,0.16,2.35,19.3,11,-4.33,-7.5,10.65
310,1243,150.66253,-34.02525,2,3.4,0.15,2.41,20.3,10.9,-4.62,-7.84,11.15
311,1247,150.66254,-34.0252033,2.1,2.1,0.07,2.89,22.6,11.3,-5.28,-8.6,12.35
312,1251,150.6625517,-34.0251567,1.9,1,-0.01,3.3,24,11.6,-5.78,-9.34,12.95
313,1255,150.6625617,-34.02511,2.1,1.4,-0.01,2.95,23,11,-5.43,-9.01,12.55
314,1259,150.6625733,-34.025065,1.8,1.4,0.01,2.99,22.4,11,-5.32,-8.87,12.1
315,1263,150.6625833,-34.0250183,2.2,1.6,-0.12,2.88,22.2,11.4,-5.19,-8.97,12.2
316,1267,150.6625933,-34.0249733,3.7,1.1,-0.34,3.26,23.8,12,-5.6,-9.37,13.75
317,1271,150.6626017,-34.0249283,3.5,-0.1,-0.33,3.51,23.5,11.2,-5.58,-9.07,13.5
318,1275,150.6626133,-34.024885,2.3,0,-0.25,3.56,23.3,10.8,-5.48,-8.96,12.8
319,1279,150.6626217,-34.0248483,2.1,0.2,-0.15,3.49,21.8,10.3,-5.11,-8.29,11.95
320,1283,150.6626267,-34.024815,1.3,0.2,-0.01,3.07,20,9.9,-4.61,-7.6,10.65
321,1287,150.6626217,-34.0247883,0.8,0.9,0.13,2.87,17.6,8.6,-4.18,-7.03,9.2
322,1291,150.6626,-34.0247683,1.7,1.3,-0.05,2.83,19.9,10,-4.5,-7.49,10.8
323,1295,150.6625717,-34.02476,1.3,1.1,0,3.15,20,9.4,-4.6,-7.62,10.65
324,1299,150.6625417,-34.0247683,1.5,0.9,0.06,3.15,19.8,9.5,-4.55,-7.45,10.65
325,1303,150.6625217,-34.0247883,1,1.1,0.09,3.07,19.4,9.6,-4.45,-7.34,10.2
326,1307,150.6625167,-34.0248167,1.1,1.1,0.08,2.87,18.4,9.3,-4.23,-7.1,9.75
327,1311,150.662515,-34.024845,-0.2,0.8,0.32,2.85,17.3,8.2,-4.04,-6.64,8.55
328,1315,150.662515,-34.0248767,0.7,0.2,0.28,3.02,19.2,9.2,-4.36,-6.92,9.95
329,1319,150.66251,-34.02491,1.1,-0.5,0.07,3.47,21.9,10.2,-5.09,-8.12,11.5
330,1323,150.6625067,-34.0249433,2.2,-0.4,-0.16,3.54,23.3,11,-5.53,-9.05,12.75
331,1327,150.6625017,-34.02498,1.5,-0.3,-0.08,3.48,23.3,11.2,-5.49,-9.03,12.4
332,1331,150.662495,-34.0250167,2,0.4,-0.15,3.37,23.4,11.7,-5.57,-9.33,12.7
333,1335,150.6624867,-34.0250533,2.6,0.8,-0.07,3.29,24.9,12.6,-5.75,-9.6,13.75
334,1339,150.6624767,-34.0250933,2.2,1,0.09,3.08,24.7,12.3,-5.72,-9.43,13.45
335,1343,150.6624667,-34.0251333,1.9,0.9,-0.14,3.2,24,11.9,-5.92,-9.88,12.95
336,1347,150.6624567,-34.0251767,2,1.1,-0.14,3.06,23.7,11.4,-5.81,-9.77,12.85
337,1351,150.6624467,-34.02522,1.7,0.8,-0.05,3.24,24,11.7,-5.79,-9.58,12.85
338,1355,150.662435,-34.0252633,1.6,1.5,0.14,3.01,22.2,11.3,-5.17,-8.47,11.9
339,1359,150.6624233,-34.0253083,1.5,2,0.15,2.68,20.8,10.3,-4.81,-8.01,11.15
340,1363,150.6624117,-34.025355,1.7,2,0.08,2.61,20.6,10.4,-4.79,-8.17,11.15
341,1367,150.6624,-34.0254017,1.8,2.3,0.06,2.74,20.7,10.9,-4.84,-8.2,11.25
342,1371,150.6623867,-34.0254483,2.1,2.1,0.03,2.92,20.3,10.3,-4.9,-8.15,11.2
343,1375,150.6623733,-34.025495,1.6,1.9,0.12,3.05,20.1,10.1,-4.8,-7.77,10.85
344,1379,150.66236,-34.0255433,1.9,2.8,0.15,2.86,19.2,9.7,-4.59,-7.6,10.55
345,1383,150.662345,-34.0255933,2.5,2.9,0.16,2.7,19,10.2,-4.5,-7.54,10.75
346,1387,150.6623317,-34.0256417,2.3,3.4,0.23,2.42,18.6,10.1,-4.28,-7.27,10.45
347,1391,150.6623167,-34.02569,2,3.6,0.36,2.23,17.2,10.2,-3.91,-6.65,9.6
348,1395,150.662305,-34.0257383,1.4,4.6,0.46,2.11,15.6,9,-3.62,-6.01,8.5
349,1399,150.6622917,-34.025785,1.3,5.2,0.55,2.11,14.4,8.7,-3.4,-5.41,7.85
350,1403,150.6622817,-34.02583,1.3,6.5,0.7,2.18,13.6,8.4,-3.24,-4.8,7.45
351,1407,150.66227,-34.0258767,1,6.2,0.72,2.27,12.8,8.3,-3.12,-4.42,6.9
352,1411,150.6622583,-34.0259217,0.2,5.4,0.75,2.47,12.2,7,-3.07,-4.18,6.2
353,1415,150.6622467,-34.025965,-0.1,4.7,0.74,2.4,11.8,6.6,-2.98,-4.14,5.85
354,1419,150.6622367,-34.02601,-0.2,4.3,0.64,2.29,11.4,6.3,-2.95,-4.26,5.6
355,1423,150.662225,-34.026055,-0.5,4,0.55,2.16,11.2,6,-2.94,-4.42,5.35
356,1427,150.6622133,-34.0260983,-1,3.3,0.56,2.05,10.7,5.4,-2.88,-4.44,4.85
357,1431,150.6622033,-34.0261417,-1.2,2.2,0.49,2.07,11.6,5.9,-3.01,-4.74,5.2
358,1435,150.6621933,-34.0261833,-1.1,1.6,0.47,2.36,12.7,5.9,-3.29,-5.06,5.8
359,1439,150.6621833,-34.0262233,-1.8,1.2,0.53,2.6,13.6,5.5,-3.52,-5.18,5.9
360,1443,150.662175,-34.0262617,-2.6,1.1,0.56,2.67,14.6,5.9,-3.65,-5.21,6
361,1447,150.6621633,-34.026295,-2.3,1.1,0.53,2.78,14.9,5.9,-3.78,-5.4,6.3
362,1451,150.6621417,-34.02632,-2.3,1.1,0.55,2.83,15,6.5,-3.82,-5.41,6.35
363,1455,150.6621133,-34.02633,-2.4,0.9,0.6,2.82,14.4,5.4,-3.85,-5.45,6
364,1459,150.6620867,-34.0263283,-2.1,0.9,0.58,2.87,13.7,5.3,-3.82,-5.38,5.8
365,1463,150.662065,-34.026315,-2.3,0.9,0.59,2.89,13.8,5.2,-3.79,-5.29,5.75
366,1467,150.6620517,-34.0262967,-1.6,1,0.52,2.79,13.4,5.4,-3.76,-5.36,5.9
367,1471,150.6620467,-34.0262733,-1.7,1.3,0.5,2.68,13.5,5.2,-3.77,-5.41,5.9
368,1475,150.66205,-34.0262467,-2,0.8,0.59,2.87,14,5.4,-3.87,-5.38,6
369,1479,150.662055,-34.0262183,-2.6,0.8,0.61,2.93,14.5,5.5,-3.92,-5.45,5.95
370,1483,150.6620633,-34.0261867,-1.8,0.9,0.54,2.86,15,6.3,-3.95,-5.46,6.6
371,1487,150.6620717,-34.02615,-1.6,0.9,0.52,2.86,15.3,6.5,-3.9,-5.47,6.85
372,1491,150.66208,-34.0261133,-1.4,1.4,0.46,2.73,14.7,6.4,-3.75,-5.36,6.65
373,1495,150.6620917,-34.0260733,-0.9,1.8,0.42,2.53,14,6.2,-3.53,-5.28,6.55
374,1499,150.6621033,-34.0260317,-0.9,2,0.44,2.27,13,6.4,-3.3,-5.17,6.05
375,1503,150.6621133,-34.02599,-0.8,3,0.44,2.03,12.3,6.4,-3.12,-4.99,5.75
376,1507,150.662125,-34.025945,-0.3,2.9,0.49,2.02,11.9,6.9,-3.02,-4.76,5.8
377,1511,150.6621367,-34.0259,-0.4,3.6,0.52,2.04,12,6.5,-3.02,-4.67,5.8
378,1515,150.6621483,-34.025855,-0.7,4.2,0.62,2.12,11.8,6.1,-2.93,-4.34,5.55
379,1519,150.6621583,-34.0258117,-0.7,4.5,0.71,2.27,12,6.5,-3.03,-4.23,5.65
380,1523,150.66217,-34.0257683,-0.8,4.8,0.7,2.35,12.3,6.8,-3.12,-4.41,5.75
381,1527,150.6621817,-34.0257317,0.6,5.5,0.59,2.23,13,7.5,-3.17,-4.74,6.8
382,1531,150.6621917,-34.025695,1.2,5.7,0.72,2.27,14.3,8.4,-3.31,-5.02,7.75
383,1535,150.6622,-34.025655,2.4,6.6,0.59,2.27,16.5,10.5,-3.56,-5.52,9.45
384,1539,150.6622067,-34.0256133,3.7,7.4,0.49,2.2,17.3,11.6,-3.68,-6.03,10.5
385,1543,150.662215,-34.025575,4.5,7.9,0.35,2.13,18.4,12.1,-3.88,-6.56,11.45
386,1547,150.662225,-34.0255333,5.5,8.2,0.23,2.19,19.4,13.2,-4.11,-6.99,12.45
387,1551,150.662235,-34.0254917,5.6,7.9,0.19,2.52,20.5,13.1,-4.43,-7.38,13.05
388,1555,150.6622467,-34.0254483,6.6,7.4,0.09,2.71,21.9,14.4,-4.61,-7.65,14.25
389,1559,150.66226,-34.025405,6.2,7.5,0.07,2.93,22.2,14.6,-4.76,-7.79,14.2
390,1563,150.6622717,-34.02536,5.8,6.8,0.13,3.01,21.2,13.8,-4.64,-7.64,13.5
391,1567,150.662285,-34.025315,5.7,6.7,0.07,2.79,21.1,13.9,-4.56,-7.69,13.4
392,1571,150.6622983,-34.02527,5.8,7.1,0,2.8,21.5,13.8,-4.71,-7.94,13.65
393,1575,150.6623117,-34.0252267,6.3,7.9,-0.02,2.73,21.8,14.5,-4.76,-8.19,14.05
394,1579,150.6623233,-34.0251817,5.9,7.3,0.06,2.69,22.3,14.8,-4.78,-8.24,14.1
395,1583,150.662335,-34.0251367,5.3,7,0.21,2.76,22.7,14.7,-4.77,-8.06,14
396,1587,150.6623467,-34.0250917,5.6,7.2,0.14,2.79,23.7,15.3,-5,-8.43,14.65
397,1591,150.6623567,-34.0250467,4.6,6.3,0.04,3.05,24.4,14.7,-5.47,-9.22,14.5
398,1595,150.6623683,-34.0250017,5,6.3,-0.05,3.1,25.6,15.2,-5.75,-9.83,15.3
399,1599,150.66238,-34.024955,5.1,6.5,0.06,3.1,24.9,15,-5.73,-9.78,15
400,1603,150.6623933,-34.02491,4.5,4.9,-0.03,3.1,24.8,14.1,-5.85,-10.07,14.65
401,1607,150.6624067,-34.024865,2.6,2.2,0.12,3.62,25.6,13.4,-6.14,-9.72,14.1
402,1611,150.6624167,-34.024825,1.2,1.3,0.34,3.94,24.9,11.7,-5.86,-8.68,13.05
403,1615,150.6624283,-34.02479,2.5,1.4,0.12,3.7,22.8,11.4,-5.19,-8.12,12.65
404,1619,150.6624383,-34.0247617,1.4,1.1,0.28,3.06,18.5,9.4,-4.19,-6.88,9.95
405,1623,150.662435,-34.024735,1.5,1.9,0.16,2.61,17.1,9,-4.05,-6.84,9.3
406,1627,150.66242,-34.0247133,1.4,1.6,0.12,2.74,18.1,9.5,-4.3,-7.36,9.75
407,1631,150.6623933,-34.0247017,2.4,2.1,-0.04,2.88,19.7,10.3,-4.66,-7.98,11.05
408,1635,150.6623633,-34.0247033,2.7,2.5,-0.08,2.92,19.9,10.9,-4.63,-8.15,11.3
409,1639,150.6623383,-34.0247167,2.4,3.4,0,2.68,18.6,10.6,-4.33,-7.84,10.5
410,1643,150.6623233,-34.02474,2.7,3.3,0.04,2.55,18.5,10.7,-4.3,-7.72,10.6
411,1647,150.6623133,-34.0247667,2.4,3,0.03,2.67,19,10.6,-4.47,-7.65,10.7
412,1651,150.662305,-34.024795,0.7,2.7,0.21,2.74,18.2,9.5,-4.29,-7.21,9.45
413,1655,150.6622967,-34.0248283,1.1,2.8,0.32,2.77,18.5,10.1,-4.27,-6.94,9.8
414,1659,150.66229,-34.0248633,3,3.4,0.17,3.18,21.9,12.2,-4.84,-7.6,12.45
415,1663,150.6622833,-34.0249,4.2,4,0.1,3.56,24.7,13.6,-5.43,-8.34,14.45
416,1667,150.662275,-34.0249367,3.9,4.3,0.09,3.57,25.5,14,-5.83,-9.12,14.7
417,1671,150.662265,-34.0249733,3.6,5,0.09,3.54,25.9,13.9,-6.06,-9.7,14.75
418,1675,150.6622567,-34.0250133,4.9,5.4,-0.01,3.34,25.4,15.1,-5.96,-9.81,15.15
419,1679,150.662245,-34.0250517,6.2,6,-0.16,3.23,25.8,14.9,-5.98,-9.8,16
420,1683,150.662235,-34.0250917,6,7,-0.1,3.17,24.3,14.6,-5.53,-9.06,15.15
421,1687,150.6622233,-34.0251333,5.8,7.1,0.01,2.92,22.8,14,-5.02,-8.35,14.3
422,1691,150.6622133,-34.025175,6.7,7.8,0.08,2.83,22.4,14.4,-4.83,-8.1,14.55
423,1695,150.6622033,-34.0252167,6,7.6,0.08,2.93,22.6,14,-4.95,-8.16,14.3
424,1699,150.6621917,-34.0252567,5.6,7.2,0.1,3.08,22.7,14.5,-4.93,-8.02,14.15
425,1703,150.6621817,-34.0252983,5.8,6.7,0.01,3.13,22.4,14.1,-4.99,-8.15,14.1
426,1707,150.66217,-34.02534,5.1,6.1,0.03,3.17,22.6,14,-4.99,-8.1,13.85
427,1711,150.66216,-34.0253783,5.4,5.7,0.08,3.33,23,13.4,-5.04,-8.01,14.2
428,1715,150.66215,-34.0254167,5.3,5.8,0.11,3.2,22.6,14,-4.91,-7.86,13.95
429,1719,150.6621417,-34.0254517,5.2,6.7,0.09,3.12,22.4,13.6,-4.85,-7.84,13.8
430,1723,150.662135,-34.0254817,5.3,6.9,0.08,2.8,21.3,13.4,-4.66,-7.82,13.3
431,1727,150.6621267,-34.02551,4.6,6.7,0.15,2.7,20.7,12.7,-4.53,-7.63,12.65
432,1731,150.6621217,-34.025535,4.1,7.5,0.17,2.54,20.2,12.9,-4.38,-7.49,12.15
433,1735,150.662115,-34.02556,4.5,7,0.3,2.4,19.7,13.1,-4.18,-7.16,12.1
434,1739,150.6621083,-34.0255833,3.3,6.8,0.42,2.35,18.9,12.2,-4.03,-6.8,11.1
435,1743,150.6621033,-34.0256067,2.8,7,0.48,2.35,18,11.2,-3.91,-6.51,10.4
436,1747,150.6620967,-34.0256317,2.6,6.6,0.5,2.27,17,10.6,-3.79,-6.31,9.8
437,1751,150.66209,-34.0256617,2.1,6.5,0.51,2.12,16.2,9.8,-3.6,-6.04,9.15
438,1755,150.6620833,-34.0256933,1.3,5.9,0.62,2.12,15.7,9.5,-3.46,-5.54,8.5
439,1759,150.6620783,-34.0257267,1.3,5.8,0.69,2.21,15.2,8.9,-3.36,-5.26,8.25
440,1763,150.6620717,-34.02576,0.2,5.4,0.61,1.81,14.6,8.2,-3.12,-4.95,7.4
441,1767,150.6620667,-34.025795,-0.8,4.3,0.8,2.52,13.3,7,-3.28,-4.58,6.25
442,1771,150.66206,-34.0258317,-1,3.8,0.76,2.5,12.3,6.4,-3.14,-4.4,5.65
443,1775,150.662055,-34.02587,-1.5,4.1,0.81,2.43,11.9,5.9,-3.06,-4.25,5.2
444,1779,150.6620467,-34.0259083,-1,3.6,0.73,2.36,12,6.1,-3.02,-4.3,5.5
445,1783,150.6620383,-34.0259483,-0.3,4.2,0.53,2.11,11.8,6.3,-2.99,-4.49,5.75
446,1787,150.66203,-34.02599,-0.2,3.5,0.47,2.08,12.2,6.5,-3.06,-4.75,6
447,1791,150.6620217,-34.0260333,-0.5,3.3,0.45,2.09,12.1,6.8,-3.1,-4.76,5.8
448,1795,150.6620133,-34.0260733,-0.9,2.2,0.45,2.11,12.8,7,-3.22,-5.02,5.95
449,1799,150.6620117,-34.0261133,-0.9,2.1,0.54,2.33,13.7,6.5,-3.39,-5.19,6.4
450,1803,150.662015,-34.02615,-0.9,2.2,0.51,2.5,14.2,6.5,-3.55,-5.36,6.65
451,1807,150.6620167,-34.026185,-2.7,1.3,0.59,2.74,15.7,6.2,-3.79,-5.37,6.5
452,1811,150.6620067,-34.0262133,-2.2,1.4,0.66,2.93,15.1,6.5,-3.9,-5.45,6.45
453,1815,150.6619817,-34.02623,-2,2,0.65,3.03,15.1,6.1,-3.97,-5.47,6.55
454,1819,150.661955,-34.0262317,-1.9,1.5,0.65,3.06,14.9,5.7,-3.99,-5.45,6.5
455,1823,150.6619317,-34.0262217,-2.2,1.3,0.7,3.14,14.8,5.2,-4.01,-5.39,6.3
456,1827,150.6619183,-34.0262017,-4.3,0.3,0.74,3.17,13.8,5.2,-3.94,-5.34,4.75
457,1831,150.6619183,-34.026175,-2.6,0.8,0.69,3.09,14.1,5.2,-3.93,-5.34,5.75
458,1835,150.6619267,-34.0261467,-1.6,1.2,0.51,2.99,14.6,5.7,-3.97,-5.49,6.5
459,1839,150.6619383,-34.0261117,-0.5,1.6,0.37,2.68,14.4,6.2,-3.82,-5.55,6.95
460,1843,150.6619483,-34.0260733,-0.4,1.5,0.36,2.62,14.7,6.7,-3.81,-5.56,7.15
461,1847,150.66196,-34.0260317,-1.2,1.1,0.43,2.58,14.5,6.2,-3.64,-5.37,6.65
462,1851,150.66197,-34.0259883,-0.7,1.1,0.42,2.36,13.4,6.2,-3.38,-5.14,6.35
463,1855,150.66198,-34.0259433,-0.7,2.2,0.43,2.11,12.7,5.9,-3.14,-4.89,6
464,1859,150.66199,-34.0258983,-0.8,2.3,0.5,2.04,12.3,6,-3.05,-4.77,5.75
465,1863,150.6620033,-34.0258533,-0.5,3.2,0.55,2.05,12.2,5.9,-3.01,-4.53,5.85
466,1867,150.66201,-34.02581,-0.6,3.5,0.64,2.25,12.7,6.7,-3.06,-4.38,6.05
467,1871,150.6620133,-34.025765,-1,4.3,0.69,2.32,11.9,6.1,-2.99,-4.21,5.45
468,1875,150.6620183,-34.0257217,-1.8,4.3,0.8,2.44,11.5,6,-2.94,-4.04,4.85
469,1879,150.6620283,-34.0256767,-0.8,4.6,0.76,2.52,12.2,6.7,-3,-4.23,5.7
470,1883,150.6620417,-34.0256333,0.5,5.4,0.58,2.2,12.8,7.3,-3.15,-4.7,6.65
471,1887,150.6620517,-34.0255883,0.7,5.8,0.55,2.19,13.7,7.7,-3.32,-5.18,7.2
472,1891,150.6620633,-34.0255433,1.4,5.8,0.47,2.01,14,8.4,-3.39,-5.47,7.7
473,1895,150.662075,-34.0254983,2.1,5.9,0.29,1.87,15.5,9,-3.59,-6.07,8.8
474,1899,150.6620867,-34.0254517,3.6,6.8,0.16,1.83,16.4,10.1,-3.85,-6.7,10
475,1903,150.6620983,-34.0254067,4.1,6.7,0.03,2.08,17.7,10.8,-4.17,-7.25,10.9
476,1907,150.6621083,-34.02536,4,6.3,-0.04,2.03,17.2,10.8,-4.16,-7.42,10.6
477,1911,150.6621167,-34.0253133,4.3,5.9,-0.14,2.3,18,10.6,-4.43,-7.81,11.15
478,1915,150.6621233,-34.0252667,3.1,5.3,0.1,2.61,18.1,10.2,-4.49,-7.59,10.6
479,1919,150.6621317,-34.0252183,1.5,4.7,0.31,2.83,17.3,10,-4.33,-7.3,9.4
480,1923,150.66214,-34.0251717,2.8,6,0.18,2.64,17.3,10.2,-4.22,-7.23,10.05
481,1927,150.6621517,-34.025125,2.5,6.2,0.27,2.68,17.4,10.6,-4.3,-7.2,9.95
482,1931,150.6621667,-34.0250767,2.9,6.1,0.13,2.58,18.2,11,-4.38,-7.52,10.55
483,1935,150.66218,-34.0250283,3.4,6.2,0.01,2.55,19.2,11.4,-4.52,-7.85,11.3
484,1939,150.6621933,-34.0249783,3.8,6.1,-0.12,2.58,19.9,11.5,-4.92,-8.59,11.85
485,1943,150.662205,-34.0249283,3,5.4,0.05,2.83,20.5,11.3,-5.26,-8.99,11.75
486,1947,150.662215,-34.0248783,3.4,4.9,-0.16,2.59,20.8,12,-5.2,-9.29,12.1
487,1951,150.6622267,-34.0248267,2.3,4.9,-0.05,2.62,20.3,11,-4.98,-8.79,11.3
488,1955,150.6622367,-34.024775,2,4.1,0.08,2.77,18.7,10,-4.67,-8.02,10.35
489,1959,150.6622467,-34.024725,2.9,3.9,0.04,2.63,17.2,9.9,-4.28,-7.4,10.05
490,1963,150.66226,-34.0246733,4.1,4.9,-0.09,2.27,16.9,10.4,-4.05,-7.38,10.5
