ID,Latitude,Longitude,Accuracy,Time,Data1,Data2 
3799.0-34.02494417,150.66321084,4.288000106811523,121713,58.0,9.34
3800.0-34.0249449,150.66321048,3.2160000801086426,121714,58.0,9.34
3802.0-34.02494583,150.66321022,3.2160000801086426,121715,58.0,9.33
3804.0-34.02494672,150.66320947,3.2160000801086426,121716,58.0,9.32
3805.0-34.02494744,150.66320875,3.2160000801086426,121717,58.0,9.32
3807.0-34.024948,150.66320811,3.2160000801086426,121718,58.0,9.34
3808.0-34.02494875,150.66320801,3.2160000801086426,121719,58.0,9.34
3811.0-34.02494914,150.66320784,3.2160000801086426,121720,58.0,9.0
53.33-34.02494933,150.66320786,3.2160000801086426,121721,58.0,9.0
3814.0-34.0249496,150.66320797,3.2160000801086426,121722,58.0,9.32
3815.0-34.02495671,150.6632069,3.2160000801086426,121723,58.0,9.34
3817.0-34.02497043,150.66320675,3.2160000801086426,121724,60.0,9.42
3819.0-34.02498922,150.66320416,3.2160000801086426,121725,64.0,9.54
3820.0-34.02501013,150.6631981,3.2160000801086426,121726,65.0,9.59
44.76-34.0250323,150.66319145,3.2160000801086426,121727,68.0,9.0
3824.0-34.02505607,150.66318247,3.2160000801086426,121728,68.0,9.87
3826.0-34.02508016,150.66317507,3.2160000801086426,121729,67.0,9.9
3827.0-34.02510442,150.66316959,3.2160000801086426,121730,67.0,9.9
3829.0-34.02512939,150.66316558,3.2160000801086426,121731,65.0,9.87
3830.0-34.02515273,150.66316059,3.2160000801086426,121732,66.0,7.9
3832.0-34.02517484,150.66315585,3.2160000801086426,121733,65.0,7.89
3834.0-34.0251984,150.66314933,3.2160000801086426,121734,65.0,7.89
3836.0-34.02522061,150.66314398,3.2160000801086426,121735,64.0,9.81
3837.0-34.02524368,150.6631385,3.2160000801086426,121736,64.0,9.82
3839.0-34.0252663,150.66313389,3.2160000801086426,121737,63.0,5.92
3840.0-34.02528869,150.66312845,3.2160000801086426,121738,65.0,3.97
3842.0-34.02531339,150.663122,3.2160000801086426,121739,62.0,0.14
3844.0-34.02533764,150.66311581,3.2160000801086426,121740,60.0,2.11
3846.0-34.02536115,150.66310941,3.2160000801086426,121741,60.0,2.19
3847.0-34.0253856,150.66310332,3.2160000801086426,121742,62.0,4.07
3849.0-34.02541054,150.6630975,3.2160000801086426,121743,63.0,6.07
3851.0-34.02543611,150.66308939,3.2160000801086426,121744,61.0,9.94
3852.0-34.02546152,150.66308303,3.2160000801086426,121745,74.0,8.3
3854.0-34.02548591,150.66307632,3.2160000801086426,121746,71.0,6.39
3855.0-34.02551118,150.66306922,3.2160000801086426,121747,72.0,6.4
3857.0-34.02553817,150.66306044,3.2160000801086426,121748,61.0,6.1
3859.0-34.02556678,150.66305175,3.2160000801086426,121749,68.0,8.01
3861.0-34.02559394,150.66304439,3.2160000801086426,121750,71.0,4.07
3862.0-34.02561973,150.66303692,3.2160000801086426,121751,73.0,4.08
3864.0-34.02564413,150.66302882,3.2160000801086426,121752,73.0,2.09
3865.0-34.02566828,150.66302127,3.2160000801086426,121753,73.0,2.13
3867.0-34.02569313,150.66301259,3.2160000801086426,121754,69.0,2.12
3869.0-34.02571817,150.66300406,3.2160000801086426,121755,69.0,2.17
3870.0-34.02574405,150.66299558,3.2160000801086426,121756,70.0,4.12
48.21-34.02577083,150.66298688,3.2160000801086426,121757,71.0,4.15
46.24-34.02579878,150.6629793,3.2160000801086426,121758,69.0,4.2
3875.0-34.02582485,150.66297138,3.2160000801086426,121759,67.0,2.22
3877.0-34.02584905,150.66296404,3.2160000801086426,121800,67.0,2.11
3879.0-34.0258744,150.66295611,3.2160000801086426,121801,65.0,5.99
3880.0-34.0258984,150.66294796,3.2160000801086426,121802,67.0,4.02
3882.0-34.02592359,150.66293932,3.2160000801086426,121803,64.0,5.99
3884.0-34.02594971,150.66293058,3.2160000801086426,121804,69.0,4.03
3886.0-34.02597629,150.6629227,3.2160000801086426,121805,71.0,5.98
3887.0-34.02600386,150.66291546,3.2160000801086426,121806,72.0,7.9
3889.0-34.02603264,150.66290762,3.2160000801086426,121807,70.0,9.84
3890.0-34.02605855,150.66289933,3.2160000801086426,121808,69.0,9.83
3892.0-34.02608535,150.66289554,3.2160000801086426,121809,67.0,9.87
3894.0-34.0261122,150.66289312,3.2160000801086426,121810,69.0,9.87
3896.0-34.02614124,150.66289049,3.2160000801086426,121811,68.0,9.82
3897.0-34.02617107,150.66288708,3.2160000801086426,121812,69.0,9.8
3899.0-34.0262001,150.66288166,3.2160000801086426,121813,70.0,7.82
3900.0-34.02622852,150.66287627,3.2160000801086426,121814,73.0,7.87
3902.0-34.02625773,150.66286974,3.2160000801086426,121815,74.0,7.89
3904.0-34.02628619,150.66286417,3.2160000801086426,121816,75.0,9.86
3905.0-34.02631374,150.66285925,3.2160000801086426,121817,73.0,7.87
3907.0-34.02634147,150.66285526,3.2160000801086426,121818,73.0,7.89
3909.0-34.02636809,150.66285201,3.2160000801086426,121819,73.0,6.19
3910.0-34.02639558,150.66284906,3.2160000801086426,121820,73.0,8.16
3912.0-34.02642375,150.66284626,3.2160000801086426,121821,73.0,8.15
3914.0-34.02645056,150.66284239,3.2160000801086426,121822,72.0,5.94
3915.0-34.02647648,150.66283753,3.2160000801086426,121823,74.0,3.96
3917.0-34.02650137,150.66283135,3.2160000801086426,121824,76.0,4.0
3919.0-34.02652588,150.6628242,3.2160000801086426,121825,77.0,7.96
3921.0-34.02654877,150.66281596,3.2160000801086426,121826,73.0,7.92
3922.0-34.02656839,150.66280484,3.2160000801086426,121827,71.0,7.91
3924.0-34.02658474,150.66278571,3.2160000801086426,121828,71.0,7.83
3925.0-34.02659409,150.66275865,3.2160000801086426,121829,68.0,9.79
3927.0-34.02659386,150.66273115,3.2160000801086426,121830,71.0,9.8
3929.0-34.02658363,150.6627082,3.2160000801086426,121831,71.0,9.82
3931.0-34.02656577,150.66269129,3.2160000801086426,121832,71.0,9.0
3932.0-34.02654327,150.66268309,3.2160000801086426,121833,71.0,9.84
3934.0-34.02651892,150.66268242,3.2160000801086426,121834,66.0,7.9
3935.0-34.02649411,150.66268725,3.2160000801086426,121835,65.0,7.87
3937.0-34.02647196,150.66269817,3.2160000801086426,121836,66.0,3.98
3939.0-34.02644793,150.66271034,3.2160000801086426,121837,69.0,2.02
3940.0-34.02642505,150.66272374,3.2160000801086426,121838,70.0,0.09
3942.0-34.02640293,150.66273361,3.2160000801086426,121839,76.0,0.11
3944.0-34.02638097,150.66274315,3.2160000801086426,121840,77.0,0.15
46.11-34.02635936,150.66275179,3.2160000801086426,121841,78.0,0.15
3947.0-34.0263396,150.66276303,3.2160000801086426,121842,80.0,6.03
3949.0-34.02631995,150.66277207,3.2160000801086426,121843,85.0,9.9
3950.0-34.02629781,150.66277893,3.2160000801086426,121844,89.0,9.9
3952.0-34.02627412,150.66278454,3.2160000801086426,121845,89.0,7.91
44.87-34.02625227,150.66278924,3.2160000801086426,121846,87.0,7.0
3955.0-34.0262321,150.66279444,3.2160000801086426,121847,85.0,7.84
3957.0-34.02621216,150.66279958,3.2160000801086426,121848,85.0,9.78
3959.0-34.02619152,150.66280409,3.2160000801086426,121849,86.0,9.83
3960.0-34.0261694,150.66280919,3.2160000801086426,121850,87.0,9.82
3962.0-34.02614889,150.66281553,3.2160000801086426,121851,87.0,9.83
3964.0-34.02612908,150.66282183,3.2160000801086426,121852,89.0,9.83
3965.0-34.02610825,150.66282769,3.2160000801086426,121853,90.0,9.86
3967.0-34.02608811,150.66283154,3.2160000801086426,121854,91.0,9.81
3969.0-34.026068,150.66283343,3.2160000801086426,121855,92.0,7.87
3970.0-34.02604878,150.6628335,3.2160000801086426,121856,89.0,7.84
3972.0-34.0260312,150.66283535,3.2160000801086426,121857,89.0,5.93
3974.0-34.02601547,150.66284028,3.2160000801086426,121858,86.0,7.89
44.95-34.02599954,150.66284552,3.2160000801086426,121859,87.0,5.0
3977.0-34.02598169,150.66284967,3.2160000801086426,121900,82.0,7.91
3979.0-34.02596365,150.66285431,3.2160000801086426,121901,76.0,7.91
3980.0-34.02594489,150.66285807,3.2160000801086426,121902,76.0,9.89
3982.0-34.02592485,150.66286065,3.2160000801086426,121903,78.0,7.92
3984.0-34.02590532,150.66286377,3.2160000801086426,121904,90.0,7.9
3985.0-34.02588579,150.66286635,3.2160000801086426,121905,90.0,7.9
3987.0-34.02586578,150.66286988,3.2160000801086426,121906,97.0,9.85
3989.0-34.02584533,150.66287377,3.2160000801086426,121907,93.0,7.94
3990.0-34.02582332,150.6628779,3.2160000801086426,121908,91.0,7.91
3992.0-34.02580165,150.66288188,3.2160000801086426,121909,90.0,7.91
3994.0-34.02577903,150.66288339,3.2160000801086426,121910,91.0,7.9
3995.0-34.02575594,150.66288399,3.2160000801086426,121911,95.0,5.94
3997.0-34.02573573,150.66288768,3.2160000801086426,121912,100.0,5.99
3999.0-34.02571473,150.66289185,3.2160000801086426,121913,103.0,4.03
4000.0-34.02569546,150.66289762,3.2160000801086426,121914,102.0,6.0
4002.0-34.02567876,150.66290508,3.2160000801086426,121915,95.0,3.99
4004.0-34.02565905,150.66291165,3.2160000801086426,121916,95.0,7.89
4005.0-34.02564032,150.66291843,3.2160000801086426,121917,96.0,7.87
4007.0-34.02562171,150.66292565,3.2160000801086426,121918,98.0,7.86
44.93-34.02560349,150.6629337,3.2160000801086426,121919,97.0,5.0
4010.0-34.02558372,150.66293949,3.2160000801086426,121920,96.0,5.94
4012.0-34.02556171,150.66294553,3.2160000801086426,121921,99.0,4.02
4014.0-34.02553851,150.662952,3.2160000801086426,121922,100.0,5.95
4015.0-34.02551571,150.66295925,3.2160000801086426,121923,100.0,5.96
4017.0-34.02549272,150.66296675,3.2160000801086426,121924,95.0,7.92
4019.0-34.02547049,150.66297393,3.2160000801086426,121925,99.0,5.94
48.0-34.02544774,150.66298011,3.2160000801086426,121926,100.0,5.94
4022.0-34.02542477,150.66298539,3.2160000801086426,121927,104.0,2.01
4024.0-34.02540306,150.66299002,3.2160000801086426,121928,99.0,2.1
4025.0-34.02538276,150.66299807,3.2160000801086426,121929,94.0,2.06
4027.0-34.02535804,150.66300432,3.2160000801086426,121930,89.0,5.98
4029.0-34.02533597,150.66301019,3.2160000801086426,121931,89.0,7.87
44.86-34.02531527,150.66301742,3.2160000801086426,121932,93.0,9.0
4032.0-34.02529487,150.66302321,3.2160000801086426,121933,100.0,7.92
4034.0-34.02527355,150.66302786,3.2160000801086426,121934,102.0,6.0
4035.0-34.02525427,150.66303274,3.2160000801086426,121935,103.0,6.0
4037.0-34.02523328,150.66303859,3.2160000801086426,121936,103.0,7.98
4039.0-34.02521139,150.66304323,3.2160000801086426,121937,99.0,8.0
4040.0-34.02518898,150.66304808,3.2160000801086426,121938,99.0,6.02
4042.0-34.02516853,150.66305343,3.2160000801086426,121939,100.0,2.12
4044.0-34.02514749,150.66305798,3.2160000801086426,121940,98.0,2.1
4045.0-34.02512629,150.66306221,3.2160000801086426,121941,96.0,2.1
44.98-34.02510717,150.66306654,3.2160000801086426,121942,88.0,5.0
4049.0-34.02508869,150.66306746,3.2160000801086426,121943,86.0,6.01
4050.0-34.02507022,150.66307051,3.2160000801086426,121944,86.0,7.98
4052.0-34.02505182,150.6630746,3.2160000801086426,121945,90.0,5.98
4054.0-34.02503292,150.66307973,3.2160000801086426,121946,94.0,7.88
4055.0-34.02501346,150.66308544,3.2160000801086426,121947,94.0,7.85
4057.0-34.02499391,150.66308998,3.2160000801086426,121948,97.0,9.84
4059.0-34.02497637,150.66309478,3.2160000801086426,121949,97.0,9.77
4060.0-34.02495877,150.66309833,3.2160000801086426,121950,99.0,9.79
4062.0-34.02494308,150.6631035,3.2160000801086426,121951,98.0,7.79
4064.0-34.0249258,150.66310947,3.2160000801086426,121952,100.0,5.85
4065.0-34.02490789,150.66311427,3.2160000801086426,121953,98.0,5.88
4067.0-34.02489076,150.66312031,3.2160000801086426,121954,89.0,7.89
4069.0-34.02487279,150.66312646,3.2160000801086426,121955,79.0,8.02
4070.0-34.0248556,150.66312919,3.2160000801086426,121956,75.0,6.06
4072.0-34.02484155,150.66312574,3.2160000801086426,121957,70.0,6.05
4074.0-34.02482996,150.66311225,3.2160000801086426,121958,72.0,7.92
4075.0-34.02482552,150.66309266,3.2160000801086426,121959,72.0,9.86
4077.0-34.0248306,150.66307266,3.2160000801086426,122000,73.0,9.79
4079.0-34.02483993,150.66305092,3.2160000801086426,122001,74.0,9.75
4080.0-34.02485462,150.66303146,3.2160000801086426,122002,75.0,9.76
4082.0-34.02487285,150.66301595,3.2160000801086426,122003,77.0,9.0
44.96-34.02489405,150.66300634,3.2160000801086426,122004,74.0,5.0
4085.0-34.02491629,150.66300235,3.2160000801086426,122005,74.0,5.94
4087.0-34.02493877,150.66299869,3.2160000801086426,122006,72.0,5.98
4089.0-34.02496122,150.66299603,3.2160000801086426,122007,72.0,9.86
4090.0-34.02498275,150.662994,3.2160000801086426,122008,76.0,9.89
4092.0-34.02500497,150.66299036,3.2160000801086426,122009,84.0,7.91
4094.0-34.02502866,150.66298585,3.2160000801086426,122010,90.0,7.87
4095.0-34.02505166,150.66298171,3.2160000801086426,122011,88.0,7.83
4097.0-34.02507247,150.66297624,3.2160000801086426,122012,87.0,9.76
4099.0-34.02509201,150.6629709,3.2160000801086426,122013,89.0,9.77
4100.0-34.02511147,150.66296771,3.2160000801086426,122014,92.0,9.77
4102.0-34.02513097,150.66296373,3.2160000801086426,122015,91.0,9.81
4104.0-34.02515014,150.66295966,3.2160000801086426,122016,89.0,9.8
4105.0-34.02516846,150.662956,3.2160000801086426,122017,90.0,9.78
4107.0-34.02518464,150.66295233,3.2160000801086426,122018,98.0,7.83
4109.0-34.02520067,150.66294917,3.2160000801086426,122019,101.0,7.92
4110.0-34.02521734,150.66294456,3.2160000801086426,122020,99.0,7.93
4112.0-34.02523565,150.6629429,3.2160000801086426,122021,97.0,9.87
4114.0-34.0252544,150.66293987,3.2160000801086426,122022,98.0,9.8
4115.0-34.0252734,150.66293721,3.2160000801086426,122023,99.0,9.81
4117.0-34.02529275,150.66293425,3.2160000801086426,122024,99.0,9.75
4119.0-34.02531041,150.66292857,3.2160000801086426,122025,100.0,9.77
4120.0-34.02532625,150.66292126,3.2160000801086426,122026,100.0,9.76
4122.0-34.02534159,150.66291665,3.2160000801086426,122027,97.0,9.82
4123.0-34.02535908,150.6629108,3.2160000801086426,122028,92.0,9.77
4125.0-34.02537819,150.6629057,3.2160000801086426,122029,91.0,9.76
4127.0-34.02539543,150.66290059,3.2160000801086426,122030,90.0,9.77
4129.0-34.0254122,150.66289769,3.2160000801086426,122031,92.0,9.81
4130.0-34.02543152,150.66289367,3.2160000801086426,122032,92.0,9.79
4132.0-34.02545082,150.66288993,3.2160000801086426,122033,94.0,7.82
4134.0-34.02546878,150.66288601,3.2160000801086426,122034,98.0,7.83
4135.0-34.02548614,150.66288043,3.2160000801086426,122035,99.0,7.82
4137.0-34.02550359,150.66287354,3.2160000801086426,122036,97.0,9.77
4139.0-34.02552177,150.66286622,3.2160000801086426,122037,94.0,9.75
4140.0-34.02553922,150.66285836,3.2160000801086426,122038,93.0,9.76
4142.0-34.02555558,150.66284915,3.2160000801086426,122039,95.0,9.76
53.82-34.02557374,150.66283922,3.2160000801086426,122040,91.0,9.8
4145.0-34.02559141,150.66283191,3.2160000801086426,122041,91.0,9.86
4147.0-34.02561072,150.66282689,3.2160000801086426,122042,86.0,9.86
4149.0-34.02563041,150.66282115,3.2160000801086426,122043,90.0,7.98
4150.0-34.02564999,150.66281458,3.2160000801086426,122044,88.0,6.02
4152.0-34.02566989,150.66280857,3.2160000801086426,122045,83.0,6.05
4154.0-34.02568963,150.66280267,3.2160000801086426,122046,79.0,7.93
4155.0-34.02571079,150.6627981,3.2160000801086426,122047,79.0,9.87
4157.0-34.02573209,150.66279357,3.2160000801086426,122048,87.0,9.86
4159.0-34.02575439,150.66278823,3.2160000801086426,122049,92.0,9.83
4160.0-34.02577396,150.66278275,3.2160000801086426,122050,96.0,9.85
4162.0-34.02579233,150.66277776,3.2160000801086426,122051,94.0,9.87
4164.0-34.025811,150.66277351,3.2160000801086426,122052,88.0,9.85
4165.0-34.02583235,150.66277125,3.2160000801086426,122053,86.0,9.8
4167.0-34.0258536,150.66276698,3.2160000801086426,122054,85.0,9.76
4169.0-34.02587352,150.66276165,3.2160000801086426,122055,83.0,9.78
4170.0-34.02589273,150.66275601,3.2160000801086426,122056,84.0,9.79
4172.0-34.02591122,150.66275073,3.2160000801086426,122057,87.0,9.7
4174.0-34.02593062,150.66274663,3.2160000801086426,122058,93.0,9.68
4175.0-34.02595185,150.66274172,3.2160000801086426,122059,93.0,9.67
4177.0-34.02597155,150.6627363,3.2160000801086426,122100,90.0,9.71
4179.0-34.02598967,150.66273084,3.2160000801086426,122101,84.0,9.73
4180.0-34.02600742,150.66272551,3.2160000801086426,122102,82.0,9.78
4182.0-34.02602565,150.66272104,3.2160000801086426,122103,76.0,9.85
4184.0-34.0260441,150.66271599,3.2160000801086426,122104,75.0,7.9
4185.0-34.02606156,150.6627112,3.2160000801086426,122105,73.0,7.89
4187.0-34.02607841,150.66270621,3.2160000801086426,122106,74.0,7.89
4189.0-34.02609529,150.66270044,3.2160000801086426,122107,74.0,9.83
4190.0-34.02611257,150.66269526,3.2160000801086426,122108,74.0,9.79
4192.0-34.02613153,150.66269245,3.2160000801086426,122109,75.0,7.78
4194.0-34.02614918,150.66268878,3.2160000801086426,122110,72.0,7.79
4195.0-34.02616643,150.66268609,3.2160000801086426,122111,71.0,7.81
4197.0-34.02618289,150.66268362,3.2160000801086426,122112,70.0,9.8
4199.0-34.02619842,150.66268254,3.2160000801086426,122113,69.0,9.79
4200.0-34.02621322,150.66268393,3.2160000801086426,122114,71.0,9.76
4202.0-34.02623079,150.66268358,3.2160000801086426,122115,72.0,7.81
4203.0-34.02624941,150.66268274,3.2160000801086426,122116,75.0,5.92
4205.0-34.02626672,150.66268122,3.2160000801086426,122117,78.0,5.98
4207.0-34.02628393,150.66267869,3.2160000801086426,122118,81.0,7.94
4209.0-34.0263033,150.66267695,3.2160000801086426,122119,85.0,9.8
4210.0-34.02632154,150.66267368,3.2160000801086426,122120,86.0,9.82
4212.0-34.02634013,150.66267082,3.2160000801086426,122121,94.0,9.83
4214.0-34.0263576,150.66266696,3.2160000801086426,122122,97.0,9.85
4215.0-34.02637564,150.66266246,3.2160000801086426,122123,97.0,9.0
4217.0-34.02639457,150.66265754,3.2160000801086426,122124,91.0,9.71
4219.0-34.02641005,150.66265249,3.2160000801086426,122125,87.0,9.72
4220.0-34.02642552,150.66264639,3.2160000801086426,122126,85.0,9.71
4222.0-34.02644242,150.66263799,3.2160000801086426,122127,88.0,9.74
4224.0-34.02645824,150.66262612,3.2160000801086426,122128,84.0,9.74
4225.0-34.02646959,150.66260907,3.2160000801086426,122129,81.0,9.78
44.82-34.0264735,150.66258842,3.2160000801086426,122130,71.0,9.0
4229.0-34.02646712,150.66256585,3.2160000801086426,122131,66.0,9.75
4230.0-34.0264518,150.66254806,3.2160000801086426,122132,66.0,9.73
4232.0-34.02643009,150.66254014,3.2160000801086426,122133,65.0,9.6
4234.0-34.02640764,150.66253921,3.2160000801086426,122134,64.0,9.61
4235.0-34.02638567,150.66254291,3.2160000801086426,122135,65.0,9.62
4237.0-34.02636468,150.66254755,3.2160000801086426,122136,70.0,7.78
4239.0-34.02634495,150.66255328,3.2160000801086426,122137,72.0,7.85
4240.0-34.02632397,150.66255681,3.2160000801086426,122138,73.0,7.89
4242.0-34.0263053,150.66256073,3.2160000801086426,122139,77.0,9.85
4244.0-34.02628653,150.66256375,3.2160000801086426,122140,81.0,9.88
4245.0-34.02626852,150.66256572,3.2160000801086426,122141,82.0,9.84
4247.0-34.02625255,150.66256622,3.2160000801086426,122142,80.0,9.84
4249.0-34.02623718,150.6625678,3.2160000801086426,122143,81.0,9.8
4250.0-34.02622263,150.66257224,3.2160000801086426,122144,81.0,9.8
4252.0-34.02620888,150.66257715,3.2160000801086426,122145,83.0,9.76
4254.0-34.02619339,150.66258241,3.2160000801086426,122146,80.0,9.72
4255.0-34.0261764,150.66258834,3.2160000801086426,122147,75.0,9.72
4257.0-34.02616109,150.66259136,3.2160000801086426,122148,70.0,9.74
44.73-34.0261442,150.66259611,3.2160000801086426,122149,69.0,9.0
4260.0-34.02612641,150.66260007,3.2160000801086426,122150,77.0,9.72
4262.0-34.02610834,150.66260363,3.2160000801086426,122151,83.0,9.66
4264.0-34.02609012,150.66260706,3.2160000801086426,122152,89.0,9.65
4265.0-34.02607554,150.66261078,3.2160000801086426,122153,89.0,9.66
4267.0-34.02606011,150.66261551,3.2160000801086426,122154,87.0,9.68
4269.0-34.02604247,150.66262092,3.2160000801086426,122155,84.0,9.67
4270.0-34.0260239,150.66262469,3.2160000801086426,122156,86.0,9.67
4272.0-34.02600523,150.66262694,3.2160000801086426,122157,86.0,9.72
4274.0-34.02598675,150.66263,3.2160000801086426,122158,85.0,9.71
4275.0-34.02596666,150.66263282,3.2160000801086426,122159,82.0,9.72
4277.0-34.02594606,150.66263566,3.2160000801086426,122200,79.0,9.66
4279.0-34.02592448,150.66263635,3.2160000801086426,122201,74.0,7.76
4280.0-34.02590273,150.66263857,3.2160000801086426,122202,74.0,7.73
4282.0-34.02588133,150.66264063,3.2160000801086426,122203,74.0,7.73
4284.0-34.02585827,150.66264264,3.2160000801086426,122204,83.0,9.67
4285.0-34.02583689,150.66264478,3.2160000801086426,122205,85.0,9.68
4287.0-34.02581759,150.66264625,3.2160000801086426,122206,89.0,9.69
4289.0-34.02580189,150.66265071,3.2160000801086426,122207,87.0,9.65
4290.0-34.02578615,150.66265351,3.2160000801086426,122208,88.0,9.66
4292.0-34.02577046,150.66265829,3.2160000801086426,122209,89.0,9.0
44.68-34.02575447,150.66266301,3.2160000801086426,122210,92.0,9.0
4295.0-34.02573716,150.66266611,3.2160000801086426,122211,94.0,9.66
4297.0-34.02572057,150.66266864,3.2160000801086426,122212,97.0,9.71
4299.0-34.02570282,150.66267233,3.2160000801086426,122213,98.0,9.68
4300.0-34.02568204,150.66267702,3.2160000801086426,122214,96.0,9.0
44.69-34.0256607,150.66268113,3.2160000801086426,122215,96.0,9.0
4304.0-34.02563992,150.66268583,3.2160000801086426,122216,89.0,9.68
4305.0-34.02561974,150.66269057,3.2160000801086426,122217,89.0,9.69
4307.0-34.02559955,150.66269778,3.2160000801086426,122218,88.0,9.69
4309.0-34.02557977,150.66270415,3.2160000801086426,122219,92.0,9.69
4310.0-34.02556019,150.66271006,3.2160000801086426,122220,92.0,9.67
44.68-34.02554172,150.66271656,3.2160000801086426,122221,96.0,9.0
4313.0-34.02552291,150.66272167,3.2160000801086426,122222,96.0,9.67
4315.0-34.02550439,150.6627276,3.2160000801086426,122223,95.0,9.69
4317.0-34.02548718,150.66273258,3.2160000801086426,122224,91.0,9.68
4319.0-34.02547012,150.66273681,3.2160000801086426,122225,91.0,9.68
4320.0-34.02545388,150.66274058,3.2160000801086426,122226,93.0,9.68
4322.0-34.02543631,150.66274364,3.2160000801086426,122227,93.0,7.78
4324.0-34.025418,150.66274857,3.2160000801086426,122228,91.0,7.81
4325.0-34.02539999,150.66275264,3.2160000801086426,122229,92.0,7.83
4327.0-34.02538336,150.66275524,3.2160000801086426,122230,94.0,9.74
4329.0-34.02536617,150.66275971,3.2160000801086426,122231,94.0,9.73
4330.0-34.02534766,150.66276425,3.2160000801086426,122232,93.0,9.7
44.71-34.02532852,150.66277089,3.2160000801086426,122233,88.0,9.0
4334.0-34.02531053,150.66277716,3.2160000801086426,122234,92.0,9.76
4335.0-34.02529303,150.66278301,3.2160000801086426,122235,92.0,9.79
4337.0-34.02527415,150.66278796,3.2160000801086426,122236,97.0,9.81
4338.0-34.0252553,150.66279255,3.2160000801086426,122237,100.0,9.8
4340.0-34.0252346,150.66279684,3.2160000801086426,122238,106.0,9.77
4342.0-34.02521319,150.6628011,3.2160000801086426,122239,108.0,9.77
4344.0-34.02519207,150.66280624,3.2160000801086426,122240,102.0,9.75
4345.0-34.02517186,150.66280844,3.2160000801086426,122241,99.0,9.74
4347.0-34.02515193,150.66281066,3.2160000801086426,122242,101.0,9.8
4348.0-34.02513129,150.66281405,3.2160000801086426,122243,102.0,9.83
4350.0-34.02511306,150.66281764,3.2160000801086426,122244,101.0,9.88
4352.0-34.02509451,150.66282062,3.2160000801086426,122245,97.0,9.83
4354.0-34.02507565,150.66282287,3.2160000801086426,122246,93.0,9.78
4355.0-34.02505751,150.66282419,3.2160000801086426,122247,96.0,9.77
4357.0-34.0250392,150.66282531,3.2160000801086426,122248,98.0,7.81
4358.0-34.02502154,150.66282683,3.2160000801086426,122249,100.0,7.86
4360.0-34.02500394,150.66282761,3.2160000801086426,122250,102.0,7.81
4362.0-34.02498519,150.66282858,3.2160000801086426,122251,94.0,9.79
4364.0-34.02496752,150.66282976,3.2160000801086426,122252,95.0,9.83
4365.0-34.02494851,150.66283305,3.2160000801086426,122253,93.0,9.79
4367.0-34.02492957,150.66283602,3.2160000801086426,122254,99.0,9.73
4368.0-34.02491039,150.66283986,3.2160000801086426,122255,95.0,9.71
4370.0-34.02489161,150.66284413,3.2160000801086426,122256,87.0,9.73
44.76-34.02487162,150.66284843,3.2160000801086426,122257,85.0,9.0
4374.0-34.02485126,150.66285303,3.2160000801086426,122258,88.0,9.75
4375.0-34.02483214,150.66285785,3.2160000801086426,122259,88.0,9.73
4377.0-34.02481556,150.66286571,3.2160000801086426,122300,82.0,9.76
4378.0-34.0247984,150.66287017,3.2160000801086426,122301,79.0,9.77
4380.0-34.02478189,150.66286828,3.2160000801086426,122302,73.0,9.82
4382.0-34.02476953,150.66285651,3.2160000801086426,122303,72.0,9.77
4383.0-34.02476359,150.66283718,3.2160000801086426,122304,74.0,9.77
4385.0-34.02476611,150.66281512,3.2160000801086426,122305,77.0,9.73
4387.0-34.02477689,150.66279791,3.2160000801086426,122306,81.0,9.74
4388.0-34.02479348,150.66278589,3.2160000801086426,122307,79.0,9.76
4390.0-34.02481416,150.66277812,3.2160000801086426,122308,80.0,9.75
4392.0-34.0248359,150.66277294,3.2160000801086426,122309,77.0,9.76
4393.0-34.02485841,150.66277042,3.2160000801086426,122310,76.0,9.75
4395.0-34.02488091,150.66276954,3.2160000801086426,122311,74.0,9.77
4397.0-34.02490277,150.66276951,3.2160000801086426,122312,80.0,9.78
4398.0-34.02492636,150.66277005,3.2160000801086426,122313,88.0,7.88
4400.0-34.02494811,150.66276847,3.2160000801086426,122314,93.0,7.88
4402.0-34.02496861,150.662765,3.2160000801086426,122315,91.0,7.9
4403.0-34.02498843,150.66276166,3.2160000801086426,122316,87.0,9.85
4405.0-34.02500872,150.66275814,3.2160000801086426,122317,88.0,7.93
4407.0-34.02502989,150.66275376,3.2160000801086426,122318,87.0,7.94
4408.0-34.02504973,150.66274961,3.2160000801086426,122319,89.0,7.93
4410.0-34.02506811,150.66274589,3.2160000801086426,122320,90.0,9.86
4412.0-34.02508646,150.66274071,3.2160000801086426,122321,93.0,9.85
4414.0-34.02510606,150.66273446,3.2160000801086426,122322,90.0,7.91
4415.0-34.02512725,150.66272989,3.2160000801086426,122323,88.0,7.88
4417.0-34.02514916,150.66272583,3.2160000801086426,122324,90.0,7.88
4418.0-34.02516891,150.66272112,3.2160000801086426,122325,90.0,9.84
4420.0-34.0251882,150.66271556,3.2160000801086426,122326,91.0,9.79
51.85-34.02520693,150.66271014,3.2160000801086426,122327,85.0,7.86
4424.0-34.02522648,150.66270826,3.2160000801086426,122328,78.0,7.0
4425.0-34.02524545,150.66270691,3.2160000801086426,122329,78.0,7.85
4427.0-34.02526552,150.66270479,3.2160000801086426,122330,79.0,7.87
4428.0-34.02528583,150.66270122,3.2160000801086426,122331,80.0,5.93
4430.0-34.02530626,150.6626968,3.2160000801086426,122332,86.0,5.91
4432.0-34.02532664,150.66269358,3.2160000801086426,122333,87.0,7.85
4433.0-34.02534785,150.66269161,3.2160000801086426,122334,89.0,9.81
4435.0-34.02536919,150.66268779,3.2160000801086426,122335,86.0,9.74
4437.0-34.02538936,150.66268263,3.2160000801086426,122336,89.0,9.75
4439.0-34.02540884,150.66267583,3.2160000801086426,122337,91.0,9.0
4440.0-34.02542891,150.66266873,3.2160000801086426,122338,90.0,9.81
4442.0-34.02545067,150.6626653,3.2160000801086426,122339,85.0,9.79
4443.0-34.02547027,150.66266492,3.2160000801086426,122340,82.0,9.76
4445.0-34.0254893,150.66266287,3.2160000801086426,122341,83.0,9.77
4447.0-34.02550954,150.66265884,3.2160000801086426,122342,87.0,9.76
44.74-34.0255293,150.66265334,3.2160000801086426,122343,87.0,9.0
4450.0-34.02554829,150.6626464,3.2160000801086426,122344,89.0,9.7
4452.0-34.02556691,150.66263987,3.2160000801086426,122345,91.0,9.71
4453.0-34.02558568,150.66263465,3.2160000801086426,122346,91.0,9.72
4455.0-34.025605,150.66263363,3.2160000801086426,122347,91.0,9.75
4457.0-34.02562553,150.66263197,3.2160000801086426,122348,90.0,9.67
4458.0-34.02564568,150.66262897,3.2160000801086426,122349,94.0,9.66
4460.0-34.02566516,150.66262409,3.2160000801086426,122350,96.0,9.69
4462.0-34.02568604,150.66261832,3.2160000801086426,122351,99.0,9.74
4463.0-34.02570812,150.66261165,3.2160000801086426,122352,97.0,9.77
4465.0-34.02572737,150.66260872,3.2160000801086426,122353,96.0,9.73
4467.0-34.0257468,150.66260344,3.2160000801086426,122354,96.0,9.7
4468.0-34.02576838,150.66259777,3.2160000801086426,122355,94.0,9.68
4470.0-34.02579144,150.66259278,3.2160000801086426,122356,94.0,9.67
724472.0-34.02581521,150.66259064,3.2160000801086426,122357,94.0,9.73
4473.0-34.02583582,150.66258664,3.2160000801086426,122358,95.0,9.71
4475.0-34.02585529,150.66258555,3.2160000801086426,122359,94.0,7.8
4477.0-34.02587447,150.66258295,3.2160000801086426,122400,94.0,7.77
51.79-34.02589353,150.66257738,3.2160000801086426,122401,95.0,7.77
4480.0-34.02591404,150.66257085,4.288000106811523,122402,97.0,9.71
4482.0-34.02593454,150.66256438,3.2160000801086426,122403,97.0,9.71
4483.0-34.02595239,150.66256148,3.2160000801086426,122404,97.0,9.74
4485.0-34.02596943,150.66255875,4.288000106811523,122405,91.0,9.78
4487.0-34.02598884,150.66255736,4.288000106811523,122406,81.0,9.81
4488.0-34.02600819,150.66255379,4.288000106811523,122407,78.0,9.83
4490.0-34.02602758,150.6625501,4.288000106811523,122408,76.0,9.85
4492.0-34.02604497,150.662551,4.288000106811523,122409,81.0,9.8
4493.0-34.02606261,150.6625505,4.288000106811523,122410,82.0,9.77
4495.0-34.0260803,150.66254934,4.288000106811523,122411,87.0,9.74
4497.0-34.02609938,150.66255038,4.288000106811523,122412,96.0,9.76
4498.0-34.02611953,150.66254876,4.288000106811523,122413,98.0,9.77
4500.0-34.02613819,150.66254682,4.288000106811523,122414,95.0,9.79
4502.0-34.02615534,150.66254563,4.288000106811523,122415,86.0,9.82
4503.0-34.02617668,150.66254678,4.288000106811523,122416,79.0,9.81
4505.0-34.0261979,150.66254615,4.288000106811523,122417,76.0,9.81
4507.0-34.02621392,150.66254493,4.288000106811523,122418,76.0,9.8
4508.0-34.02623131,150.66254208,4.288000106811523,122419,76.0,9.84
4510.0-34.02625043,150.66253619,3.2160000801086426,122420,77.0,9.81
4512.0-34.02626923,150.66252859,3.2160000801086426,122421,76.0,9.77
44.71-34.0262875,150.66252036,3.2160000801086426,122422,81.0,9.0
4515.0-34.02630455,150.66251169,3.2160000801086426,122423,84.0,9.74
4517.0-34.02632384,150.66250248,3.2160000801086426,122424,88.0,7.81
4518.0-34.02634308,150.66249532,4.288000106811523,122425,84.0,7.81
4520.0-34.02636236,150.66248756,4.288000106811523,122426,81.0,7.79
4522.0-34.02637751,150.66248022,4.288000106811523,122427,75.0,9.7
4523.0-34.02639411,150.66247301,4.288000106811523,122428,76.0,9.72
4525.0-34.02641243,150.66246842,4.288000106811523,122429,72.0,9.71
4527.0-34.02642924,150.66246203,4.288000106811523,122430,72.0,7.82
4528.0-34.02644598,150.66245442,3.2160000801086426,122431,70.0,7.84
4530.0-34.02646181,150.66244204,3.2160000801086426,122432,69.0,7.88
4532.0-34.02647268,150.66242312,3.2160000801086426,122433,67.0,9.85
4533.0-34.02647585,150.66240052,3.2160000801086426,122434,67.0,9.8
4535.0-34.02647025,150.66237675,3.2160000801086426,122435,65.0,9.7
4537.0-34.02645581,150.66235679,3.2160000801086426,122436,66.0,9.67
4538.0-34.02643696,150.66234497,3.2160000801086426,122437,66.0,9.7
4540.0-34.02641747,150.6623423,3.2160000801086426,122438,67.0,9.7
4542.0-34.02639988,150.66234354,3.2160000801086426,122439,63.0,9.67
4544.0-34.02638465,150.66234945,3.2160000801086426,122440,62.0,9.0
4545.0-34.02636738,150.66235611,3.2160000801086426,122441,63.0,7.82
4547.0-34.0263487,150.66236219,3.2160000801086426,122442,68.0,7.92
4548.0-34.02632928,150.66236663,3.2160000801086426,122443,67.0,7.93
4550.0-34.02631285,150.66237047,3.2160000801086426,122444,74.0,7.9
4552.0-34.02629529,150.66237434,3.2160000801086426,122445,84.0,7.85
4553.0-34.02627706,150.66237924,3.2160000801086426,122446,88.0,7.8
4555.0-34.02625742,150.66238458,3.2160000801086426,122447,88.0,9.73
4557.0-34.02623674,150.66238761,3.2160000801086426,122448,84.0,9.68
4558.0-34.02621671,150.66238958,3.2160000801086426,122449,84.0,9.72
4560.0-34.02619632,150.66239301,3.2160000801086426,122450,85.0,9.73
4562.0-34.02617491,150.66239535,3.2160000801086426,122451,84.0,9.71
4563.0-34.02615392,150.66239594,3.2160000801086426,122452,84.0,9.69
44.74521-34.02613233,150.66239959,3.2160000801086426,122453,85.0,9.71
4567.0-34.02611137,150.66240516,3.2160000801086426,122454,87.0,9.83
4568.0-34.02609228,150.66241007,3.2160000801086426,122455,87.0,9.85
4570.0-34.02607535,150.66241432,3.2160000801086426,122456,86.0,9.79
4572.0-34.02605811,150.66241827,3.2160000801086426,122457,86.0,9.72
4573.0-34.02603992,150.66242082,3.2160000801086426,122458,86.0,9.69
4575.0-34.02602165,150.66242385,3.2160000801086426,122459,85.0,9.66
4577.0-34.0260032,150.66242773,3.2160000801086426,122500,85.0,9.6
4578.0-34.02598464,150.66243391,3.2160000801086426,122501,88.0,9.6
4580.0-34.02596602,150.6624398,3.2160000801086426,122502,93.0,9.62
4582.0-34.02594691,150.66244531,3.2160000801086426,122503,95.0,9.62
4583.0-34.0259269,150.66245042,3.2160000801086426,122504,93.0,9.64
4585.0-34.02590732,150.66245427,3.2160000801086426,122505,90.0,9.64
4587.0-34.02588875,150.6624571,3.2160000801086426,122506,81.0,9.72
44.72-34.02587005,150.66245805,3.2160000801086426,122507,78.0,9.0
4590.0-34.02585075,150.66245946,3.2160000801086426,122508,76.0,9.72
4592.0-34.02583187,150.66246285,3.2160000801086426,122509,84.0,9.66
4593.0-34.02581344,150.66246676,3.2160000801086426,122510,88.0,9.71
4595.0-34.02579517,150.66247051,3.2160000801086426,122511,90.0,9.77
4597.0-34.02577756,150.66247352,3.2160000801086426,122512,88.0,9.8
4598.0-34.02575881,150.66247566,3.2160000801086426,122513,91.0,9.75
4600.0-34.02573995,150.66247736,3.2160000801086426,122514,91.0,9.71
4602.0-34.02571979,150.66247935,3.2160000801086426,122515,90.0,9.7
4603.0-34.02570043,150.66248122,3.2160000801086426,122516,88.0,9.76
4605.0-34.02568223,150.66248485,3.2160000801086426,122517,86.0,9.73
4607.0-34.02566291,150.66248768,3.2160000801086426,122518,88.0,9.71
4608.0-34.02564262,150.66249009,3.2160000801086426,122519,88.0,9.66
4610.0-34.02562171,150.66249425,3.2160000801086426,122520,90.0,9.67
4612.0-34.02560269,150.6625012,3.2160000801086426,122521,90.0,9.64
4613.0-34.02558651,150.66250896,3.2160000801086426,122522,91.0,9.65
4615.0-34.02556816,150.66251564,3.2160000801086426,122523,92.0,9.69
4617.0-34.02554965,150.66252121,3.2160000801086426,122524,93.0,9.72
4618.0-34.02553234,150.66252662,3.2160000801086426,122525,92.0,9.71
4620.0-34.02551513,150.66253022,3.2160000801086426,122526,89.0,9.7
4622.0-34.02549853,150.66253541,3.2160000801086426,122527,88.0,9.72
4623.0-34.02548223,150.66254013,3.2160000801086426,122528,94.0,9.75
4625.0-34.02546564,150.66254424,3.2160000801086426,122529,96.0,9.71
4627.0-34.02544755,150.6625473,3.2160000801086426,122530,95.0,9.72
4628.0-34.02542756,150.66254865,3.2160000801086426,122531,91.0,9.69
4630.0-34.02540965,150.66255182,3.2160000801086426,122532,92.0,9.72
4632.0-34.02539151,150.66255491,3.2160000801086426,122533,92.0,9.75
4633.0-34.02537301,150.66255824,3.2160000801086426,122534,89.0,9.74
4635.0-34.02535426,150.66256159,3.2160000801086426,122535,87.0,9.76
4637.0-34.02533491,150.66256456,3.2160000801086426,122536,87.0,9.77
53.76-34.02531466,150.66256623,3.2160000801086426,122537,87.0,9.77
4640.0-34.02529485,150.66256714,3.2160000801086426,122538,91.0,9.77
4642.0-34.02527352,150.66256818,3.2160000801086426,122539,93.0,9.74
4643.0-34.0252507,150.66257003,3.2160000801086426,122540,94.0,9.79
4645.0-34.02522901,150.66257248,3.2160000801086426,122541,93.0,9.82
4647.0-34.02520802,150.66257421,3.2160000801086426,122542,96.0,9.82
4648.0-34.02518906,150.66257575,3.2160000801086426,122543,96.0,9.81
4650.0-34.02517054,150.66257813,3.2160000801086426,122544,97.0,9.73
4652.0-34.02514982,150.66258117,3.2160000801086426,122545,93.0,9.76
4653.0-34.02512535,150.66258597,3.2160000801086426,122546,92.0,9.75
4655.0-34.02510165,150.66259087,3.2160000801086426,122547,91.0,9.78
4657.0-34.02508053,150.66259596,3.2160000801086426,122548,91.0,9.75
4658.0-34.02506106,150.66260406,3.2160000801086426,122549,91.0,9.78
4660.0-34.02504069,150.66261305,3.2160000801086426,122550,92.0,7.88
44.88-34.02502057,150.66261932,3.2160000801086426,122551,94.0,7.0
4663.0-34.025001,150.66262475,3.2160000801086426,122552,94.0,7.86
4665.0-34.02498063,150.66263037,3.2160000801086426,122553,94.0,9.75
4667.0-34.02496108,150.66263532,3.2160000801086426,122554,95.0,9.77
4668.0-34.02494208,150.66263916,3.2160000801086426,122555,97.0,9.76
4677.0-34.02484669,150.66265765,3.2160000801086426,122600,85.0,9.77
4680.0-34.02481319,150.66266438,3.2160000801086426,122602,78.0,9.67
4682.0-34.02480621,150.66266456,3.2160000801086426,122603,84.0,9.63
4683.0-34.02478233,150.66266434,3.2160000801086426,122604,84.0,9.62
4685.0-34.02476969,150.66265925,3.2160000801086426,122605,79.0,9.73
4687.0-34.0247587,150.66264791,3.2160000801086426,122606,70.0,9.74
4688.0-34.0247509,150.66262718,3.2160000801086426,122607,69.0,9.73
4690.0-34.02474853,150.66260309,3.2160000801086426,122608,69.0,9.63
4692.0-34.02475403,150.66258125,3.2160000801086426,122609,69.0,9.66
4693.0-34.02476774,150.66255984,3.2160000801086426,122610,70.0,9.67
4695.0-34.02478764,150.66254415,3.2160000801086426,122611,72.0,9.7
4697.0-34.02480986,150.662535,3.2160000801086426,122612,76.0,9.68
4698.0-34.02483302,150.66253444,3.2160000801086426,122613,75.0,7.74
51.76-34.02485615,150.6625357,3.2160000801086426,122614,73.0,7.73
4702.0-34.02487615,150.66253658,3.2160000801086426,122615,74.0,7.79
4703.0-34.02489772,150.66253632,3.2160000801086426,122616,75.0,7.8
4705.0-34.02491968,150.66253261,3.2160000801086426,122617,76.0,5.87
4707.0-34.02494122,150.66252909,3.2160000801086426,122618,77.0,5.92
4708.0-34.02496267,150.66252467,3.2160000801086426,122619,82.0,7.87
4710.0-34.02498486,150.66252534,3.2160000801086426,122620,89.0,9.85
4712.0-34.02500617,150.66252624,3.2160000801086426,122621,87.0,9.8
4713.0-34.02502947,150.66252765,3.2160000801086426,122622,81.0,9.85
4715.0-34.02505316,150.66252825,3.2160000801086426,122623,78.0,9.79
4717.0-34.02507445,150.66252618,4.288000106811523,122624,76.0,9.75
4718.0-34.02509358,150.66252747,4.288000106811523,122625,79.0,9.71
4720.0-34.02511508,150.66252794,3.2160000801086426,122626,79.0,9.77
44.84678-34.02513644,150.66252799,3.2160000801086426,122627,83.0,9.8
4723.0-34.02515859,150.66252684,4.288000106811523,122628,80.0,9.79
4725.0-34.0251836,150.66252878,4.288000106811523,122629,79.0,9.76
4727.0-34.02520153,150.66253316,3.2160000801086426,122630,76.0,9.79
4728.0-34.0252212,150.66253391,4.288000106811523,122631,80.0,9.83
4730.0-34.02524078,150.66252988,4.288000106811523,122632,83.0,9.85
4732.0-34.02525983,150.6625261,4.288000106811523,122633,88.0,9.82
4733.0-34.02527807,150.66251793,4.288000106811523,122634,88.0,9.77
4735.0-34.02529726,150.66250819,4.288000106811523,122635,93.0,7.82
4737.0-34.02531744,150.66249884,3.2160000801086426,122636,90.0,7.85
4738.0-34.02533621,150.66248835,3.2160000801086426,122637,91.0,7.89
44.94-34.02535484,150.66247836,3.2160000801086426,122638,85.0,7.0
4742.0-34.02537336,150.66246897,3.2160000801086426,122639,86.0,7.93
4743.0-34.02539345,150.66246234,3.2160000801086426,122640,87.0,7.88
4745.0-34.02541544,150.66245699,3.2160000801086426,122641,85.0,7.86
4747.0-34.02543832,150.66245303,3.2160000801086426,122642,88.0,7.85
4748.0-34.02546141,150.66245121,3.2160000801086426,122643,88.0,7.86
4750.0-34.025485,150.6624486,3.2160000801086426,122644,94.0,9.75
4752.0-34.02550591,150.66244578,3.2160000801086426,122645,90.0,9.71
4753.0-34.02552657,150.66244305,3.2160000801086426,122646,90.0,9.72
4755.0-34.02554819,150.66243863,3.2160000801086426,122647,88.0,9.72
4757.0-34.02556882,150.6624352,3.2160000801086426,122648,89.0,9.8
4758.0-34.02558828,150.66243169,3.2160000801086426,122649,89.0,9.82
4760.0-34.02561091,150.66243275,3.2160000801086426,122650,89.0,9.84
4762.0-34.02563339,150.66243317,3.2160000801086426,122651,92.0,9.82
4763.0-34.02565496,150.66243541,3.2160000801086426,122652,91.0,9.78
4765.0-34.02567502,150.66243561,3.2160000801086426,122653,92.0,9.73
4767.0-34.02569654,150.66243331,4.288000106811523,122654,90.0,9.74
4768.0-34.02571638,150.66242895,3.2160000801086426,122655,91.0,9.75
4770.0-34.02573553,150.66242399,3.2160000801086426,122656,90.0,7.83
4772.0-34.02575515,150.66241766,4.288000106811523,122657,88.0,7.77
4773.0-34.02577408,150.66241127,3.2160000801086426,122658,92.0,5.82
4775.0-34.02579372,150.66240348,4.288000106811523,122659,93.0,7.78
4777.0-34.02581687,150.66239888,4.288000106811523,122700,93.0,5.87
4778.0-34.02583877,150.66239508,4.288000106811523,122701,87.0,7.85
4780.0-34.02586099,150.66239107,4.288000106811523,122702,87.0,7.85
4782.0-34.0258828,150.66238655,3.2160000801086426,122703,86.0,9.79
4783.0-34.02590439,150.66238286,3.2160000801086426,122704,89.0,9.78
4785.0-34.02592319,150.66237883,3.2160000801086426,122705,91.0,9.77
4787.0-34.02594388,150.66237552,3.2160000801086426,122706,90.0,7.83
4788.0-34.02596517,150.66237184,3.2160000801086426,122707,88.0,7.83
4790.0-34.02598657,150.66236613,4.288000106811523,122708,81.0,7.88
4792.0-34.02601038,150.66236079,4.288000106811523,122709,80.0,9.83
4793.0-34.02603269,150.66235626,3.2160000801086426,122710,82.0,7.86
4795.0-34.02605496,150.66235297,3.2160000801086426,122711,84.0,7.88
4797.0-34.02607655,150.66234963,3.2160000801086426,122712,89.0,7.9
4798.0-34.02609739,150.6623449,3.2160000801086426,122713,88.0,9.86
4800.0-34.0261164,150.66233846,3.2160000801086426,122714,90.0,9.81
4802.0-34.02613509,150.66233527,3.2160000801086426,122715,89.0,7.84
44.83-34.02615281,150.6623311,3.2160000801086426,122716,85.0,7.0
4805.0-34.02617071,150.66232858,3.2160000801086426,122717,85.0,7.8
4807.0-34.02618889,150.66232707,3.2160000801086426,122718,80.0,9.74
4808.0-34.0262089,150.662324,3.2160000801086426,122719,81.0,9.78
4810.0-34.02623065,150.66232126,3.2160000801086426,122720,79.0,9.86
4812.0-34.02625352,150.66231531,3.2160000801086426,122721,83.0,9.91
4813.0-34.02627636,150.66230792,3.2160000801086426,122722,83.0,9.91
4815.0-34.02629604,150.66230237,3.2160000801086426,122723,82.0,9.89
4817.0-34.02631517,150.66229747,3.2160000801086426,122724,78.0,9.9
4818.0-34.02633562,150.66229251,3.2160000801086426,122725,80.0,9.87
4820.0-34.02635369,150.66229023,3.2160000801086426,122726,81.0,9.86
44.83-34.02637005,150.66228723,3.2160000801086426,122727,84.0,9.0
4823.0-34.02638619,150.6622828,3.2160000801086426,122728,84.0,9.83
4825.0-34.02640067,150.66227193,3.2160000801086426,122729,83.0,9.83
4827.0-34.02641126,150.66225748,3.2160000801086426,122730,73.0,7.89
4828.0-34.02641592,150.66223897,3.2160000801086426,122731,70.0,7.9
4830.0-34.02641588,150.66221762,3.2160000801086426,122732,65.0,7.84
4832.0-34.02640833,150.66219826,3.2160000801086426,122733,69.0,9.77
44.78-34.0263977,150.66218368,3.2160000801086426,122734,70.0,9.0
4835.0-34.0263823,150.66217576,3.2160000801086426,122735,69.0,9.78
4837.0-34.02636827,150.66217218,3.2160000801086426,122736,67.0,9.77
4838.0-34.02635604,150.66217251,3.2160000801086426,122737,66.0,9.71
4840.0-34.02634123,150.66217525,3.2160000801086426,122738,66.0,9.71
4842.0-34.02632629,150.66217876,3.2160000801086426,122739,64.0,9.73
4843.0-34.02631184,150.6621852,3.2160000801086426,122740,63.0,9.76
4845.0-34.0262987,150.66219405,3.2160000801086426,122741,66.0,9.84
4847.0-34.0262843,150.6622002,3.2160000801086426,122742,72.0,9.87
4848.0-34.02626547,150.66220574,3.2160000801086426,122743,75.0,9.9
4850.0-34.02624435,150.66220995,3.2160000801086426,122744,77.0,9.85
4852.0-34.02622307,150.66221551,3.2160000801086426,122745,78.0,9.81
4853.0-34.02620054,150.6622224,3.2160000801086426,122746,78.0,9.78
4855.0-34.02617677,150.66222708,3.2160000801086426,122747,83.0,7.85
4857.0-34.02615262,150.66223011,3.2160000801086426,122748,87.0,5.97
4858.0-34.02612736,150.6622313,3.2160000801086426,122749,87.0,5.98
4860.0-34.02610444,150.66223285,3.2160000801086426,122750,90.0,7.93
4861.0-34.02608125,150.66223603,3.2160000801086426,122751,91.0,9.83
4863.0-34.02605731,150.66223914,3.2160000801086426,122752,90.0,9.81
4865.0-34.02603255,150.6622421,3.2160000801086426,122753,89.0,9.79
4867.0-34.02600903,150.66224764,3.2160000801086426,122754,86.0,9.77
4868.0-34.02598508,150.66225346,3.2160000801086426,122755,88.0,9.79
44.84-34.02596074,150.66225891,3.2160000801086426,122756,85.0,7.0
4872.0-34.02593811,150.66226406,3.2160000801086426,122757,85.0,7.87
4873.0-34.02591659,150.66226942,3.2160000801086426,122758,84.0,7.85
4875.0-34.02589618,150.66227322,3.2160000801086426,122759,83.0,9.78
4877.0-34.02587723,150.66227614,3.2160000801086426,122800,79.0,9.79
4878.0-34.02585794,150.66227946,3.2160000801086426,122801,75.0,9.8
814880.0-34.02583677,150.66228477,3.2160000801086426,122802,81.0,9.0
4882.0-34.02581611,150.66229191,3.2160000801086426,122803,81.0,9.0
4883.0-34.02579459,150.66229631,3.2160000801086426,122804,84.0,9.77
4885.0-34.02577196,150.66230243,3.2160000801086426,122805,89.0,9.73
4887.0-34.0257505,150.66230689,3.2160000801086426,122806,96.0,9.77
4888.0-34.02572888,150.66231121,3.2160000801086426,122807,102.0,9.75
44.73-34.02570517,150.66231542,3.2160000801086426,122808,92.0,9.0
4892.0-34.02568274,150.66232165,3.2160000801086426,122809,92.0,9.74
4893.0-34.02565936,150.66232761,3.2160000801086426,122810,91.0,9.77
4895.0-34.02563506,150.66233363,3.2160000801086426,122811,97.0,9.77
4897.0-34.02561112,150.66233882,3.2160000801086426,122812,97.0,9.7
4898.0-34.02558873,150.66234098,3.2160000801086426,122813,95.0,9.69
4900.0-34.02556878,150.66234393,3.2160000801086426,122814,92.0,9.76
4901.0-34.02554927,150.66234797,3.2160000801086426,122815,91.0,9.75
4903.0-34.02552943,150.66235085,3.2160000801086426,122816,90.0,9.84
4905.0-34.02550982,150.66235283,3.2160000801086426,122817,91.0,9.81
4907.0-34.02548863,150.66235523,3.2160000801086426,122818,95.0,7.83
4908.0-34.02546893,150.66235547,3.2160000801086426,122819,93.0,7.84
44.85-34.0254498,150.66235618,3.2160000801086426,122820,93.0,7.0
4912.0-34.02543134,150.6623586,3.2160000801086426,122821,89.0,9.84
4913.0-34.02541151,150.662361,3.2160000801086426,122822,89.0,9.83
4915.0-34.02539072,150.6623631,3.2160000801086426,122823,90.0,9.82
4916.0-34.02536801,150.66236572,3.2160000801086426,122824,93.0,9.83
53.79-34.02534564,150.6623701,3.2160000801086426,122825,96.0,9.81
4920.0-34.02532504,150.66237444,3.2160000801086426,122826,94.0,9.79
4922.0-34.02530512,150.66237979,3.2160000801086426,122827,91.0,9.75
4923.0-34.02528696,150.66238527,3.2160000801086426,122828,93.0,9.77
4925.0-34.02526995,150.66239287,3.2160000801086426,122829,96.0,9.75
4927.0-34.02525076,150.66240023,3.2160000801086426,122830,97.0,9.0
44.74-34.02523005,150.66240591,3.2160000801086426,122831,96.0,9.0
4930.0-34.02521016,150.66241029,3.2160000801086426,122832,95.0,9.75
4932.0-34.02518835,150.66241366,3.2160000801086426,122833,99.0,9.8
4933.0-34.02516796,150.66241861,3.2160000801086426,122834,99.0,9.75
4935.0-34.02514865,150.66242137,3.2160000801086426,122835,96.0,9.78
4936.0-34.02513052,150.66242494,3.2160000801086426,122836,97.0,9.8
4938.0-34.02511207,150.66242899,3.2160000801086426,122837,96.0,9.83
4940.0-34.02509376,150.66243382,3.2160000801086426,122838,100.0,9.84
44.84898-34.02507509,150.6624385,3.2160000801086426,122839,97.0,9.84
4943.0-34.02505421,150.6624421,3.2160000801086426,122840,96.0,9.84
4945.0-34.02503214,150.66244347,3.2160000801086426,122841,90.0,9.77
4947.0-34.02500989,150.66244246,3.2160000801086426,122842,86.0,9.77
4948.0-34.02498845,150.66244499,3.2160000801086426,122843,84.0,9.76
4950.0-34.02496565,150.66244825,3.2160000801086426,122844,86.0,9.76
4952.0-34.02494222,150.66244997,3.2160000801086426,122845,89.0,9.77
4953.0-34.0249188,150.66245414,3.2160000801086426,122846,87.0,9.79
4955.0-34.02489364,150.66245863,3.2160000801086426,122847,83.0,7.9
4956.0-34.02487161,150.66246262,3.2160000801086426,122848,78.0,5.99
4958.0-34.02485137,150.6624653,3.2160000801086426,122849,70.0,2.12
4960.0-34.02483267,150.66246802,3.2160000801086426,122850,65.0,4.08
4962.0-34.02481644,150.66246956,3.2160000801086426,122851,64.0,5.99
4963.0-34.02480046,150.66246906,3.2160000801086426,122852,67.0,7.94
4965.0-34.0247833,150.66246485,3.2160000801086426,122853,72.0,7.88
4967.0-34.02476725,150.66245581,3.2160000801086426,122854,78.0,9.77
4968.0-34.02475498,150.66244127,3.2160000801086426,122855,80.0,9.78
4970.0-34.02474738,150.6624215,3.2160000801086426,122856,79.0,9.76
4972.0-34.0247498,150.66239932,3.2160000801086426,122857,80.0,7.8
4973.0-34.02476087,150.66237712,3.2160000801086426,122858,79.0,7.79
4975.0-34.0247795,150.66236403,3.2160000801086426,122859,83.0,7.86
4976.0-34.02480189,150.66235813,3.2160000801086426,122900,84.0,7.88
4978.0-34.02482549,150.66235764,3.2160000801086426,122901,82.0,7.88
4980.0-34.02484746,150.66235639,3.2160000801086426,122902,77.0,7.87
44.91-34.02486955,150.66235259,3.2160000801086426,122903,79.0,5.0
4983.0-34.02489035,150.66234851,3.2160000801086426,122904,79.0,7.88
4985.0-34.0249103,150.66234551,3.2160000801086426,122905,81.0,7.92
4987.0-34.02493128,150.66234309,3.2160000801086426,122906,80.0,9.91
4988.0-34.02495017,150.66234005,3.2160000801086426,122907,79.0,7.95
44.91-34.02496941,150.66233519,3.2160000801086426,122908,81.0,7.0
4991.0-34.02499144,150.66233117,3.2160000801086426,122909,88.0,7.95
4993.0-34.02501475,150.66232953,3.2160000801086426,122910,95.0,9.87
4995.0-34.02503909,150.66233229,3.2160000801086426,122911,91.0,6.02
4996.0-34.02506348,150.66233517,3.2160000801086426,122912,85.0,5.99
4998.0-34.02508768,150.66233548,3.2160000801086426,122913,82.0,4.07
5000.0-34.02511221,150.66233501,3.2160000801086426,122914,88.0,7.95
5002.0-34.02513536,150.66233286,3.2160000801086426,122915,89.0,7.98
5003.0-34.02515719,150.66233018,3.2160000801086426,122916,90.0,7.93
5005.0-34.02517717,150.66232647,3.2160000801086426,122917,86.0,7.94
5007.0-34.02519771,150.6623207,3.2160000801086426,122918,94.0,5.96
5008.0-34.02521347,150.66231795,3.2160000801086426,122919,93.0,7.89
5010.0-34.02523086,150.66231635,3.2160000801086426,122920,97.0,7.85
5012.0-34.02524948,150.66231422,3.2160000801086426,122921,92.0,7.0
5013.0-34.02526807,150.66231508,4.288000106811523,122922,92.0,7.9
5015.0-34.02528813,150.66231521,4.288000106811523,122923,91.0,7.89
5016.0-34.02530598,150.66231374,3.2160000801086426,122924,90.0,9.81
5018.0-34.02532472,150.66231238,4.288000106811523,122925,90.0,9.76
44.77-34.02534656,150.66231235,3.2160000801086426,122926,92.0,9.0
5022.0-34.02536887,150.66231078,3.2160000801086426,122927,92.0,9.81
5023.0-34.02538976,150.66230784,3.2160000801086426,122928,92.0,9.84
5025.0-34.02540978,150.66230447,3.2160000801086426,122929,90.0,9.84
5026.0-34.02542962,150.66230113,3.2160000801086426,122930,89.0,9.86
5028.0-34.02545024,150.66229699,3.2160000801086426,122931,90.0,5.97
44.06-34.02547044,150.66229249,3.2160000801086426,122932,93.0,4.0
5031.0-34.02549267,150.66228776,3.2160000801086426,122933,96.0,4.03
5033.0-34.02551394,150.66228247,3.2160000801086426,122934,95.0,7.93
5035.0-34.02553468,150.66227726,3.2160000801086426,122935,91.0,7.91
5037.0-34.02555442,150.66227151,3.2160000801086426,122936,89.0,5.96
5038.0-34.02557236,150.66226774,3.2160000801086426,122937,89.0,5.95
5040.0-34.02559008,150.66226361,3.2160000801086426,122938,88.0,7.93
5042.0-34.02560828,150.66225956,3.2160000801086426,122939,88.0,7.89
5043.0-34.02562683,150.66225614,3.2160000801086426,122940,90.0,7.92
44.85-34.02564517,150.66225242,3.2160000801086426,122941,93.0,7.0
5046.0-34.02566664,150.66224772,3.2160000801086426,122942,96.0,9.79
5048.0-34.02568818,150.66224345,3.2160000801086426,122943,97.0,9.8
53.85-34.02570865,150.66223844,3.2160000801086426,122944,98.0,9.8
5051.0-34.02573,150.66223688,3.2160000801086426,122945,96.0,7.94
5053.0-34.02575185,150.66223511,3.2160000801086426,122946,94.0,7.92
5055.0-34.02577156,150.66222992,3.2160000801086426,122947,94.0,7.89
5057.0-34.02579001,150.66222498,3.2160000801086426,122948,94.0,9.8
5058.0-34.02580729,150.66222052,3.2160000801086426,122949,96.0,9.76
5060.0-34.02582639,150.66221653,3.2160000801086426,122950,95.0,9.75
5061.0-34.02584614,150.66221234,3.2160000801086426,122951,94.0,9.75
44.81-34.02586625,150.6622052,3.2160000801086426,122952,93.0,9.0
5065.0-34.02588526,150.66219624,3.2160000801086426,122953,94.0,7.91
5066.0-34.02590515,150.66218631,3.2160000801086426,122954,92.0,7.87
5068.0-34.0259266,150.66217845,3.2160000801086426,122955,90.0,7.84
5070.0-34.02594865,150.66217135,3.2160000801086426,122956,82.0,9.81
5071.0-34.02596924,150.66216436,3.2160000801086426,122957,83.0,7.9
5073.0-34.02599227,150.6621589,3.2160000801086426,122958,80.0,7.95
44.99-34.02601502,150.66215584,3.2160000801086426,122959,83.0,5.0
5077.0-34.02603625,150.66215219,3.2160000801086426,123000,77.0,7.96
5078.0-34.0260572,150.66214747,4.288000106811523,123001,78.0,7.93
5080.0-34.02607672,150.66214304,4.288000106811523,123002,77.0,7.92
5081.0-34.02609483,150.66213767,3.2160000801086426,123003,79.0,5.97
5083.0-34.02611379,150.66213518,3.2160000801086426,123004,81.0,5.96
44.96-34.02613576,150.66213423,3.2160000801086426,123005,85.0,5.0
5087.0-34.02615816,150.66213382,4.288000106811523,123006,88.0,7.89
5088.0-34.02618141,150.66213134,4.288000106811523,123007,89.0,7.88
5090.0-34.02620344,150.66213019,4.288000106811523,123008,86.0,9.85
5091.0-34.02622485,150.66212566,4.288000106811523,123009,85.0,9.85
5093.0-34.02624492,150.66211908,4.288000106811523,123010,84.0,9.82
44.81-34.02626322,150.66211138,4.288000106811523,123011,85.0,9.0
5097.0-34.02628079,150.66209949,3.2160000801086426,123012,86.0,9.84
5098.0-34.02629311,150.66208055,3.2160000801086426,123013,85.0,9.8
5100.0-34.02629626,150.66205491,3.2160000801086426,123014,75.0,7.84
5101.0-34.02629084,150.66203028,3.2160000801086426,123015,70.0,5.89
5103.0-34.02627495,150.66201017,3.2160000801086426,123016,60.0,2.02
5105.0-34.02625424,150.66200025,3.2160000801086426,123017,60.0,2.01
46.01-34.02623267,150.66200179,3.2160000801086426,123018,61.0,2.01
5108.0-34.02621067,150.66200737,3.2160000801086426,123019,63.0,5.94
5110.0-34.02618806,150.66201397,3.2160000801086426,123020,68.0,7.9
5111.0-34.02616416,150.6620205,3.2160000801086426,123021,69.0,7.92
5113.0-34.02613922,150.66202587,3.2160000801086426,123022,75.0,3.98
5115.0-34.0261172,150.66203107,3.2160000801086426,123023,78.0,3.97
49.92-34.0260944,150.66203415,3.2160000801086426,123024,81.0,3.97
5118.0-34.0260726,150.6620384,3.2160000801086426,123025,82.0,9.83
5120.0-34.02605196,150.66204279,3.2160000801086426,123026,78.0,7.9
5121.0-34.02603069,150.66204678,3.2160000801086426,123027,78.0,5.98
5123.0-34.02600783,150.66205162,3.2160000801086426,123028,74.0,4.05
5125.0-34.02598391,150.66205527,3.2160000801086426,123029,74.0,4.06
5126.0-34.02596028,150.66205912,3.2160000801086426,123030,72.0,6.0
5128.0-34.02593754,150.66206296,3.2160000801086426,123031,71.0,7.96
5130.0-34.02591427,150.66206646,3.2160000801086426,123032,71.0,9.92
5131.0-34.0258906,150.66206902,3.2160000801086426,123033,72.0,9.89
44.84-34.02586848,150.66207248,3.2160000801086426,123034,77.0,9.0
5135.0-34.02584661,150.66207563,3.2160000801086426,123035,80.0,9.0
5137.0-34.0258234,150.66207766,3.2160000801086426,123036,79.0,9.82
5138.0-34.02580288,150.66208346,3.2160000801086426,123037,80.0,9.84
5140.0-34.02578392,150.66208916,3.2160000801086426,123038,79.0,9.83
5141.0-34.02576421,150.66209501,3.2160000801086426,123039,83.0,9.84
5143.0-34.02574231,150.66209964,3.2160000801086426,123040,88.0,9.8
5145.0-34.02572033,150.66210319,3.2160000801086426,123041,91.0,9.78
5146.0-34.02569851,150.66210549,3.2160000801086426,123042,90.0,9.79
5148.0-34.02567809,150.66211327,3.2160000801086426,123043,87.0,7.9
5150.0-34.02565766,150.6621193,3.2160000801086426,123044,88.0,7.96
5151.0-34.02563825,150.66212517,3.2160000801086426,123045,92.0,7.94
5153.0-34.02561961,150.66212832,3.2160000801086426,123046,96.0,9.88
5155.0-34.02560189,150.66213121,3.2160000801086426,123047,96.0,9.82
5156.0-34.0255829,150.66213318,3.2160000801086426,123048,96.0,9.78
5158.0-34.0255659,150.66213339,3.2160000801086426,123049,95.0,9.77
5160.0-34.02554896,150.66213358,3.2160000801086426,123050,95.0,9.77
5161.0-34.02553206,150.6621351,3.2160000801086426,123051,94.0,9.78
5163.0-34.02551314,150.66213928,3.2160000801086426,123052,96.0,9.81
5165.0-34.02549343,150.66214462,3.2160000801086426,123053,94.0,9.78
5166.0-34.02547294,150.6621497,3.2160000801086426,123054,93.0,9.78
5168.0-34.02545289,150.6621538,3.2160000801086426,123055,91.0,9.73
5170.0-34.02543406,150.66215736,3.2160000801086426,123056,96.0,9.76
5171.0-34.02541338,150.66216004,3.2160000801086426,123057,98.0,9.77
5173.0-34.02539199,150.66216204,3.2160000801086426,123058,94.0,9.79
53.769999999999996-34.02537144,150.66216411,3.2160000801086426,123059,89.0,9.78
44.78-34.02535184,150.66216748,3.2160000801086426,123100,85.0,9.0
5178.0-34.0253334,150.66216999,3.2160000801086426,123101,93.0,9.75
5180.0-34.02531318,150.66217303,3.2160000801086426,123102,98.0,9.8
5181.0-34.02529308,150.66217708,3.2160000801086426,123103,101.0,9.82
5183.0-34.02527369,150.66218034,3.2160000801086426,123104,95.0,9.81
44.75-34.02525483,150.6621839,4.288000106811523,123105,95.0,9.0
5186.0-34.02523493,150.66218655,3.2160000801086426,123106,95.0,9.7
5188.0-34.02521555,150.66218949,3.2160000801086426,123107,102.0,9.74
5190.0-34.02519652,150.66219311,3.2160000801086426,123108,97.0,9.74
5191.0-34.02517745,150.66219685,3.2160000801086426,123109,94.0,9.73
5193.0-34.02515866,150.66220023,3.2160000801086426,123110,89.0,9.74
5195.0-34.02513966,150.66220384,3.2160000801086426,123111,96.0,9.75
5197.0-34.02512019,150.6622073,3.2160000801086426,123112,99.0,9.77
53.72-34.02510095,150.66221093,3.2160000801086426,123113,100.0,9.77
5200.0-34.02508179,150.66221427,3.2160000801086426,123114,94.0,7.83
5201.0-34.02506287,150.66222014,3.2160000801086426,123115,94.0,7.87
5203.0-34.02504303,150.66222534,3.2160000801086426,123116,89.0,7.93
5205.0-34.0250266,150.66223207,3.2160000801086426,123117,93.0,9.86
5207.0-34.02500862,150.66223752,3.2160000801086426,123118,93.0,9.84
5208.0-34.02499082,150.66224133,3.2160000801086426,123119,94.0,9.8
5210.0-34.02497252,150.66224604,3.2160000801086426,123120,95.0,9.81
5211.0-34.02495271,150.6622514,3.2160000801086426,123121,96.0,9.84
5213.0-34.0249333,150.6622574,3.2160000801086426,123122,100.0,9.8
5215.0-34.02491433,150.66226271,3.2160000801086426,123123,96.0,9.74
5216.0-34.0248971,150.66226646,3.2160000801086426,123124,93.0,9.71
5218.0-34.02487801,150.66227103,3.2160000801086426,123125,90.0,9.76
5220.0-34.02486004,150.66227616,3.2160000801086426,123126,90.0,9.76
5221.0-34.02484288,150.66228139,3.2160000801086426,123127,92.0,9.75
5223.0-34.02482629,150.66228719,3.2160000801086426,123128,93.0,9.71
5225.0-34.02481093,150.66229332,3.2160000801086426,123129,94.0,9.71
5226.0-34.02479718,150.66230109,3.2160000801086426,123130,91.0,9.71
5228.0-34.02478242,150.66231098,3.2160000801086426,123131,91.0,9.73
5230.0-34.02476857,150.66232222,3.2160000801086426,123132,90.0,9.75
5231.0-34.02475346,150.6623371,3.2160000801086426,123133,90.0,9.75
5233.0-34.02474163,150.66235643,3.2160000801086426,123134,83.0,9.74
5235.0-34.02473463,150.66238065,3.2160000801086426,123135,76.0,9.71
5236.0-34.02473358,150.66240676,3.2160000801086426,123136,74.0,9.72
5238.0-34.02473578,150.66243202,3.2160000801086426,123137,77.0,9.73
44.79-34.02474175,150.66245694,3.2160000801086426,123138,78.0,9.0
5241.0-34.02474757,150.66248097,3.2160000801086426,123139,78.0,9.82
5243.0-34.02475558,150.66250408,3.2160000801086426,123140,75.0,9.82
5245.0-34.02476535,150.6625319,4.288000106811523,123141,77.0,5.97
5246.0-34.02477383,150.66255549,4.288000106811523,123142,78.0,5.95
5248.0-34.02477917,150.66257723,3.2160000801086426,123143,83.0,5.96
5250.0-34.02478622,150.66259953,3.2160000801086426,123144,84.0,9.81
5251.0-34.02479265,150.66261737,3.2160000801086426,123145,86.0,9.82
5253.0-34.02479616,150.66262695,3.2160000801086426,123146,87.0,7.87
5255.0-34.02480101,150.66262222,3.2160000801086426,123147,88.0,7.76
5256.0-34.02480303,150.6626184,3.2160000801086426,123148,89.0,7.73
5258.0-34.02480413,150.66261536,3.2160000801086426,123149,92.0,9.63
5259.0-34.02480349,150.66261473,3.2160000801086426,123150,96.0,9.67
5260.0-34.02480255,150.66261972,3.2160000801086426,123153,98.0,9.0
44.68-34.02480112,150.66262056,3.2160000801086426,123155,98.0,9.0
5261.0-34.0247997,150.66262009,3.2160000801086426,123157,98.0,9.0
53.67-34.02479914,150.66262024,3.2160000801086426,123158,98.0,9.0
5262.0-34.02479854,150.66262006,3.2160000801086426,123159,99.0,9.685219
274.0-34.02479828,150.66261983,3.2160000801086426,123200,99.0,9.675231
5315.0-34.02479216,150.66261775,5.360000133514404,123223,99.0,9.69
5326.0-34.02479218,150.66261837,7.504000186920166,123230,99.0,9.7
53.71-34.02479175,150.6626189,5.360000133514404,123231,100.0,9.7
53.71-34.02479225,150.66261857,4.288000106811523,123232,100.0,9.7
5331.0-34.0247927,150.66261811,3.2160000801086426,123233,100.0,9.72
53.71-34.02479229,150.66261721,3.2160000801086426,123234,100.0,9.71
5335.0-34.02479121,150.66261712,3.2160000801086426,123235,100.0,9.72
53.72-34.02479022,150.66261636,3.2160000801086426,123236,100.0,9.72
5337.0-34.02479012,150.66261767,3.2160000801086426,123237,100.0,9.72
339.0-34.02479039,150.66261825,3.2160000801086426,123238,101.0,9.72
5341.0-34.02479006,150.66261812,3.2160000801086426,123239,101.0,9.73
53.745298-34.02478939,150.66261825,3.2160000801086426,123240,102.0,9.745299
53.74-34.02478879,150.66261839,3.2160000801086426,123241,101.0,9.745299
5345.0-34.02478834,150.66261812,3.2160000801086426,123242,101.0,9.745299
5347.0-34.02478777,150.66261927,3.2160000801086426,123244,101.0,9.735304
5351.0-34.02478825,150.6626313,3.2160000801086426,123245,96.0,9.74
5353.0-34.02479105,150.66265239,3.2160000801086426,123246,88.0,5.85
5355.0-34.02479606,150.66268336,3.2160000801086426,123247,81.0,3.93
5356.0-34.02480367,150.66271979,3.2160000801086426,123248,81.0,3.97
5358.0-34.02480968,150.66275802,3.2160000801086426,123249,78.0,4.04
5360.0-34.02481496,150.66279762,3.2160000801086426,123250,82.0,2.1
5361.0-34.02482055,150.6628407,3.2160000801086426,123251,84.0,0.3
5363.0-34.0248248,150.66288251,3.2160000801086426,123252,91.0,0.35
5365.0-34.02483044,150.66292217,3.2160000801086426,123253,95.0,0.31
5366.0-34.02483491,150.66295807,3.2160000801086426,123254,95.0,0.28
5368.0-34.02484058,150.66299077,3.2160000801086426,123255,94.0,0.19
5370.0-34.02484522,150.66302103,3.2160000801086426,123256,92.0,0.14
5371.0-34.02485107,150.66304768,3.2160000801086426,123257,93.0,0.11
5373.0-34.02485401,150.66307476,3.2160000801086426,123258,90.0,2.05
5375.0-34.02485586,150.66310348,3.2160000801086426,123259,87.0,2.04
5376.0-34.02485666,150.66313292,3.2160000801086426,123300,87.0,2.07
5378.0-34.02485766,150.66316248,3.2160000801086426,123301,92.0,0.18
5379.0-34.02486041,150.66319308,3.2160000801086426,123302,93.0,0.16
5381.0-34.02486601,150.66322326,3.2160000801086426,123303,88.0,0.13
5383.0-34.0248767,150.66324788,3.2160000801086426,123304,80.0,0.14
5385.0-34.02489491,150.66326562,3.2160000801086426,123305,76.0,2.11
5386.0-34.02491678,150.66327482,3.2160000801086426,123306,76.0,2.1
44.15344-34.0249413,150.66327891,3.2160000801086426,123307,75.0,2.07
5390.0-34.02496362,150.66327569,3.2160000801086426,123308,71.0,0.11
5391.0-34.02498132,150.66327042,3.2160000801086426,123309,69.0,0.15
5393.0-34.02499332,150.66326453,3.2160000801086426,123310,65.0,4.04
5395.0-34.02500276,150.66326237,3.2160000801086426,123311,64.0,7.96
5396.0-34.02500745,150.66326094,3.2160000801086426,123312,63.0,9.86
5398.0-34.02500395,150.66325629,3.2160000801086426,123313,64.0,9.77
5399.0-34.02499783,150.66325175,3.2160000801086426,123314,62.0,9.71
5401.0-34.02500114,150.6632474,3.2160000801086426,123315,61.0,9.65
5403.0-34.02500106,150.66324558,3.2160000801086426,123316,60.0,9.65
5405.0-34.02500064,150.66324508,3.2160000801086426,123317,61.0,9.63
5406.0-34.02500083,150.66324653,3.2160000801086426,123318,61.0,9.61
5408.0-34.0249997,150.6632468,3.2160000801086426,123319,61.0,9.56
