,Time,Lon,Lat,Reading1,Reading2,Reading3,Reading4,Reading5,Reading6,Reading7,Reading8,Anal_1_5
0,3,150.6638,-34.0222017,3.3,5.9,0.32,0.8,3.5,3.8,-0.72,-1.84,3.4
1,7,150.6638,-34.0222017,3.0,5.9,0.33,0.75,3.6,3.9,-0.72,-1.83,3.3
2,11,150.6638,-34.0222017,3.7,5.8,0.32,0.8,3.6,3.5,-0.73,-1.84,3.65
3,15,150.6638,-34.0222017,3.4,6.0,0.32,0.77,3.7,3.6,-0.72,-1.83,3.55
4,19,150.6638,-34.0222017,3.4,6.0,0.32,0.79,3.6,3.9,-0.72,-1.84,3.5
5,23,150.6638,-34.0222017,3.6,6.0,0.32,0.77,3.4,3.6,-0.72,-1.87,3.5
6,27,150.6638,-34.0222017,3.7,6.4,0.33,0.77,3.6,4.0,-0.73,-1.84,3.65
7,31,150.6638,-34.0222017,3.7,6.2,0.32,0.76,3.6,4.1,-0.73,-1.85,3.65
8,35,150.6638,-34.0222017,3.4,5.9,0.32,0.77,3.7,4.2,-0.72,-1.83,3.55
9,39,150.6638,-34.0222017,3.5,6.3,0.32,0.77,3.8,4.0,-0.72,-1.86,3.65
10,43,150.6638,-34.0222017,3.5,6.3,0.32,0.77,3.6,4.0,-0.72,-1.83,3.55
11,47,150.6638,-34.0222017,3.4,6.1,0.32,0.76,3.6,4.1,-0.72,-1.86,3.5
12,51,150.6638,-34.0222017,3.1,6.1,0.32,0.76,3.7,3.7,-0.72,-1.84,3.4
13,55,150.6638,-34.0222017,2.9,5.9,0.32,0.77,3.6,3.8,-0.73,-1.86,3.25
14,59,150.6638,-34.0222017,3.3,5.8,0.32,0.77,3.6,3.8,-0.72,-1.85,3.45
15,63,150.6638,-34.0222017,3.0,6.1,0.32,0.75,3.7,3.8,-0.73,-1.84,3.35
16,67,150.6638,-34.0222017,2.9,6.1,0.32,0.79,3.8,4.0,-0.73,-1.86,3.35
17,71,150.6638,-34.0222017,3.2,5.8,0.32,0.75,3.8,3.9,-0.73,-1.85,3.5
18,75,150.6638,-34.0222017,3.5,6.0,0.32,0.78,3.8,3.7,-0.72,-1.84,3.65
19,79,150.6638,-34.0222017,3.5,5.9,0.32,0.78,3.8,3.8,-0.73,-1.85,3.65
20,83,150.6638,-34.0222017,3.4,6.1,0.32,0.76,3.6,3.7,-0.73,-1.85,3.5
21,87,150.6638,-34.0222017,3.7,6.1,0.32,0.76,3.9,3.9,-0.73,-1.86,3.8
22,91,150.6638,-34.0222017,3.2,5.8,0.32,0.76,3.6,3.8,-0.72,-1.84,3.4
23,95,150.6638,-34.0222017,3.9,5.9,0.32,0.79,3.6,3.6,-0.73,-1.82,3.75
24,99,150.6638,-34.0222017,3.6,5.8,0.32,0.74,3.7,4.0,-0.73,-1.88,3.65
25,103,150.6638,-34.0222017,3.7,5.8,0.31,0.78,3.6,3.7,-0.73,-1.83,3.65
26,107,150.6638,-34.0222017,3.6,6.2,0.32,0.79,3.4,3.7,-0.72,-1.82,3.5
27,111,150.6638,-34.0222017,3.5,6.0,0.31,0.76,3.8,4.1,-0.72,-1.84,3.65
28,115,150.6638,-34.0222017,3.6,5.9,0.31,0.77,3.5,4.0,-0.72,-1.82,3.55
29,119,150.6638,-34.0222017,3.6,6.1,0.31,0.77,3.6,3.7,-0.72,-1.85,3.6
30,123,150.6638,-34.0222017,3.4,6.1,0.31,0.79,3.6,3.7,-0.73,-1.85,3.5
31,127,150.6638,-34.0222017,3.1,6.1,0.31,0.8,3.5,3.8,-0.72,-1.85,3.3
32,131,150.6638,-34.0222017,3.3,6.3,0.31,0.79,3.7,3.8,-0.72,-1.82,3.5
33,135,150.6638,-34.0222017,3.2,6.3,0.32,0.77,3.7,4.1,-0.72,-1.82,3.45
34,139,150.6638,-34.0222017,3.1,6.4,0.31,0.78,3.6,4.0,-0.73,-1.85,3.35
35,143,150.6638,-34.0222017,2.9,6.2,0.31,0.79,3.8,4.1,-0.73,-1.85,3.35
36,147,150.6638,-34.0222017,3.2,6.2,0.32,0.8,3.7,4.0,-0.73,-1.87,3.45
37,151,150.6638,-34.0222017,3.4,5.5,0.32,0.78,3.7,3.9,-0.73,-1.86,3.55
38,155,150.6638,-34.0222017,3.5,5.9,0.32,0.75,3.4,3.8,-0.72,-1.81,3.45
39,159,150.6638,-34.0222017,3.4,6.2,0.32,0.75,3.6,3.7,-0.72,-1.86,3.5
40,163,150.6638,-34.0222017,3.6,5.6,0.31,0.76,3.5,3.9,-0.72,-1.82,3.55
41,167,150.6638,-34.0222017,3.5,6.4,0.32,0.76,3.6,4.0,-0.72,-1.83,3.55
42,171,150.6638,-34.0222017,3.6,6.0,0.32,0.77,3.8,3.7,-0.72,-1.83,3.7
43,175,150.6637983,-34.0222,3.7,6.0,0.32,0.79,3.6,4.0,-0.71,-1.82,3.65
44,179,150.6637883,-34.0221983,3.8,5.8,0.31,0.77,3.8,3.9,-0.7,-1.82,3.8
45,183,150.6637717,-34.022195,3.8,5.4,0.3,0.8,3.5,3.8,-0.69,-1.8,3.65
46,187,150.6637567,-34.02219,3.7,6.1,0.33,0.79,3.7,4.0,-0.67,-1.74,3.7
47,191,150.66374,-34.022185,3.8,6.2,0.31,0.78,3.7,3.8,-0.68,-1.77,3.75
48,195,150.6637233,-34.02218,3.8,6.1,0.3,0.78,3.7,4.0,-0.69,-1.82,3.75
49,199,150.6637067,-34.022175,4.0,5.8,0.31,0.78,3.6,4.2,-0.67,-1.83,3.8
50,203,150.66369,-34.02217,3.8,5.9,0.33,0.8,3.6,4.2,-0.65,-1.78,3.7
51,207,150.66367,-34.0221667,3.7,5.9,0.33,0.76,3.8,3.7,-0.63,-1.76,3.75
52,211,150.6636517,-34.0221633,3.7,6.2,0.31,0.76,3.7,4.5,-0.63,-1.77,3.7
53,215,150.6636333,-34.0221583,3.9,6.0,0.29,0.75,3.6,4.3,-0.62,-1.76,3.75
54,219,150.6636133,-34.022155,3.7,6.6,0.28,0.73,3.3,4.3,-0.61,-1.77,3.5
55,223,150.663595,-34.02215,3.4,6.6,0.28,0.68,3.8,4.7,-0.57,-1.68,3.6
56,227,150.663575,-34.0221467,3.9,6.5,0.27,0.66,3.2,4.0,-0.56,-1.7,3.55
57,231,150.6635583,-34.0221433,3.7,6.3,0.26,0.66,3.1,4.3,-0.53,-1.67,3.4
58,235,150.6635417,-34.02214,4.0,6.4,0.26,0.68,2.9,3.8,-0.55,-1.7,3.45
59,239,150.6635233,-34.0221367,4.3,6.4,0.28,0.69,2.9,3.6,-0.57,-1.73,3.6
60,243,150.6635067,-34.0221333,3.9,6.1,0.27,0.69,3.4,4.1,-0.56,-1.71,3.65
61,247,150.6634883,-34.0221283,3.9,6.4,0.27,0.69,2.9,4.2,-0.54,-1.66,3.4
62,251,150.66347,-34.022125,3.7,6.6,0.28,0.74,2.8,3.6,-0.53,-1.64,3.25
63,255,150.66345,-34.0221217,4.2,6.6,0.29,0.67,2.9,3.7,-0.52,-1.62,3.55
64,259,150.6634317,-34.0221183,3.7,6.6,0.27,0.7,2.8,3.7,-0.52,-1.62,3.25
65,263,150.6634117,-34.022115,4.2,6.6,0.26,0.66,3.1,3.9,-0.52,-1.6,3.65
66,267,150.6633917,-34.02211,3.9,6.5,0.27,0.68,3.9,4.3,-0.53,-1.65,3.9
67,271,150.6633717,-34.022105,4.8,6.0,0.28,0.72,4.0,4.8,-0.52,-1.61,4.4
68,275,150.6633517,-34.0221,4.4,6.5,0.27,0.71,3.3,3.9,-0.52,-1.63,3.85
69,279,150.6633317,-34.022095,3.7,6.6,0.29,0.71,3.0,4.0,-0.51,-1.61,3.35
70,283,150.6633117,-34.0220917,3.9,6.6,0.29,0.68,3.3,4.1,-0.52,-1.63,3.6
71,287,150.66329,-34.0220883,4.0,6.4,0.27,0.68,3.7,4.4,-0.52,-1.64,3.85
72,291,150.66327,-34.022085,4.2,6.6,0.28,0.71,3.9,4.5,-0.51,-1.6,4.05
73,295,150.6632467,-34.0220833,4.4,6.6,0.28,0.71,3.8,4.8,-0.49,-1.58,4.1
74,299,150.6632267,-34.0220817,4.3,6.5,0.29,0.66,3.9,4.2,-0.49,-1.58,4.1
75,303,150.663205,-34.02208,4.8,6.8,0.28,0.63,4.3,4.8,-0.51,-1.63,4.55
76,307,150.6631833,-34.0220767,4.5,6.7,0.29,0.68,3.9,4.6,-0.5,-1.6,4.2
77,311,150.66316,-34.0220733,4.4,6.3,0.28,0.66,3.9,4.3,-0.5,-1.6,4.15
78,315,150.6631383,-34.02207,4.7,6.4,0.29,0.66,3.5,4.6,-0.5,-1.67,4.1
79,319,150.6631167,-34.0220667,4.4,6.9,0.28,0.66,3.6,4.2,-0.5,-1.64,4.0
80,323,150.663095,-34.0220633,4.4,7.2,0.27,0.58,3.4,4.4,-0.5,-1.66,3.9
81,327,150.6630733,-34.02206,4.5,7.0,0.26,0.66,3.6,4.6,-0.52,-1.69,4.05
82,331,150.6630517,-34.022055,4.6,6.8,0.26,0.59,3.9,4.9,-0.52,-1.73,4.25
83,335,150.6630283,-34.0220517,5.0,7.1,0.24,0.6,3.6,4.5,-0.51,-1.7,4.3
84,339,150.6630067,-34.0220483,4.9,7.2,0.25,0.6,3.4,4.6,-0.49,-1.67,4.15
85,343,150.6629883,-34.0220433,5.1,7.6,0.24,0.58,3.2,4.4,-0.51,-1.73,4.15
86,347,150.6629767,-34.0220333,5.0,7.4,0.24,0.61,3.6,4.8,-0.51,-1.74,4.3
87,351,150.6629717,-34.0220217,5.2,7.8,0.25,0.65,4.0,5.5,-0.51,-1.75,4.6
88,355,150.6629733,-34.02201,5.2,8.4,0.27,0.65,3.6,5.0,-0.5,-1.81,4.4
89,359,150.6629817,-34.022,5.7,8.5,0.28,0.7,3.3,4.8,-0.47,-1.68,4.5
90,363,150.662995,-34.0219933,5.8,8.7,0.3,0.79,3.3,4.8,-0.47,-1.7,4.55
91,367,150.6630117,-34.0219933,6.2,9.1,0.32,0.85,3.5,4.8,-0.47,-1.66,4.85
92,371,150.6630283,-34.021995,6.2,9.7,0.31,0.88,3.4,4.9,-0.5,-1.72,4.8
93,375,150.6630433,-34.022,5.8,8.7,0.28,0.82,3.5,4.5,-0.5,-1.75,4.65
94,379,150.6630617,-34.022005,5.6,8.4,0.26,0.66,3.7,5.3,-0.5,-1.72,4.65
95,383,150.6630783,-34.0220083,5.8,8.2,0.24,0.6,3.9,5.5,-0.49,-1.74,4.85
96,387,150.6630983,-34.0220133,5.3,8.1,0.23,0.58,3.8,5.3,-0.49,-1.72,4.55
97,391,150.6631183,-34.0220167,5.0,8.0,0.25,0.55,3.6,5.4,-0.48,-1.71,4.3
98,395,150.6631383,-34.0220217,4.9,7.5,0.25,0.6,3.4,4.6,-0.49,-1.73,4.15
99,399,150.6631583,-34.022025,5.2,7.6,0.25,0.63,3.9,4.6,-0.5,-1.74,4.55
100,403,150.6631783,-34.0220317,4.6,6.9,0.27,0.59,3.7,4.7,-0.47,-1.66,4.15
101,407,150.6632,-34.0220367,4.5,6.9,0.27,0.6,3.6,4.5,-0.47,-1.62,4.05
102,411,150.6632217,-34.0220417,-1.3,5.9,0.38,0.66,2.6,3.5,-0.45,-1.58,0.65
103,415,150.6632433,-34.0220467,4.5,6.3,0.27,0.64,3.6,4.6,-0.47,-1.63,4.05
104,419,150.663265,-34.02205,4.3,6.9,0.26,0.65,3.3,4.4,-0.47,-1.61,3.8
105,423,150.6632883,-34.022055,4.4,6.4,0.26,0.62,3.6,4.3,-0.46,-1.55,4.0
106,427,150.66331,-34.02206,4.1,6.7,0.25,0.64,3.3,4.7,-0.47,-1.54,3.7
107,431,150.663335,-34.022065,4.5,6.6,0.25,0.64,3.5,4.0,-0.48,-1.56,4.0
108,435,150.6633583,-34.0220683,4.0,6.9,0.25,0.64,3.3,4.2,-0.48,-1.6,3.65
109,439,150.6633833,-34.0220733,4.4,6.9,0.25,0.67,3.5,4.7,-0.48,-1.63,3.95
110,443,150.6634083,-34.0220783,4.6,6.6,0.26,0.66,3.6,4.4,-0.48,-1.63,4.1
111,447,150.6634333,-34.0220833,4.2,6.2,0.26,0.67,3.5,4.6,-0.49,-1.63,3.85
112,451,150.66346,-34.0220883,4.2,6.0,0.26,0.64,3.2,4.4,-0.49,-1.57,3.7
113,455,150.663485,-34.0220933,4.3,6.6,0.27,0.67,3.4,4.6,-0.48,-1.58,3.85
114,459,150.6635117,-34.0221,4.6,5.8,0.27,0.63,3.9,4.7,-0.48,-1.56,4.25
115,463,150.6635367,-34.022105,4.1,6.4,0.27,0.69,3.2,4.3,-0.48,-1.6,3.65
116,467,150.6635633,-34.0221117,3.9,6.7,0.26,0.66,2.8,3.6,-0.51,-1.62,3.35
117,471,150.66359,-34.0221167,4.0,6.0,0.27,0.68,2.9,3.5,-0.52,-1.61,3.45
118,475,150.6636167,-34.0221233,3.8,6.3,0.27,0.69,2.9,3.9,-0.53,-1.65,3.35
119,479,150.6636433,-34.0221283,4.2,6.4,0.27,0.7,3.1,3.8,-0.55,-1.71,3.65
120,483,150.66367,-34.0221333,3.8,5.7,0.29,0.71,3.0,3.9,-0.54,-1.7,3.4
121,487,150.663695,-34.0221383,3.4,6.4,0.29,0.68,3.0,3.5,-0.54,-1.69,3.2
122,491,150.6637217,-34.022145,3.6,6.1,0.29,0.7,3.0,3.9,-0.56,-1.72,3.3
123,495,150.663745,-34.02215,3.3,5.9,0.31,0.72,3.1,3.9,-0.57,-1.72,3.2
124,499,150.663765,-34.0221583,3.4,5.8,0.31,0.73,3.2,3.5,-0.59,-1.75,3.3
125,503,150.663785,-34.0221633,3.5,5.6,0.31,0.77,3.2,3.4,-0.63,-1.78,3.35
126,507,150.6638017,-34.0221633,3.5,6.2,0.31,0.78,2.9,3.1,-0.64,-1.79,3.2
127,511,150.6638167,-34.0221583,3.3,6.3,0.28,0.77,3.2,3.6,-0.64,-1.73,3.25
128,515,150.6638267,-34.0221483,3.6,6.0,0.31,0.82,3.4,3.7,-0.65,-1.77,3.5
129,519,150.66383,-34.0221367,3.6,5.5,0.32,0.9,4.4,3.4,-0.69,-1.79,4.0
130,523,150.6638283,-34.0221233,4.3,5.0,0.28,0.95,3.9,2.9,-0.66,-1.74,4.1
131,527,150.66382,-34.0221133,4.1,6.7,0.32,0.93,3.1,3.9,-0.63,-1.76,3.6
132,531,150.6638067,-34.022105,4.2,6.6,0.33,0.93,3.2,3.5,-0.6,-1.68,3.7
133,535,150.66379,-34.0221,3.8,6.8,0.35,0.91,2.6,3.4,-0.56,-1.67,3.2
134,539,150.6637733,-34.0220967,3.7,6.6,0.32,0.83,2.5,3.1,-0.54,-1.63,3.1
135,543,150.6637567,-34.0220933,3.4,6.4,0.31,0.74,2.6,3.4,-0.53,-1.65,3.0
136,547,150.6637383,-34.02209,3.5,5.9,0.28,0.73,2.5,3.4,-0.53,-1.64,3.0
137,551,150.6637183,-34.022085,3.3,5.4,0.27,0.71,2.7,3.8,-0.55,-1.66,3.0
138,555,150.6637,-34.0220817,3.3,5.9,0.27,0.68,2.9,3.5,-0.55,-1.67,3.1
139,559,150.6636783,-34.0220783,3.4,6.2,0.27,0.66,2.6,3.2,-0.54,-1.69,3.0
140,563,150.6636583,-34.0220733,3.6,5.8,0.27,0.68,3.1,3.9,-0.56,-1.69,3.35
141,567,150.6636367,-34.0220683,1.4,5.5,0.28,0.71,3.1,3.7,-0.56,-1.65,2.25
142,571,150.6636133,-34.022065,3.3,6.0,0.28,0.67,2.8,3.9,-0.52,-1.64,3.05
143,575,150.66359,-34.02206,3.1,5.8,0.28,0.67,3.0,4.0,-0.51,-1.63,3.05
144,579,150.6635667,-34.022055,3.4,6.0,0.28,0.66,2.8,3.9,-0.51,-1.67,3.1
145,583,150.6635433,-34.02205,3.4,6.1,0.26,0.66,3.0,4.2,-0.52,-1.7,3.2
146,587,150.6635183,-34.0220467,3.5,5.9,0.27,0.66,2.8,4.0,-0.49,-1.65,3.15
147,591,150.6634933,-34.0220417,3.3,5.8,0.27,0.65,2.8,3.9,-0.48,-1.62,3.05
148,595,150.6634667,-34.0220367,3.3,5.7,0.28,0.64,2.5,4.0,-0.46,-1.56,2.9
149,599,150.6634417,-34.02203,3.7,5.6,0.28,0.62,2.9,3.7,-0.46,-1.57,3.3
150,603,150.663415,-34.022025,3.9,6.3,0.27,0.63,3.2,4.0,-0.47,-1.59,3.55
151,607,150.66339,-34.02202,4.3,6.2,0.26,0.61,3.5,4.3,-0.46,-1.55,3.9
152,611,150.663365,-34.0220133,4.2,6.3,0.27,0.63,2.9,4.0,-0.46,-1.57,3.55
153,615,150.66334,-34.0220083,3.9,6.2,0.27,0.63,3.0,4.0,-0.47,-1.61,3.45
154,619,150.663315,-34.0220033,4.5,5.9,0.26,0.65,3.3,4.3,-0.47,-1.6,3.9
155,623,150.6632883,-34.0219983,4.7,6.0,0.26,0.64,3.2,4.1,-0.46,-1.61,3.95
156,627,150.6632633,-34.0219917,4.2,6.4,0.25,0.63,3.3,4.1,-0.45,-1.56,3.75
157,631,150.6632383,-34.0219867,4.4,6.4,0.25,0.62,3.3,4.0,-0.46,-1.6,3.85
158,635,150.6632117,-34.0219817,5.0,6.3,0.25,0.61,3.4,4.1,-0.46,-1.58,4.2
159,639,150.6631867,-34.021975,4.3,6.3,0.25,0.61,3.3,4.0,-0.46,-1.59,3.8
160,643,150.6631617,-34.02197,4.6,6.4,0.26,0.61,3.3,4.2,-0.46,-1.6,3.95
161,647,150.6631367,-34.021965,4.1,6.3,0.25,0.61,3.3,4.5,-0.46,-1.6,3.7
162,651,150.6631117,-34.02196,4.2,6.4,0.25,0.6,3.4,4.3,-0.46,-1.61,3.8
163,655,150.6630867,-34.021955,4.4,6.8,0.26,0.61,3.4,4.5,-0.46,-1.6,3.9
164,659,150.6630633,-34.02195,4.0,7.0,0.26,0.6,3.5,4.7,-0.46,-1.59,3.75
165,663,150.6630433,-34.02195,4.7,7.6,0.26,0.61,3.7,4.9,-0.47,-1.63,4.2
166,667,150.6630267,-34.021945,5.0,6.9,0.25,0.62,3.4,4.4,-0.48,-1.66,4.2
167,671,150.6630183,-34.021935,5.0,7.4,0.24,0.65,3.7,4.8,-0.49,-1.71,4.35
168,675,150.663015,-34.021925,5.5,7.7,0.25,0.69,3.5,4.9,-0.48,-1.7,4.5
169,679,150.6630167,-34.0219133,5.2,7.7,0.26,0.69,3.6,5.2,-0.48,-1.67,4.4
170,683,150.663025,-34.0219033,5.6,8.1,0.28,0.72,3.4,4.6,-0.47,-1.64,4.5
171,687,150.6630367,-34.0218967,5.4,8.3,0.29,0.79,3.1,4.6,-0.46,-1.61,4.25
172,691,150.6630533,-34.0218967,5.6,8.4,0.32,0.85,2.9,4.3,-0.45,-1.56,4.25
173,695,150.66307,-34.0219017,5.6,8.5,0.33,0.91,2.6,4.0,-0.44,-1.55,4.1
174,699,150.663085,-34.0219083,5.5,8.2,0.33,0.88,2.4,3.5,-0.45,-1.56,3.95
175,703,150.6631,-34.0219133,4.7,7.1,0.29,0.79,2.6,3.6,-0.45,-1.55,3.65
176,707,150.6631183,-34.02192,4.3,6.9,0.27,0.67,2.4,3.6,-0.44,-1.59,3.35
177,711,150.6631367,-34.021925,3.7,6.7,0.26,0.61,2.4,3.6,-0.45,-1.57,3.05
178,715,150.6631567,-34.02193,3.6,6.5,0.26,0.61,2.8,3.8,-0.44,-1.56,3.2
179,719,150.6631767,-34.0219333,3.6,6.4,0.27,0.62,2.9,3.9,-0.43,-1.53,3.25
180,723,150.6631983,-34.0219383,3.9,6.4,0.27,0.62,3.2,4.1,-0.43,-1.53,3.55
181,727,150.6632217,-34.0219433,3.6,6.4,0.27,0.6,3.0,4.1,-0.43,-1.5,3.3
182,731,150.663245,-34.0219483,3.9,6.2,0.27,0.63,3.0,4.1,-0.43,-1.53,3.45
183,735,150.6632683,-34.0219533,3.5,6.1,0.27,0.65,3.2,3.4,-0.44,-1.55,3.35
184,739,150.6632933,-34.0219583,3.6,6.2,0.28,0.62,2.7,3.4,-0.43,-1.52,3.15
185,743,150.6633183,-34.0219633,3.6,5.7,0.28,0.62,2.8,3.7,-0.43,-1.48,3.2
186,747,150.663345,-34.0219683,3.6,5.5,0.28,0.59,3.1,3.6,-0.44,-1.57,3.35
187,751,150.66337,-34.0219733,3.6,6.0,0.29,0.61,2.8,3.3,-0.43,-1.51,3.2
188,755,150.6633967,-34.0219783,3.5,5.8,0.29,0.66,3.0,3.3,-0.43,-1.5,3.25
189,759,150.6634233,-34.0219833,3.5,5.3,0.28,0.62,2.9,3.4,-0.43,-1.52,3.2
190,763,150.6634483,-34.0219883,3.7,5.6,0.28,0.62,3.0,3.7,-0.44,-1.55,3.35
191,767,150.663475,-34.021995,3.4,5.2,0.28,0.61,2.7,3.6,-0.45,-1.55,3.05
192,771,150.6635017,-34.0220017,3.5,5.6,0.26,0.61,2.6,3.4,-0.44,-1.53,3.05
193,775,150.6635283,-34.0220083,3.3,5.1,0.27,0.63,3.2,3.7,-0.44,-1.55,3.25
194,779,150.663555,-34.0220133,3.7,5.0,0.26,0.63,3.1,3.8,-0.47,-1.56,3.4
195,783,150.66358,-34.0220183,3.3,5.4,0.25,0.64,2.5,3.2,-0.47,-1.59,2.9
196,787,150.6636033,-34.0220233,3.3,5.4,0.25,0.59,2.6,3.4,-0.47,-1.59,2.95
197,791,150.6636283,-34.0220283,2.9,6.0,0.25,0.62,2.5,3.4,-0.47,-1.62,2.7
198,795,150.6636533,-34.0220333,3.1,5.6,0.26,0.64,2.2,3.3,-0.47,-1.57,2.65
199,799,150.6636767,-34.0220383,2.7,5.6,0.26,0.63,2.5,3.4,-0.48,-1.62,2.6
200,803,150.6637,-34.0220433,3.0,5.6,0.25,0.65,2.5,3.2,-0.49,-1.62,2.75
201,807,150.6637217,-34.0220483,3.1,5.7,0.26,0.65,2.6,3.6,-0.48,-1.56,2.85
202,811,150.6637433,-34.0220517,3.2,5.8,0.26,0.69,2.2,3.1,-0.48,-1.61,2.7
203,815,150.663765,-34.022055,2.8,5.9,0.26,0.68,2.2,2.9,-0.5,-1.63,2.5
204,819,150.663785,-34.0220583,2.8,5.5,0.25,0.65,2.4,3.0,-0.5,-1.65,2.6
205,823,150.663805,-34.0220617,3.2,5.9,0.26,0.67,2.2,2.8,-0.49,-1.59,2.7
206,827,150.6638217,-34.022065,3.3,5.6,0.26,0.65,2.3,3.0,-0.49,-1.6,2.8
207,831,150.663825,-34.022065,3.3,5.5,0.27,0.64,2.5,3.0,-0.5,-1.59,2.9
208,835,150.663825,-34.022065,3.1,5.7,0.28,0.65,2.7,3.1,-0.5,-1.6,2.9
209,839,150.663825,-34.022065,3.6,5.3,0.28,0.69,2.6,3.0,-0.51,-1.61,3.1
210,843,150.663825,-34.022065,3.5,5.7,0.27,0.65,2.7,3.7,-0.5,-1.66,3.1
211,847,150.663825,-34.022065,3.3,5.4,0.27,0.66,2.5,3.6,-0.5,-1.6,2.9
212,851,150.663825,-34.022065,3.1,5.5,0.27,0.67,2.6,3.3,-0.5,-1.62,2.85
213,855,150.663825,-34.022065,3.3,5.4,0.27,0.68,2.7,3.2,-0.5,-1.64,3.0
214,859,150.663825,-34.022065,2.9,5.2,0.27,0.66,2.7,3.2,-0.5,-1.61,2.8
215,863,150.663825,-34.022065,3.2,5.3,0.27,0.68,2.6,3.4,-0.5,-1.63,2.9
216,867,150.663825,-34.022065,2.8,5.3,0.27,0.65,2.5,3.5,-0.5,-1.61,2.65
217,871,150.663825,-34.022065,3.0,5.3,0.27,0.66,2.6,3.6,-0.49,-1.59,2.8
218,875,150.663825,-34.022065,3.1,5.7,0.27,0.66,2.6,3.7,-0.5,-1.61,2.85
219,879,150.663825,-34.022065,2.8,5.5,0.27,0.66,2.8,3.4,-0.49,-1.62,2.8
220,883,150.663825,-34.022065,2.9,5.8,0.28,0.64,2.6,3.2,-0.5,-1.61,2.75
221,887,150.663825,-34.022065,2.7,5.6,0.27,0.66,2.5,3.7,-0.5,-1.58,2.6
222,891,150.663825,-34.022065,3.0,5.8,0.28,0.67,2.8,3.4,-0.5,-1.61,2.9
223,895,150.663825,-34.022065,3.2,5.7,0.27,0.66,2.6,3.2,-0.5,-1.62,2.9
224,899,150.663825,-34.022065,3.5,5.7,0.28,0.66,2.6,3.4,-0.49,-1.58,3.05
225,903,150.663825,-34.022065,3.3,5.3,0.28,0.65,2.7,3.3,-0.49,-1.6,3.0
226,907,150.663825,-34.022065,3.3,5.8,0.27,0.65,2.4,3.5,-0.5,-1.6,2.85
227,911,150.663825,-34.022065,3.3,5.8,0.27,0.63,2.6,3.3,-0.49,-1.59,2.95
228,915,150.663825,-34.022065,3.4,5.1,0.28,0.66,2.6,3.4,-0.49,-1.59,3.0
229,919,150.663825,-34.022065,3.3,5.7,0.27,0.68,2.6,3.6,-0.49,-1.6,2.95
230,923,150.663825,-34.022065,3.3,5.7,0.27,0.66,2.7,3.3,-0.49,-1.62,3.0
231,927,150.663825,-34.022065,3.3,5.5,0.27,0.66,2.8,3.4,-0.49,-1.6,3.05
232,931,150.663825,-34.022065,3.2,5.5,0.26,0.65,1.9,2.2,-0.5,-1.63,2.55
233,935,150.663825,-34.022065,3.4,5.5,0.27,0.63,2.5,3.1,-0.49,-1.59,2.95
234,939,150.663825,-34.022065,3.1,5.2,0.27,0.66,2.6,3.1,-0.49,-1.6,2.85
235,943,150.663825,-34.022065,2.7,5.7,0.26,0.67,2.5,2.9,-0.49,-1.62,2.6
236,947,150.663825,-34.022065,3.2,5.2,0.27,0.65,2.6,3.2,-0.49,-1.6,2.9
237,951,150.663825,-34.022065,2.8,5.4,0.27,0.66,2.6,3.5,-0.49,-1.58,2.7
238,955,150.663825,-34.022065,3.0,5.4,0.27,0.66,3.1,4.5,-0.49,-1.58,3.05
239,959,150.663825,-34.022065,3.3,5.5,0.27,0.66,2.5,3.2,-0.49,-1.56,2.9
240,963,150.663825,-34.022065,3.3,5.5,0.27,0.66,2.7,3.3,-0.49,-1.57,3.0
241,967,150.663825,-34.022065,3.3,5.7,0.27,0.67,2.6,3.7,-0.49,-1.58,2.95
242,971,150.663825,-34.022065,3.4,5.5,0.27,0.67,2.6,3.3,-0.49,-1.58,3.0
243,975,150.663825,-34.022065,3.3,5.5,0.27,0.68,2.5,3.3,-0.49,-1.6,2.9
244,979,150.663825,-34.022065,3.4,5.1,0.27,0.66,2.6,3.2,-0.49,-1.6,3.0
245,983,150.6638317,-34.0220667,3.5,5.2,0.27,0.67,2.6,3.1,-0.48,-1.58,3.05
246,987,150.663845,-34.02207,3.3,5.6,0.28,0.65,2.5,3.0,-0.48,-1.6,2.9
247,991,150.6638567,-34.0220767,3.3,5.6,0.28,0.69,2.7,3.1,-0.47,-1.55,3.0
248,995,150.6638683,-34.0220833,3.5,5.6,0.28,0.72,2.7,3.4,-0.48,-1.63,3.1
249,999,150.66388,-34.0220933,3.4,5.6,0.27,0.74,2.4,3.1,-0.48,-1.66,2.9
250,1003,150.6638917,-34.0221033,3.6,5.8,0.27,0.63,2.3,3.2,-0.48,-1.65,2.95
251,1007,150.6639,-34.0221133,3.5,5.9,0.24,0.58,2.6,3.6,-0.47,-1.57,3.05
252,1011,150.6639067,-34.022125,3.1,5.9,0.25,0.6,2.7,3.4,-0.46,-1.52,2.9
253,1015,150.6639083,-34.0221383,3.0,5.4,0.27,0.65,2.6,3.5,-0.46,-1.49,2.8
254,1019,150.6639067,-34.0221533,2.6,6.2,0.3,0.7,2.5,3.2,-0.47,-1.49,2.55
255,1023,150.6639017,-34.0221683,3.4,6.3,0.28,0.7,3.0,3.6,-0.5,-1.6,3.2
256,1027,150.6638967,-34.022185,3.5,5.7,0.24,0.69,3.9,4.0,-0.57,-1.71,3.7
257,1031,150.6638917,-34.0222067,3.7,5.3,0.24,0.69,4.0,4.0,-0.62,-1.74,3.85
258,1035,150.6638867,-34.0222283,3.8,5.4,0.25,0.72,3.9,4.4,-0.65,-1.82,3.85
259,1039,150.6638817,-34.0222533,3.5,5.8,0.35,0.83,4.4,4.0,-0.71,-1.76,3.95
260,1043,150.663875,-34.0222817,3.6,5.7,0.36,0.83,4.0,4.1,-0.72,-1.77,3.8
261,1047,150.6638683,-34.02231,3.8,5.9,0.74,1.25,5.1,4.7,-1.08,-1.83,4.45
262,1051,150.66386,-34.0223417,4.7,6.2,0.66,1.46,4.6,4.6,-1.0,-1.85,4.65
263,1055,150.6638517,-34.0223733,5.0,7.0,0.36,0.99,4.7,4.3,-0.84,-2.09,4.85
264,1059,150.6638433,-34.02241,4.9,7.7,0.37,1.0,5.3,5.3,-0.92,-2.12,5.1
265,1063,150.6638333,-34.0224467,5.5,8.7,0.31,1.02,6.0,5.5,-1.04,-2.2,5.75
266,1067,150.6638217,-34.0224867,5.6,9.0,0.35,1.09,5.6,4.8,-1.06,-2.16,5.6
267,1071,150.6638117,-34.0225283,5.6,10.3,0.34,1.09,5.3,5.3,-1.05,-2.18,5.45
268,1075,150.6638,-34.02257,6.7,11.8,0.37,1.2,5.7,5.4,-1.09,-2.14,6.2
269,1079,150.6637883,-34.022615,6.5,13.2,0.46,1.35,6.0,4.4,-1.07,-1.94,6.25
270,1083,150.6637783,-34.0226583,6.5,14.4,0.51,1.39,5.5,4.0,-1.08,-1.89,6.0
271,1087,150.6637667,-34.0227033,7.1,14.8,0.53,1.55,5.4,3.1,-1.11,-1.91,6.25
272,1091,150.6637567,-34.0227483,7.5,16.0,0.55,1.39,4.5,2.9,-0.95,-1.76,6.0
273,1095,150.663745,-34.0227917,8.2,15.9,0.48,1.27,4.6,2.8,-0.92,-1.79,6.4
274,1099,150.663735,-34.0228383,7.3,15.3,0.47,1.26,4.6,3.4,-0.92,-1.7,5.95
275,1103,150.663725,-34.0228817,6.7,14.8,0.51,1.26,3.9,2.9,-0.89,-1.6,5.3
276,1107,150.6637183,-34.0229183,6.1,14.4,0.59,1.31,4.0,3.0,-0.87,-1.61,5.05
277,1111,150.6637117,-34.02295,6.2,13.8,0.62,1.37,5.0,3.9,-0.95,-1.71,5.6
278,1115,150.663705,-34.0229767,5.8,12.3,0.73,1.51,5.9,4.3,-1.05,-1.78,5.85
279,1119,150.6636967,-34.0230033,5.4,11.6,0.82,1.66,7.1,5.5,-1.13,-1.88,6.25
280,1123,150.6636933,-34.0230317,6.1,11.4,0.7,1.84,8.1,5.5,-1.37,-2.01,7.1
281,1127,150.6636867,-34.0230617,6.1,9.1,0.48,1.72,8.9,5.8,-1.49,-2.22,7.5
282,1131,150.66368,-34.02309,5.5,6.2,0.56,1.8,11.6,8.0,-1.63,-2.35,8.55
283,1135,150.6636733,-34.02312,3.2,5.8,0.69,2.13,10.6,6.7,-1.8,-2.38,6.9
284,1139,150.6636633,-34.0231517,2.2,4.5,0.79,2.39,11.4,6.4,-1.99,-2.54,6.8
285,1143,150.6636533,-34.023185,2.4,4.2,0.82,2.68,13.1,6.7,-2.32,-2.77,7.75
286,1147,150.6636417,-34.0232217,2.4,4.3,0.72,2.82,13.4,6.7,-2.52,-3.06,7.9
287,1151,150.6636317,-34.02326,3.7,4.6,0.61,3.09,15.8,8.0,-2.89,-3.51,9.75
288,1155,150.6636217,-34.0233,5.8,5.7,0.42,3.2,17.9,10.2,-3.17,-4.13,11.85
289,1159,150.66361,-34.02334,6.5,7.5,0.45,3.29,18.8,10.9,-3.4,-4.5,12.65
290,1163,150.6636,-34.0233833,6.5,5.5,0.36,3.52,21.5,12.3,-3.9,-5.34,14.0
291,1167,150.6635883,-34.023425,6.5,5.2,0.31,3.73,23.0,12.3,-4.29,-5.93,14.75
292,1171,150.663575,-34.0234667,7.8,6.0,0.15,3.63,24.3,13.0,-4.56,-6.65,16.05
293,1175,150.6635617,-34.0235083,7.5,6.1,0.21,3.81,24.7,13.7,-4.71,-6.78,16.1
294,1179,150.66355,-34.0235517,7.7,6.1,0.07,3.6,24.8,13.7,-4.66,-6.76,16.25
295,1183,150.6635367,-34.0235933,7.7,5.8,-0.04,3.21,23.0,12.9,-4.37,-6.68,15.35
296,1187,150.6635233,-34.0236367,8.1,5.8,-0.21,2.68,21.3,12.5,-4.02,-6.91,14.7
297,1191,150.6635083,-34.0236783,8.8,6.5,-0.29,2.23,20.0,12.9,-3.77,-7.17,14.4
298,1195,150.663495,-34.02372,9.9,7.8,-0.33,1.79,19.1,14.0,-3.57,-7.29,14.5
299,1199,150.6634817,-34.0237633,10.9,8.3,-0.34,1.81,20.5,14.9,-3.71,-7.61,15.7
300,1203,150.66347,-34.023805,11.6,8.5,-0.42,1.84,21.1,15.6,-3.82,-8.0,16.35
301,1207,150.66346,-34.0238467,12.0,8.7,-0.42,1.91,21.9,16.0,-3.9,-7.98,16.95
302,1211,150.66345,-34.02389,11.7,8.3,-0.34,1.85,20.7,15.0,-3.66,-7.51,16.2
303,1215,150.66344,-34.0239333,9.1,7.8,-0.16,1.79,18.9,13.8,-3.44,-6.93,14.0
304,1219,150.6634283,-34.0239783,8.3,6.8,-0.08,1.72,16.8,12.0,-3.2,-6.34,12.55
305,1223,150.6634183,-34.0240233,8.1,6.5,-0.1,1.86,17.0,11.5,-3.24,-6.29,12.55
306,1227,150.6634083,-34.0240667,7.4,6.1,-0.09,1.79,17.3,11.4,-3.23,-6.35,12.35
307,1231,150.6633983,-34.0241117,7.9,6.1,-0.17,1.9,18.1,12.2,-3.43,-6.75,13.0
308,1235,150.6633867,-34.024155,9.3,7.1,-0.3,1.7,19.0,13.2,-3.41,-7.04,14.15
309,1239,150.6633767,-34.0242,-71.6,-67.5,-2.27,-8.94,195.4,5.6,5.31,-6.76,61.9
310,1243,150.663365,-34.024245,10.1,8.4,-0.48,1.61,19.6,15.0,-3.69,-7.65,14.85
311,1247,150.6633533,-34.0242917,10.4,7.7,-0.44,1.72,20.5,14.1,-3.82,-7.94,15.45
312,1251,150.66334,-34.0243367,11.6,9.3,-0.66,1.67,21.6,15.4,-4.03,-8.53,16.6
313,1255,150.6633283,-34.0243817,11.9,9.2,-0.69,1.5,21.0,15.5,-3.95,-8.55,16.45
314,1259,150.6633167,-34.0244283,11.8,9.5,-0.61,1.44,20.0,15.0,-3.8,-8.42,15.9
315,1263,150.663305,-34.024475,10.7,9.3,-0.54,1.42,19.5,14.2,-3.77,-8.17,15.1
316,1267,150.6632917,-34.0245217,10.9,9.1,-0.57,1.68,20.9,14.6,-4.08,-8.35,15.9
317,1271,150.6632817,-34.0245667,10.3,8.3,-0.42,2.01,21.8,14.6,-4.25,-8.29,16.05
318,1275,150.6632683,-34.0246133,9.4,6.9,-0.33,2.68,24.9,15.0,-4.88,-8.82,17.15
319,1279,150.6632567,-34.0246567,8.1,6.7,-0.22,2.99,24.8,14.6,-5.12,-8.93,16.45
320,1283,150.663245,-34.0247,9.1,7.5,-0.2,3.05,25.7,15.1,-5.23,-8.91,17.4
321,1287,150.6632333,-34.02474,9.6,7.7,-0.23,3.13,26.1,15.2,-5.34,-8.8,17.85
322,1291,150.6632233,-34.02478,8.1,7.3,0.0,3.52,25.7,14.5,-5.33,-8.35,16.9
323,1295,150.663215,-34.0248183,7.2,6.3,0.18,4.01,26.1,14.1,-5.39,-7.96,16.65
324,1299,150.6632083,-34.024855,5.9,5.1,0.24,3.97,24.3,12.7,-5.07,-7.39,15.1
325,1303,150.6632,-34.0248883,5.6,4.1,0.15,3.68,23.0,11.6,-4.82,-7.12,14.3
326,1307,150.6631917,-34.0249233,5.9,4.2,0.15,3.62,23.7,12.0,-4.87,-7.37,14.8
327,1311,150.6631817,-34.0249583,6.0,4.4,0.11,3.76,24.7,12.5,-5.15,-7.86,15.35
328,1315,150.6631717,-34.024995,6.4,4.6,0.09,3.79,26.0,14.0,-5.48,-8.57,16.2
329,1319,150.6631633,-34.0250317,7.5,5.1,-0.05,3.74,26.8,14.4,-5.67,-8.96,17.15
330,1323,150.6631533,-34.02507,8.1,5.8,-0.25,3.56,26.2,13.9,-5.61,-8.97,17.15
331,1327,150.6631417,-34.0251083,7.5,6.5,-0.08,3.12,22.7,13.0,-4.79,-7.93,15.1
332,1331,150.66313,-34.0251483,5.7,8.2,0.27,2.38,17.9,11.0,-3.66,-6.22,11.8
333,1335,150.66312,-34.0251883,5.6,9.9,0.53,2.06,15.9,11.1,-3.04,-5.16,10.75
334,1339,150.66311,-34.02523,7.2,12.1,0.47,1.62,14.3,11.8,-2.62,-4.72,10.75
335,1343,150.6631017,-34.0252717,7.8,12.8,0.51,1.54,14.3,12.4,-2.54,-4.59,11.05
336,1347,150.6630917,-34.025315,7.5,12.3,0.48,1.74,15.0,12.1,-2.78,-4.7,11.25
337,1351,150.6630783,-34.0253567,6.8,10.9,0.42,1.86,14.4,10.6,-2.89,-4.84,10.6
338,1355,150.663065,-34.0254,7.2,11.4,0.46,1.53,13.4,10.6,-2.52,-4.55,10.3
339,1359,150.6630517,-34.0254433,6.8,12.7,0.51,1.3,12.4,10.6,-2.27,-4.25,9.6
340,1363,150.6630417,-34.0254867,7.3,11.8,0.4,1.49,14.0,11.1,-2.69,-4.83,10.65
341,1367,150.6630317,-34.02553,8.6,10.1,0.12,2.02,18.1,12.4,-3.61,-6.3,13.35
342,1371,150.6630217,-34.0255717,7.8,8.9,0.21,2.46,19.3,12.3,-3.96,-6.35,13.55
343,1375,150.6630117,-34.0256133,7.4,8.5,0.3,2.8,19.8,11.7,-4.06,-6.13,13.6
344,1379,150.6630033,-34.0256517,6.8,8.7,0.43,2.8,19.1,11.4,-3.8,-5.59,12.95
345,1383,150.6629967,-34.0256867,6.1,9.1,0.57,2.61,17.9,11.5,-3.46,-5.05,12.0
346,1387,150.6629883,-34.02572,5.5,9.2,0.65,2.59,16.6,10.9,-3.21,-4.55,11.05
347,1391,150.6629817,-34.025745,5.5,9.6,0.66,2.46,15.7,10.2,-2.99,-4.05,10.6
348,1395,150.6629783,-34.0257617,5.6,9.6,0.58,2.31,14.9,9.3,-2.86,-3.8,10.25
349,1399,150.6629767,-34.0257683,5.1,10.1,0.6,2.28,14.0,8.8,-2.72,-3.62,9.55
350,1403,150.6629767,-34.0257683,4.8,10.1,0.64,2.21,13.4,8.3,-2.6,-3.44,9.1
351,1407,150.6629767,-34.0257683,5.1,9.8,0.64,2.21,13.4,8.4,-2.59,-3.44,9.25
352,1411,150.662975,-34.02577,5.3,10.2,0.64,2.18,13.4,8.7,-2.59,-3.48,9.35
353,1415,150.6629733,-34.0257817,5.2,9.9,0.63,2.13,13.0,8.3,-2.54,-3.41,9.1
354,1419,150.66297,-34.025795,5.1,9.8,0.61,2.01,12.6,8.1,-2.43,-3.34,8.85
355,1423,150.662965,-34.0258133,5.2,10.2,0.63,1.91,12.3,8.3,-2.38,-3.26,8.75
356,1427,150.66296,-34.0258333,4.5,9.3,0.72,1.98,12.1,8.1,-2.31,-3.07,8.3
357,1431,150.6629533,-34.0258583,4.8,9.5,0.63,1.98,11.6,7.7,-2.28,-3.17,8.2
358,1435,150.6629467,-34.0258867,5.3,9.0,0.6,1.91,11.5,7.8,-2.22,-3.14,8.4
359,1439,150.66294,-34.0259167,5.0,9.4,0.57,1.85,11.2,7.5,-2.16,-3.05,8.1
360,1443,150.6629317,-34.02595,5.4,8.7,0.52,1.83,11.2,7.2,-2.15,-3.05,8.3
361,1447,150.6629217,-34.025985,5.9,8.9,0.39,1.65,11.1,7.2,-2.13,-3.27,8.5
362,1451,150.6629133,-34.02602,5.7,8.4,0.36,1.7,11.7,8.0,-2.24,-3.45,8.7
363,1455,150.662905,-34.0260583,4.9,7.9,0.46,2.01,12.1,7.4,-2.39,-3.39,8.5
364,1459,150.662895,-34.026095,4.2,6.5,0.46,2.12,11.8,7.0,-2.41,-3.33,8.0
365,1463,150.6628867,-34.0261333,4.3,6.9,0.37,2.09,11.8,7.4,-2.41,-3.43,8.05
366,1467,150.6628767,-34.0261717,3.3,6.2,0.34,1.9,11.0,6.7,-2.28,-3.33,7.15
367,1471,150.6628667,-34.02621,4.2,6.1,0.34,1.94,11.1,6.8,-2.25,-3.29,7.65
368,1475,150.6628583,-34.02625,4.6,6.2,0.36,1.91,11.3,6.8,-2.22,-3.33,7.95
369,1479,150.66285,-34.0262883,4.7,6.6,0.32,1.82,10.9,7.1,-2.16,-3.34,7.8
370,1483,150.6628417,-34.0263267,5.0,6.2,0.25,1.66,11.1,6.9,-2.24,-3.61,8.05
371,1487,150.6628333,-34.0263617,5.6,6.1,0.15,1.71,12.1,8.0,-2.4,-3.91,8.85
372,1491,150.6628283,-34.0263933,6.5,6.6,0.05,1.65,12.0,8.0,-2.42,-4.03,9.25
373,1495,150.6628217,-34.0264217,6.4,6.4,0.02,1.74,12.2,7.9,-2.58,-4.26,9.3
374,1499,150.6628167,-34.0264433,6.0,6.0,0.01,1.78,12.3,7.8,-2.59,-4.36,9.15
375,1503,150.66281,-34.026465,6.1,6.1,0.05,1.75,12.4,7.9,-2.63,-4.37,9.25
376,1507,150.6628033,-34.0264867,5.6,5.7,0.03,1.78,12.0,7.4,-2.65,-4.38,8.8
377,1511,150.6627967,-34.0265083,5.6,5.2,0.0,1.75,11.9,7.2,-2.63,-4.43,8.75
378,1515,150.6627917,-34.02653,5.6,5.0,-0.03,1.73,12.1,7.0,-2.66,-4.49,8.85
379,1519,150.6627867,-34.0265517,4.7,4.6,0.05,1.77,11.7,6.7,-2.62,-4.33,8.2
380,1523,150.6627783,-34.0265717,4.7,4.1,0.03,1.85,11.5,6.3,-2.65,-4.3,8.1
381,1527,150.6627633,-34.026585,1.7,3.7,0.14,1.91,10.3,5.7,-2.55,-4.12,6.0
382,1531,150.6627433,-34.02659,4.0,4.1,0.12,1.93,11.0,6.0,-2.6,-4.18,7.5
383,1535,150.662725,-34.0265833,3.8,4.3,0.26,2.09,11.3,6.0,-2.67,-4.08,7.55
384,1539,150.662715,-34.02657,4.5,4.7,0.23,2.2,11.5,5.6,-2.71,-4.1,8.0
385,1543,150.6627133,-34.0265533,4.5,4.6,0.17,2.28,11.8,5.8,-2.79,-4.23,8.15
386,1547,150.6627167,-34.0265367,4.1,4.0,0.23,2.29,12.1,5.9,-2.77,-4.18,8.1
387,1551,150.6627217,-34.0265183,3.4,4.1,0.31,2.32,12.2,6.0,-2.83,-4.12,7.8
388,1555,150.6627267,-34.0264983,3.4,3.5,0.33,2.37,13.3,6.4,-2.93,-4.13,8.35
389,1559,150.6627317,-34.0264783,3.3,3.7,0.32,2.36,13.1,6.6,-2.9,-4.17,8.2
390,1563,150.6627367,-34.0264583,3.5,3.9,0.25,2.2,12.6,6.8,-2.86,-4.27,8.05
391,1567,150.6627417,-34.0264367,3.4,4.0,0.27,2.16,12.7,7.1,-2.83,-4.24,8.05
392,1571,150.6627467,-34.0264133,4.6,4.4,0.18,2.13,13.4,7.7,-2.88,-4.38,9.0
393,1575,150.6627533,-34.0263917,3.9,4.5,0.24,2.15,13.1,7.2,-2.86,-4.35,8.5
394,1579,150.6627583,-34.02637,4.2,4.5,0.32,2.23,13.4,7.1,-2.87,-4.3,8.8
395,1583,150.6627633,-34.0263483,4.0,4.9,0.37,2.21,13.1,7.4,-2.82,-4.15,8.55
396,1587,150.6627683,-34.0263267,4.0,4.8,0.33,2.13,12.3,7.0,-2.68,-3.99,8.15
397,1591,150.662775,-34.0263067,4.4,5.2,0.26,2.05,12.0,6.9,-2.62,-3.99,8.2
398,1595,150.66278,-34.026285,4.4,5.2,0.26,2.03,11.7,7.1,-2.56,-3.93,8.05
399,1599,150.6627867,-34.0262617,4.0,5.2,0.28,1.89,11.2,7.0,-2.42,-3.8,7.6
400,1603,150.6627917,-34.02624,4.2,5.8,0.28,1.85,10.9,7.0,-2.31,-3.6,7.55
401,1607,150.6627967,-34.0262183,4.1,5.2,0.29,1.83,10.8,6.4,-2.27,-3.52,7.45
402,1611,150.6628033,-34.0261967,4.0,5.1,0.31,1.87,10.7,6.3,-2.26,-3.42,7.35
403,1615,150.6628083,-34.026175,3.8,5.8,0.33,1.9,10.7,6.1,-2.24,-3.33,7.25
404,1619,150.6628133,-34.0261517,3.9,5.3,0.33,1.95,10.4,6.1,-2.23,-3.25,7.15
405,1623,150.6628183,-34.0261283,4.1,5.6,0.34,1.95,10.3,6.0,-2.23,-3.26,7.2
406,1627,150.662825,-34.0261067,3.9,5.5,0.35,1.96,10.5,6.1,-2.23,-3.21,7.2
407,1631,150.6628317,-34.0260833,4.3,5.9,0.36,1.97,10.8,6.6,-2.28,-3.25,7.55
408,1635,150.6628383,-34.0260617,4.7,6.5,0.37,2.1,11.8,7.0,-2.43,-3.35,8.25
409,1639,150.662845,-34.0260383,4.6,6.5,0.42,2.14,11.8,6.8,-2.41,-3.26,8.2
410,1643,150.66285,-34.0260167,4.9,6.5,0.42,2.17,11.9,7.2,-2.44,-3.29,8.4
411,1647,150.6628583,-34.025995,4.6,6.7,0.45,2.23,12.3,7.4,-2.5,-3.33,8.45
412,1651,150.662865,-34.025975,4.7,6.8,0.43,2.27,12.6,7.3,-2.57,-3.38,8.65
413,1655,150.6628683,-34.025955,4.7,6.6,0.46,2.31,12.6,7.4,-2.56,-3.39,8.65
414,1659,150.6628633,-34.0259367,4.7,6.8,0.48,2.22,12.3,7.3,-2.49,-3.36,8.5
415,1663,150.66285,-34.0259233,4.6,7.3,0.49,2.19,12.1,7.8,-2.5,-3.37,8.35
416,1667,150.66283,-34.0259183,5.2,7.4,0.43,2.18,12.1,7.4,-2.48,-3.42,8.65
417,1671,150.66281,-34.02592,4.7,7.6,0.53,2.2,11.9,7.4,-2.43,-3.33,8.3
418,1675,150.6627933,-34.02593,5.1,8.0,0.55,2.16,12.2,7.3,-2.44,-3.3,8.65
419,1679,150.662785,-34.025945,5.6,8.6,0.43,2.1,12.2,7.8,-2.45,-3.41,8.9
420,1683,150.66278,-34.0259633,4.8,7.9,0.48,2.1,12.9,7.5,-2.42,-3.35,8.85
421,1687,150.6627767,-34.0259817,5.2,7.3,0.44,2.12,12.4,7.4,-2.46,-3.41,8.8
422,1691,150.6627733,-34.026,5.1,7.3,0.41,2.14,12.5,7.9,-2.5,-3.45,8.8
423,1695,150.66277,-34.0260183,4.9,7.0,0.42,2.19,12.5,7.7,-2.47,-3.41,8.7
424,1699,150.6627667,-34.0260367,4.2,6.8,0.45,2.16,12.6,7.5,-2.42,-3.28,8.4
425,1703,150.6627633,-34.026055,4.5,6.8,0.45,2.16,12.3,7.5,-2.43,-3.3,8.4
426,1707,150.6627617,-34.026075,4.6,6.8,0.44,2.2,12.3,7.4,-2.43,-3.29,8.45
427,1711,150.66276,-34.0260933,4.3,6.7,0.46,2.21,11.9,7.1,-2.41,-3.22,8.1
428,1715,150.6627567,-34.0261133,4.5,6.5,0.42,2.23,11.7,6.7,-2.4,-3.26,8.1
429,1719,150.6627517,-34.0261317,4.2,6.4,0.43,2.16,11.5,6.7,-2.41,-3.3,7.85
430,1723,150.6627483,-34.0261517,4.2,5.8,0.43,2.26,11.3,6.6,-2.42,-3.19,7.75
431,1727,150.6627433,-34.0261717,4.4,6.1,0.39,2.16,10.8,6.3,-2.32,-3.2,7.6
432,1731,150.66274,-34.0261917,4.2,5.5,0.35,2.0,10.3,5.8,-2.22,-3.16,7.25
433,1735,150.6627367,-34.0262117,4.1,5.4,0.34,1.96,9.9,5.8,-2.16,-3.16,7.0
434,1739,150.6627333,-34.0262317,3.6,5.5,0.35,1.88,9.7,5.7,-2.15,-3.12,6.65
435,1743,150.66273,-34.0262517,3.8,5.3,0.36,1.91,9.9,5.7,-2.17,-3.12,6.85
436,1747,150.6627267,-34.0262733,3.2,5.4,0.35,1.95,10.2,6.0,-2.2,-3.2,6.7
437,1751,150.6627233,-34.0262933,3.4,5.1,0.38,1.98,10.2,5.8,-2.22,-3.21,6.8
438,1755,150.6627183,-34.026315,3.4,5.7,0.35,1.94,10.5,6.2,-2.25,-3.28,6.95
439,1759,150.6627133,-34.026335,4.0,5.3,0.28,1.86,10.8,6.5,-2.29,-3.46,7.4
440,1763,150.6627083,-34.0263567,3.5,4.9,0.27,1.95,11.1,6.1,-2.42,-3.62,7.3
441,1767,150.662705,-34.0263783,3.6,4.7,0.32,2.01,11.4,6.1,-2.46,-3.66,7.5
442,1771,150.6627,-34.0264,3.8,5.1,0.34,2.1,11.8,6.8,-2.56,-3.77,7.8
443,1775,150.662695,-34.02642,4.0,4.4,0.31,2.1,12.0,6.5,-2.62,-3.85,8.0
444,1779,150.66269,-34.0264417,4.0,4.4,0.29,2.13,12.2,6.6,-2.73,-4.05,8.1
445,1783,150.662685,-34.0264633,3.8,4.3,0.29,2.18,12.8,6.9,-2.87,-4.21,8.3
446,1787,150.66268,-34.0264833,3.7,3.8,0.24,2.22,12.3,6.2,-2.88,-4.23,8.0
447,1791,150.6626767,-34.0265033,4.0,4.4,0.15,2.13,12.6,6.9,-2.88,-4.3,8.3
448,1795,150.6626717,-34.0265233,3.8,3.8,0.21,2.13,12.2,6.7,-2.84,-4.24,8.0
449,1799,150.6626667,-34.0265417,3.5,3.7,0.24,2.26,13.0,6.6,-2.96,-4.24,8.25
450,1803,150.662655,-34.026555,3.0,3.6,0.32,2.39,12.8,6.3,-2.93,-4.14,7.9
451,1807,150.6626367,-34.0265583,3.2,3.9,0.27,2.38,12.9,6.3,-2.95,-4.17,8.05
452,1811,150.6626217,-34.0265533,3.0,3.5,0.4,2.49,12.5,5.9,-2.9,-3.99,7.75
453,1815,150.6626117,-34.02654,3.1,4.0,0.47,2.66,11.9,5.6,-2.89,-4.02,7.5
454,1819,150.6626117,-34.0265267,3.5,4.6,0.46,2.72,11.4,4.7,-2.84,-3.89,7.45
455,1823,150.6626167,-34.0265117,3.1,4.6,0.48,2.81,11.2,4.9,-2.87,-3.92,7.15
456,1827,150.6626217,-34.0264967,2.7,4.1,0.42,2.7,11.7,4.9,-2.89,-3.95,7.2
457,1831,150.6626283,-34.02648,2.4,3.4,0.43,2.57,12.2,5.4,-2.91,-3.98,7.3
458,1835,150.6626333,-34.026465,2.4,3.0,0.34,2.41,12.2,6.0,-2.89,-4.03,7.3
459,1839,150.66264,-34.0264483,2.7,3.6,0.35,2.34,12.3,5.7,-2.82,-4.03,7.5
460,1843,150.6626467,-34.0264317,2.8,3.3,0.35,2.31,12.7,6.3,-2.88,-4.05,7.75
461,1847,150.6626517,-34.026415,2.3,3.4,0.28,2.25,12.3,6.0,-2.85,-4.04,7.3
462,1851,150.6626583,-34.0263967,3.7,3.8,0.14,2.15,12.5,6.3,-2.89,-4.31,8.1
463,1855,150.662665,-34.0263767,3.4,4.0,0.33,2.29,12.8,6.3,-2.91,-4.15,8.1
464,1859,150.6626717,-34.0263567,4.0,4.1,0.28,2.31,13.4,7.1,-2.92,-4.21,8.7
465,1863,150.6626783,-34.0263367,3.8,4.4,0.31,2.23,13.0,6.8,-2.8,-4.03,8.4
466,1867,150.662685,-34.0263167,4.0,4.7,0.33,2.18,12.5,7.1,-2.69,-3.89,8.25
467,1871,150.6626917,-34.0262967,4.3,4.6,0.33,2.15,12.1,6.8,-2.55,-3.7,8.2
468,1875,150.6626967,-34.026275,4.1,4.9,0.3,2.01,11.2,6.8,-2.41,-3.56,7.65
469,1879,150.6627017,-34.0262533,3.8,5.0,0.31,1.93,10.6,6.4,-2.28,-3.41,7.2
470,1883,150.6627083,-34.0262317,3.5,5.1,0.27,1.89,10.0,6.0,-2.21,-3.3,6.75
471,1887,150.6627133,-34.0262083,4.0,5.1,0.31,1.9,10.1,6.1,-2.19,-3.26,7.05
472,1891,150.6627183,-34.0261867,3.6,5.1,0.35,1.94,10.0,5.7,-2.19,-3.17,6.8
473,1895,150.6627233,-34.0261633,3.4,5.1,0.32,1.95,9.9,5.5,-2.18,-3.17,6.65
474,1899,150.6627267,-34.02614,3.8,5.3,0.36,1.95,9.8,5.8,-2.15,-3.06,6.8
475,1903,150.6627333,-34.0261167,4.1,5.6,0.33,1.86,9.7,6.0,-2.1,-3.06,6.9
476,1907,150.6627383,-34.0260933,3.6,5.4,0.36,1.89,10.1,6.0,-2.11,-3.04,6.85
477,1911,150.6627433,-34.0260683,4.0,5.8,0.35,1.97,10.5,6.1,-2.22,-3.11,7.25
478,1915,150.66275,-34.026045,3.9,5.8,0.39,2.12,11.4,6.3,-2.35,-3.16,7.65
479,1919,150.6627567,-34.0260217,4.6,6.3,0.38,2.13,11.8,7.0,-2.32,-3.19,8.2
480,1923,150.6627617,-34.026,4.6,6.9,0.37,2.05,11.9,7.0,-2.35,-3.25,8.25
481,1927,150.6627683,-34.0259783,4.5,7.1,0.4,2.1,12.1,7.4,-2.39,-3.21,8.3
482,1931,150.662775,-34.0259583,4.6,6.4,0.4,2.13,12.2,7.3,-2.4,-3.27,8.4
483,1935,150.6627767,-34.02594,5.2,6.8,0.38,2.09,12.4,7.4,-2.41,-3.32,8.8
484,1939,150.6627683,-34.0259233,5.3,6.6,0.42,2.12,12.4,7.7,-2.45,-3.38,8.85
485,1943,150.6627517,-34.025915,5.1,7.2,0.41,2.22,12.8,7.4,-2.5,-3.4,8.95
486,1947,150.6627317,-34.025915,5.1,7.0,0.41,2.29,12.3,7.3,-2.48,-3.41,8.7
487,1951,150.662715,-34.025925,4.8,7.2,0.49,2.29,12.2,7.0,-2.45,-3.36,8.5
488,1955,150.6627017,-34.0259383,5.0,7.6,0.55,2.32,11.9,7.1,-2.4,-3.34,8.45
489,1959,150.6626967,-34.0259533,5.3,7.3,0.48,2.32,12.2,7.1,-2.46,-3.34,8.75
490,1963,150.6626933,-34.0259717,4.4,7.1,0.42,2.18,12.1,7.5,-2.43,-3.39,8.25
491,1967,150.66269,-34.0259883,4.8,7.2,0.42,2.1,12.2,7.7,-2.39,-3.29,8.5
492,1971,150.6626867,-34.0260067,4.9,7.6,0.4,2.07,12.3,7.6,-2.37,-3.27,8.6
493,1975,150.6626833,-34.026025,4.5,6.6,0.37,2.08,12.5,7.2,-2.42,-3.37,8.5
494,1979,150.66268,-34.0260433,4.4,6.5,0.38,2.13,12.3,7.3,-2.42,-3.36,8.35
495,1983,150.662675,-34.0260617,4.6,6.8,0.37,2.16,12.1,7.0,-2.4,-3.34,8.35
496,1987,150.6626717,-34.02608,4.3,6.3,0.39,2.15,11.6,6.8,-2.33,-3.24,7.95
497,1991,150.6626683,-34.0261,4.3,6.4,0.38,2.02,11.2,6.9,-2.27,-3.18,7.75
498,1995,150.6626633,-34.02612,4.7,6.1,0.36,2.06,11.2,6.7,-2.27,-3.15,7.95
499,1999,150.66266,-34.02614,4.8,6.1,0.39,2.14,10.9,6.4,-2.32,-3.08,7.85
500,2003,150.6626567,-34.02616,4.3,6.0,0.39,2.13,10.0,6.1,-2.23,-3.04,7.15
501,2007,150.6626517,-34.02618,4.0,6.1,0.38,2.07,9.8,5.8,-2.2,-3.04,6.9
502,2011,150.6626467,-34.0262017,4.0,5.6,0.37,2.03,9.6,5.3,-2.17,-3.09,6.8
503,2015,150.6626417,-34.0262233,3.7,5.7,0.39,2.0,9.6,5.9,-2.16,-3.08,6.65
504,2019,150.6626383,-34.0262433,3.4,5.2,0.41,2.03,9.6,5.3,-2.16,-3.01,6.5
505,2023,150.6626317,-34.026265,3.5,5.5,0.43,2.02,9.5,5.4,-2.17,-3.02,6.5
506,2027,150.6626267,-34.0262867,3.0,5.4,0.47,2.1,9.9,5.4,-2.23,-3.03,6.45
507,2031,150.66262,-34.0263083,3.0,5.1,0.45,2.11,10.1,5.7,-2.2,-3.01,6.55
508,2035,150.662615,-34.02633,3.3,5.1,0.42,2.05,10.0,5.7,-2.21,-3.1,6.65
509,2039,150.6626083,-34.0263517,3.1,5.1,0.42,2.05,10.4,6.3,-2.28,-3.25,6.75
510,2043,150.6626033,-34.0263733,3.5,5.1,0.4,2.09,11.2,6.3,-2.36,-3.38,7.35
511,2047,150.6625983,-34.026395,3.7,5.1,0.35,2.11,11.8,6.3,-2.51,-3.58,7.75
512,2051,150.6625917,-34.0264183,3.8,5.2,0.38,2.24,12.7,6.8,-2.74,-3.84,8.25
513,2055,150.6625867,-34.0264383,2.1,4.1,0.24,2.31,13.3,6.8,-2.93,-4.1,7.7
514,2059,150.66258,-34.02646,3.6,4.5,0.31,2.41,13.5,6.7,-3.0,-4.14,8.55
515,2063,150.662575,-34.0264817,3.6,3.5,0.31,2.38,12.8,6.0,-2.93,-4.07,8.2
516,2067,150.6625683,-34.0265017,3.1,3.9,0.27,2.28,12.1,5.8,-2.85,-4.07,7.6
517,2071,150.6625617,-34.0265217,2.7,3.5,0.34,2.33,12.3,5.9,-2.85,-3.95,7.5
518,2075,150.6625533,-34.02654,2.8,3.3,0.34,2.37,12.2,5.6,-2.87,-3.99,7.5
519,2079,150.662535,-34.0265483,2.4,3.3,0.37,2.38,12.0,5.3,-2.88,-4.0,7.2
520,2083,150.662515,-34.0265483,2.1,3.5,0.48,2.46,12.5,5.2,-2.81,-3.75,7.3
521,2087,150.6624983,-34.02654,2.6,3.7,0.4,2.46,11.5,5.3,-2.81,-3.83,7.05
522,2091,150.6624917,-34.026525,2.8,4.0,0.48,2.58,11.2,4.6,-2.8,-3.7,7.0
523,2095,150.662495,-34.0265067,2.8,4.0,0.5,2.67,11.1,5.0,-2.78,-3.73,6.95
524,2099,150.6625,-34.02649,2.7,4.3,0.46,2.6,11.7,5.5,-2.85,-3.77,7.2
525,2103,150.6625067,-34.0264717,2.7,3.6,0.43,2.55,12.1,5.7,-2.87,-3.84,7.4
526,2107,150.6625117,-34.0264517,2.4,3.4,0.47,2.47,12.3,5.8,-2.86,-3.84,7.35
527,2111,150.6625167,-34.0264317,2.7,3.6,0.36,2.39,12.3,5.6,-2.9,-3.92,7.5
528,2115,150.6625217,-34.02641,2.6,3.7,0.35,2.41,12.5,5.7,-2.89,-3.88,7.55
529,2119,150.6625283,-34.0263867,2.8,3.9,0.39,2.44,12.6,6.4,-2.88,-3.89,7.7
530,2123,150.662535,-34.0263633,3.1,4.7,0.31,2.38,12.6,6.5,-2.86,-3.95,7.85
531,2127,150.6625417,-34.0263383,2.5,4.0,0.22,2.28,13.0,6.9,-2.75,-3.87,7.75
532,2131,150.6625467,-34.026315,3.7,4.8,0.3,2.14,12.7,6.4,-2.68,-3.8,8.2
533,2135,150.6625533,-34.0262917,4.4,5.4,0.37,2.2,13.0,7.2,-2.58,-3.61,8.7
534,2139,150.66256,-34.0262683,4.7,5.5,0.38,2.2,13.7,6.8,-2.48,-3.39,9.2
535,2143,150.6625667,-34.026245,3.8,5.5,0.42,2.11,10.7,6.2,-2.28,-3.15,7.25
536,2147,150.662575,-34.0262217,3.8,5.7,0.45,2.03,10.1,5.7,-2.18,-2.97,6.95
537,2151,150.6625817,-34.0261983,3.9,5.5,0.43,2.06,10.0,5.5,-2.18,-2.92,6.95
538,2155,150.6625883,-34.026175,3.8,5.1,0.44,2.15,10.2,5.7,-2.23,-2.93,7.0
539,2159,150.6625967,-34.0261517,3.6,5.4,0.42,2.17,10.0,5.6,-2.21,-2.9,6.8
540,2163,150.6626033,-34.02613,3.7,5.6,0.4,2.1,9.9,5.7,-2.16,-2.92,6.8
541,2167,150.66261,-34.0261067,3.2,5.5,0.38,2.02,9.6,5.6,-2.14,-2.94,6.4
542,2171,150.6626183,-34.0260833,3.8,5.6,0.36,2.07,10.1,6.1,-2.19,-3.02,6.95
543,2175,150.662625,-34.02606,3.4,5.7,0.4,2.1,10.2,6.3,-2.17,-2.94,6.8
544,2179,150.6626333,-34.0260367,3.8,6.2,0.43,2.1,10.8,6.4,-2.2,-2.94,7.3
545,2183,150.66264,-34.0260133,4.0,6.2,0.4,2.11,11.0,6.8,-2.23,-2.96,7.5
546,2187,150.6626483,-34.0259917,4.4,7.0,0.37,2.03,11.0,6.9,-2.19,-3.1,7.7
547,2191,150.662655,-34.0259683,4.2,6.8,0.42,2.1,11.5,6.9,-2.28,-3.1,7.85
548,2195,150.66266,-34.0259483,4.3,6.5,0.41,2.12,11.8,7.2,-2.31,-3.1,8.05
549,2199,150.6626617,-34.0259283,4.6,6.7,0.41,2.04,11.9,7.4,-2.32,-3.17,8.25
550,2203,150.66265,-34.0259133,4.9,6.8,0.43,2.16,12.4,7.7,-2.41,-3.26,8.65
551,2207,150.6626317,-34.0259067,5.3,7.1,0.44,2.19,12.7,7.3,-2.46,-3.3,9.0
552,2211,150.6626133,-34.0259067,5.8,7.7,0.39,2.28,12.7,7.6,-2.53,-3.36,9.25
553,2215,150.662595,-34.025915,5.5,7.1,0.47,2.37,12.6,7.8,-2.53,-3.27,9.05
554,2219,150.6625833,-34.0259283,5.6,7.5,0.53,2.39,12.5,7.4,-2.53,-3.24,9.05
555,2223,150.662575,-34.0259433,5.1,7.9,0.53,2.4,12.6,7.5,-2.56,-3.25,8.85
556,2227,150.6625717,-34.0259617,5.1,7.5,0.51,2.4,12.8,7.6,-2.58,-3.27,8.95
557,2231,150.6625683,-34.0259783,5.2,7.9,0.48,2.32,13.0,7.7,-2.59,-3.3,9.1
558,2235,150.662565,-34.025995,5.0,7.5,0.44,2.3,12.5,7.6,-2.48,-3.22,8.75
559,2239,150.6625617,-34.0260133,4.5,7.2,0.44,2.15,12.1,7.4,-2.37,-3.11,8.3
560,2243,150.66256,-34.0260333,4.7,7.2,0.44,2.15,11.9,7.6,-2.36,-3.11,8.3
561,2247,150.6625567,-34.0260517,4.7,7.1,0.38,2.11,11.6,7.3,-2.29,-3.07,8.15
562,2251,150.6625533,-34.0260717,4.7,6.8,0.37,2.03,11.0,6.8,-2.23,-3.12,7.85
563,2255,150.66255,-34.02609,4.8,6.8,0.31,1.94,10.7,6.9,-2.14,-3.13,7.75
564,2259,150.6625467,-34.02611,4.6,7.0,0.31,1.94,10.7,6.7,-2.2,-3.1,7.65
565,2263,150.6625433,-34.02613,3.7,6.1,0.38,2.1,10.3,5.7,-2.23,-3.0,7.0
566,2267,150.6625383,-34.02615,3.6,5.8,0.4,2.1,9.8,5.7,-2.18,-2.94,6.7
567,2271,150.662535,-34.0261717,3.7,5.5,0.4,2.06,9.7,5.3,-2.13,-2.87,6.7
568,2275,150.66253,-34.0261933,3.9,5.5,0.37,2.0,9.6,5.5,-2.06,-2.83,6.75
569,2279,150.6625267,-34.026215,4.0,5.9,0.39,2.0,9.6,5.6,-2.08,-2.83,6.8
570,2283,150.6625217,-34.0262367,3.6,5.6,0.4,2.08,9.6,5.4,-2.14,-2.86,6.6
571,2287,150.6625167,-34.0262583,3.8,5.3,0.42,2.12,9.9,5.2,-2.18,-2.86,6.85
572,2291,150.6625117,-34.02628,2.8,5.0,0.39,2.09,9.9,5.4,-2.18,-2.85,6.35
573,2295,150.6625067,-34.0263017,3.1,5.6,0.41,2.03,9.9,6.0,-2.13,-2.9,6.5
574,2299,150.6625017,-34.0263233,3.5,5.3,0.42,2.01,10.3,5.9,-2.16,-3.0,6.9
575,2303,150.6624967,-34.026345,3.3,5.5,0.4,2.03,10.6,6.0,-2.26,-3.15,6.95
576,2307,150.6624917,-34.0263683,3.7,5.5,0.37,2.06,11.1,6.2,-2.38,-3.29,7.4
577,2311,150.6624867,-34.02639,3.7,5.3,0.35,2.16,11.7,6.5,-2.52,-3.54,7.7
578,2315,150.6624817,-34.0264117,4.0,5.5,0.29,2.23,12.6,6.7,-2.71,-3.78,8.3
579,2319,150.6624767,-34.0264333,3.8,5.1,0.29,2.32,13.0,7.0,-2.83,-3.93,8.4
580,2323,150.6624733,-34.026455,3.0,4.6,0.34,2.43,12.8,6.6,-2.9,-3.96,7.9
581,2327,150.6624683,-34.026475,3.1,4.2,0.34,2.47,13.2,6.4,-2.97,-3.98,8.15
582,2331,150.662465,-34.026495,2.6,3.7,0.35,2.45,12.5,6.1,-2.9,-3.88,7.55
583,2335,150.66246,-34.026515,2.9,4.1,0.35,2.44,12.7,6.0,-2.96,-3.94,7.8
584,2339,150.6624533,-34.0265317,1.1,3.5,0.45,2.42,13.0,5.8,-2.92,-3.87,7.05
585,2343,150.66244,-34.026545,1.9,4.4,0.46,2.36,12.0,5.0,-2.88,-3.86,6.95
586,2347,150.66242,-34.0265467,-10.3,2.3,0.67,1.55,10.0,4.7,-2.62,-3.5,-0.15
587,2351,150.6624033,-34.02654,1.8,1.0,0.3,0.85,12.7,4.6,-2.92,-3.87,7.25
588,2355,150.662395,-34.0265267,3.6,4.0,0.47,0.78,11.9,6.2,-2.92,-3.76,7.75
589,2359,150.6623933,-34.02651,3.6,2.9,0.56,0.97,11.8,5.5,-2.89,-3.65,7.7
590,2363,150.6623967,-34.026495,3.4,5.0,0.57,-0.09,11.6,4.5,-2.88,-3.65,7.5
591,2367,150.6624017,-34.0264767,3.4,12.3,0.44,0.0,12.7,5.8,-2.92,-3.78,8.05
592,2371,150.6624067,-34.0264583,3.1,4.3,0.43,2.43,12.6,6.3,-2.87,-3.79,7.85
593,2375,150.6624117,-34.02644,3.0,4.4,0.42,2.35,12.5,6.6,-2.86,-3.83,7.75
594,2379,150.6624167,-34.0264217,2.9,4.3,0.41,2.39,12.5,6.3,-2.87,-3.82,7.7
595,2383,150.6624217,-34.0264017,2.5,3.8,0.37,2.39,12.5,5.6,-2.87,-3.85,7.5
596,2387,150.6624267,-34.02638,2.8,4.1,0.35,2.39,12.2,6.0,-2.78,-3.79,7.5
597,2391,150.6624317,-34.0263583,3.3,4.5,0.31,2.35,12.8,6.6,-2.86,-3.99,8.05
598,2395,150.6624367,-34.0263367,3.5,4.4,0.34,2.52,13.3,6.6,-2.93,-3.97,8.4
599,2399,150.6624417,-34.0263133,3.7,4.6,0.35,2.49,13.3,6.7,-2.86,-3.89,8.5
600,2403,150.6624483,-34.0262917,4.0,5.5,0.33,2.34,12.9,6.5,-2.71,-3.73,8.45
601,2407,150.6624533,-34.02627,4.2,5.5,0.37,2.24,12.3,6.6,-2.56,-3.57,8.25
602,2411,150.6624583,-34.0262467,4.0,5.4,0.39,2.19,11.7,6.7,-2.42,-3.33,7.85
603,2415,150.662465,-34.026225,3.0,5.1,0.44,2.16,10.8,6.1,-2.3,-3.11,6.9
604,2419,150.66247,-34.0262033,3.6,5.4,0.43,2.12,10.8,6.4,-2.28,-3.07,7.2
605,2423,150.6624767,-34.02618,3.7,5.9,0.43,2.07,10.4,5.8,-2.2,-2.94,7.05
606,2427,150.6624817,-34.0261583,3.2,5.5,0.47,2.13,9.8,6.0,-2.18,-2.79,6.5
607,2431,150.6624883,-34.0261367,3.8,5.7,0.46,2.13,9.8,5.5,-2.15,-2.78,6.8
608,2435,150.6624933,-34.026115,3.7,5.9,0.42,2.08,9.7,5.5,-2.08,-2.76,6.7
609,2439,150.6625,-34.0260933,4.0,5.8,0.38,2.03,9.4,6.1,-2.08,-2.81,6.7
610,2443,150.662505,-34.0260717,3.4,5.7,0.37,1.97,9.9,5.8,-2.13,-2.92,6.65
611,2447,150.6625117,-34.02605,3.5,5.3,0.39,2.09,10.2,5.6,-2.2,-2.98,6.85
612,2451,150.6625167,-34.0260283,3.7,6.3,0.37,2.13,10.4,6.4,-2.26,-3.06,7.05
613,2455,150.6625217,-34.0260067,4.4,5.9,0.35,2.08,10.7,6.5,-2.22,-2.99,7.55
614,2459,150.6625267,-34.025985,4.9,6.8,0.33,2.0,11.1,7.0,-2.19,-3.1,8.0
615,2463,150.6625317,-34.025965,5.0,7.2,0.36,2.04,11.4,7.9,-2.26,-3.15,8.2
616,2467,150.6625383,-34.0259433,4.4,7.4,0.41,2.12,12.1,7.8,-2.33,-3.13,8.25
617,2471,150.662545,-34.0259233,4.8,7.4,0.39,2.15,12.2,8.0,-2.38,-3.19,8.5
618,2475,150.6625483,-34.025905,4.5,7.2,0.44,2.18,12.7,7.5,-2.44,-3.23,8.6
619,2479,150.6625467,-34.0258867,5.1,7.9,0.45,2.23,13.1,8.1,-2.55,-3.3,9.1
620,2483,150.662535,-34.0258733,5.1,7.5,0.49,2.26,12.9,7.7,-2.55,-3.22,9.0
621,2487,150.662515,-34.0258683,5.6,8.0,0.49,2.3,12.6,7.4,-2.56,-3.27,9.1
622,2491,150.662495,-34.0258717,5.6,8.2,0.54,2.34,12.8,8.1,-2.54,-3.24,9.2
623,2495,150.66248,-34.0258833,6.6,8.9,0.53,2.31,15.1,9.4,-2.56,-3.22,10.85
624,2499,150.6624683,-34.0258967,8.8,9.2,0.4,2.27,17.4,9.9,-2.66,-3.5,13.1
625,2503,150.6624633,-34.0259133,5.2,9.0,0.55,2.3,12.8,8.5,-2.5,-3.28,9.0
626,2507,150.6624583,-34.02593,5.7,9.1,0.52,2.21,12.8,8.5,-2.49,-3.28,9.25
627,2511,150.6624533,-34.0259483,5.7,8.6,0.45,2.14,13.2,8.4,-2.54,-3.38,9.45
628,2515,150.6624483,-34.025965,5.9,8.1,0.43,2.19,12.9,8.3,-2.49,-3.29,9.4
629,2519,150.662445,-34.0259833,5.3,7.8,0.43,2.1,12.4,7.8,-2.38,-3.26,8.85
630,2523,150.6624417,-34.0260017,5.2,7.9,0.37,2.05,12.3,7.7,-2.35,-3.24,8.75
631,2527,150.6624367,-34.02602,4.9,7.3,0.36,2.03,11.9,7.6,-2.3,-3.18,8.4
632,2531,150.6624333,-34.02604,5.0,7.5,0.38,2.04,11.7,7.5,-2.27,-3.16,8.35
633,2535,150.66243,-34.02606,5.4,7.1,0.28,1.91,11.4,7.3,-2.22,-3.19,8.4
634,2539,150.662425,-34.0260783,5.1,7.1,0.33,1.96,11.1,7.2,-2.24,-3.19,8.1
635,2543,150.6624217,-34.0260983,4.0,6.4,0.45,2.2,11.1,6.8,-2.32,-3.11,7.55
636,2547,150.6624183,-34.0261183,3.7,5.9,0.48,2.2,10.6,6.1,-2.23,-2.96,7.15
637,2551,150.662415,-34.02614,3.8,5.4,0.39,2.08,10.5,6.3,-2.18,-2.98,7.15
638,2555,150.6624117,-34.02616,3.9,5.7,0.34,2.03,10.4,6.0,-2.2,-3.03,7.15
639,2559,150.6624067,-34.0261817,4.2,6.1,0.32,1.99,10.2,5.8,-2.16,-2.99,7.2
640,2563,150.6624017,-34.0262033,4.0,5.6,0.32,1.93,9.9,5.7,-2.13,-2.94,6.95
641,2567,150.6623967,-34.026225,3.7,6.0,0.35,1.99,10.2,5.6,-2.23,-2.99,6.95
642,2571,150.6623917,-34.026245,3.8,5.3,0.4,2.09,10.6,6.1,-2.29,-3.01,7.2
643,2575,150.662385,-34.0262683,3.9,5.1,0.38,2.06,11.1,6.3,-2.32,-3.12,7.5
644,2579,150.6623783,-34.02629,3.4,5.0,0.38,2.09,11.4,6.3,-2.39,-3.21,7.4
645,2583,150.6623733,-34.0263117,3.9,5.2,0.37,2.15,11.9,6.7,-2.49,-3.35,7.9
646,2587,150.6623667,-34.026335,4.0,5.3,0.35,2.22,12.6,6.9,-2.62,-3.58,8.3
647,2591,150.66236,-34.0263567,3.7,5.3,0.3,2.26,13.3,6.7,-2.73,-3.71,8.5
648,2595,150.662355,-34.0263783,3.4,4.9,0.26,2.35,13.5,7.0,-2.84,-3.86,8.45
649,2599,150.6623483,-34.0263983,4.1,4.9,0.3,2.41,13.8,7.2,-2.92,-4.01,8.95
650,2603,150.6623433,-34.0264217,3.4,4.8,0.37,2.51,13.9,6.7,-2.98,-4.0,8.65
651,2607,150.6623383,-34.0264433,3.2,4.6,0.39,2.61,14.2,7.0,-3.01,-3.95,8.7
652,2611,150.662335,-34.0264633,2.9,4.3,0.38,2.57,13.8,6.7,-2.94,-3.91,8.35
653,2615,150.66233,-34.0264833,3.2,4.3,0.34,2.55,13.2,6.5,-2.96,-3.95,8.2
654,2619,150.6623217,-34.0265,3.2,4.9,0.39,2.52,13.1,6.6,-2.95,-3.89,8.15
655,2623,150.662305,-34.0265083,2.8,4.4,0.34,2.44,13.4,6.4,-2.94,-3.99,8.1
656,2627,150.6622883,-34.0265067,0.9,4.1,0.43,2.51,11.9,5.3,-2.85,-3.7,6.4
657,2631,150.662275,-34.0264983,2.9,4.6,0.41,2.54,11.0,5.7,-2.77,-3.81,6.95
658,2635,150.6622683,-34.026485,4.9,5.4,0.32,2.54,11.3,5.4,-2.75,-3.77,8.1
659,2639,150.6622683,-34.0264683,4.9,5.0,0.32,2.48,11.0,5.1,-2.68,-3.92,7.95
660,2643,150.6622733,-34.0264517,4.3,5.0,0.36,2.44,10.8,5.7,-2.66,-3.73,7.55
661,2647,150.66228,-34.026435,4.3,4.9,0.3,2.43,11.4,6.1,-2.74,-3.8,7.85
662,2651,150.6622867,-34.0264167,3.9,4.7,0.29,2.42,12.7,6.5,-2.9,-3.99,8.3
663,2655,150.6622917,-34.0263967,3.9,4.7,0.28,2.54,13.6,7.2,-3.07,-4.12,8.75
664,2659,150.6622983,-34.0263767,2.9,3.8,0.36,2.65,14.2,7.0,-3.12,-4.05,8.55
665,2663,150.662305,-34.0263567,2.4,3.7,0.42,2.71,14.3,6.8,-3.12,-3.94,8.35
666,2667,150.6623117,-34.026335,-4.3,3.1,0.48,2.76,15.0,6.6,-3.26,-4.18,5.35
667,2671,150.6623183,-34.026315,-0.5,2.6,0.51,2.84,15.8,6.1,-3.19,-3.96,7.65
668,2675,150.662325,-34.026295,3.8,4.3,0.39,2.64,15.0,7.3,-3.07,-4.04,9.4
669,2679,150.66233,-34.0262733,4.1,4.8,0.38,2.51,14.9,8.0,-2.94,-3.96,9.5
670,2683,150.6623367,-34.0262533,3.8,4.7,0.41,2.48,14.9,7.9,-2.9,-3.86,9.35
671,2687,150.6623433,-34.0262333,3.5,4.4,0.46,2.51,14.7,7.6,-2.87,-3.81,9.1
672,2691,150.6623483,-34.0262117,3.3,4.9,0.48,2.46,13.8,6.9,-2.73,-3.61,8.55
673,2695,150.662355,-34.0261917,1.0,4.4,0.28,2.16,13.6,6.2,-2.51,-3.52,7.3
674,2699,150.6623617,-34.02617,3.6,4.7,0.39,2.08,12.1,6.4,-2.47,-3.39,7.85
675,2703,150.6623667,-34.02615,3.3,4.8,0.37,1.99,11.6,6.0,-2.38,-3.36,7.45
676,2707,150.6623733,-34.0261283,3.9,5.0,0.36,1.96,11.1,6.6,-2.31,-3.28,7.5
677,2711,150.66238,-34.0261083,3.5,5.3,0.36,1.93,10.7,6.2,-2.25,-3.19,7.1
678,2715,150.6623867,-34.0260867,3.7,5.5,0.38,1.91,10.6,6.2,-2.18,-3.09,7.15
679,2719,150.6623917,-34.0260667,1.1,4.8,0.42,1.98,11.4,5.9,-2.16,-3.04,6.25
680,2723,150.6623983,-34.026045,3.9,5.2,0.37,1.98,10.6,6.4,-2.16,-3.03,7.25
681,2727,150.662405,-34.0260267,3.7,5.3,0.34,1.9,10.2,6.2,-2.12,-3.03,6.95
682,2731,150.66241,-34.026005,4.2,6.1,0.39,2.01,10.6,6.6,-2.2,-3.01,7.4
683,2735,150.662415,-34.0259867,4.7,6.3,0.31,2.08,11.8,6.8,-2.28,-3.17,8.25
684,2739,150.66242,-34.0259683,5.1,6.8,0.33,1.98,11.4,7.6,-2.18,-3.1,8.25
685,2743,150.6624267,-34.02595,5.1,7.3,0.31,1.94,11.7,7.7,-2.21,-3.23,8.4
686,2747,150.6624333,-34.0259317,5.4,7.2,0.34,1.93,12.1,8.3,-2.24,-3.16,8.75
687,2751,150.66244,-34.0259133,5.6,7.4,0.35,1.97,12.4,8.1,-2.3,-3.22,9.0
688,2755,150.662445,-34.0258967,6.1,7.3,0.4,2.0,12.9,8.8,-2.32,-3.18,9.5
689,2759,150.66245,-34.0258817,5.7,7.6,0.42,2.05,13.1,8.3,-2.36,-3.22,9.4
690,2763,150.66245,-34.0258667,5.9,8.1,0.47,2.08,13.2,8.7,-2.41,-3.15,9.55
691,2767,150.6624417,-34.0258533,6.7,8.4,0.47,2.1,13.5,8.9,-2.49,-3.23,10.1
692,2771,150.6624283,-34.025845,6.8,9.1,0.5,2.18,13.6,9.3,-2.45,-3.18,10.2
693,2775,150.66241,-34.0258433,7.5,9.7,0.45,2.2,13.9,9.8,-2.48,-3.17,10.7
694,2779,150.6623933,-34.0258483,7.8,10.3,0.53,2.32,14.0,10.0,-2.44,-3.16,10.9
695,2783,150.66238,-34.0258583,8.6,10.8,0.52,2.34,14.4,10.5,-2.43,-3.07,11.5
696,2787,150.6623717,-34.0258717,8.8,10.8,0.43,2.23,14.6,10.9,-2.49,-3.27,11.7
697,2791,150.662365,-34.0258867,8.1,10.8,0.48,2.23,14.0,10.6,-2.41,-3.14,11.05
698,2795,150.6623617,-34.0259033,8.0,10.9,0.46,2.18,14.1,10.3,-2.48,-3.21,11.05
699,2799,150.6623567,-34.02592,7.4,10.5,0.47,2.08,13.7,9.2,-2.44,-3.17,10.55
700,2803,150.6623533,-34.0259383,7.0,9.7,0.48,2.13,13.9,10.1,-2.46,-3.18,10.45
701,2807,150.6623483,-34.025955,6.3,9.3,0.51,2.15,13.5,9.1,-2.41,-3.14,9.9
702,2811,150.6623433,-34.0259733,6.4,8.5,0.44,2.13,13.4,8.8,-2.38,-3.14,9.9
703,2815,150.66234,-34.0259933,5.9,8.1,0.46,2.13,13.1,8.8,-2.34,-3.13,9.5
704,2819,150.662335,-34.0260117,5.7,7.9,0.44,2.12,12.6,8.3,-2.33,-3.12,9.15
705,2823,150.66233,-34.02603,5.3,7.6,0.41,2.04,12.4,8.2,-2.3,-3.17,8.85
706,2827,150.6623233,-34.02605,5.8,7.1,0.37,2.02,12.3,8.4,-2.3,-3.2,9.05
707,2831,150.6623167,-34.02607,5.4,6.8,0.37,2.0,11.9,7.7,-2.27,-3.18,8.65
708,2835,150.6623117,-34.02609,5.1,7.0,0.38,1.95,11.7,7.3,-2.25,-3.15,8.4
709,2839,150.662305,-34.0261117,4.5,6.3,0.35,1.91,11.3,6.7,-2.22,-3.18,7.9
710,2843,150.6623,-34.0261317,4.8,6.2,0.34,1.83,11.5,6.9,-2.21,-3.24,8.15
711,2847,150.662295,-34.0261533,4.3,5.7,0.33,1.74,11.4,7.2,-2.22,-3.34,7.85
712,2851,150.6622883,-34.026175,4.3,5.3,0.37,1.81,11.6,7.0,-2.29,-3.37,7.95
713,2855,150.6622833,-34.0261983,3.8,5.2,0.37,1.86,12.2,7.2,-2.38,-3.5,8.0
714,2859,150.662275,-34.02622,4.1,5.1,0.38,1.97,12.4,6.8,-2.5,-3.63,8.25
715,2863,150.66227,-34.0262417,3.4,4.8,0.43,2.13,13.6,7.0,-2.64,-3.69,8.5
716,2867,150.6622633,-34.026265,3.2,4.7,0.44,2.3,14.3,7.6,-2.82,-3.85,8.75
717,2871,150.6622567,-34.0262867,3.1,4.4,0.46,2.57,15.0,7.6,-3.02,-3.95,9.05
718,2875,150.6622517,-34.0263083,3.0,4.2,0.5,2.68,15.0,6.7,-3.08,-3.96,9.0
719,2879,150.662245,-34.02633,2.6,4.5,0.5,2.76,15.7,7.4,-3.15,-4.02,9.15
720,2883,150.66224,-34.0263517,3.1,4.4,0.54,2.81,15.8,7.8,-3.18,-4.02,9.45
721,2887,150.662235,-34.0263717,2.4,4.3,0.55,2.84,15.5,7.3,-3.22,-4.07,8.95
722,2891,150.66223,-34.02639,2.6,4.4,0.51,2.8,15.7,6.8,-3.3,-4.19,9.15
723,2895,150.6622233,-34.0264083,2.8,3.9,0.5,2.84,15.3,6.8,-3.28,-4.1,9.05
724,2899,150.6622117,-34.02642,2.8,3.7,0.48,2.81,14.8,6.3,-3.19,-4.06,8.8
725,2903,150.6621933,-34.0264233,2.8,3.6,0.42,2.77,14.7,6.4,-3.21,-4.0,8.75
726,2907,150.66218,-34.0264183,3.6,4.0,0.36,2.8,14.1,6.2,-3.17,-4.08,8.85
727,2911,150.66217,-34.0264083,4.0,4.2,0.42,2.86,13.3,6.0,-3.1,-3.92,8.65
728,2915,150.6621667,-34.0263933,4.4,4.9,0.4,2.95,13.0,5.6,-3.06,-3.93,8.7
729,2919,150.6621667,-34.0263783,4.3,5.3,0.4,2.95,12.9,5.9,-3.03,-4.0,8.6
730,2923,150.66217,-34.0263617,4.4,4.8,0.32,2.81,13.6,6.1,-3.04,-4.08,9.0
731,2927,150.662175,-34.0263417,3.9,4.7,0.3,2.63,13.8,6.5,-3.09,-4.17,8.85
732,2931,150.66218,-34.0263217,3.8,3.8,0.27,2.64,14.8,7.0,-3.22,-4.2,9.3
733,2935,150.662185,-34.0263017,2.7,3.8,0.37,2.71,15.2,6.7,-3.29,-4.18,8.95
734,2939,150.6621917,-34.02628,2.5,3.9,0.43,2.78,15.7,6.7,-3.35,-4.23,9.1
735,2943,150.6621967,-34.0262583,2.4,3.6,0.45,2.79,15.8,7.1,-3.3,-4.21,9.1
736,2947,150.6622033,-34.0262367,3.2,4.0,0.43,2.76,15.8,7.6,-3.25,-4.15,9.5
737,2951,150.66221,-34.0262133,2.9,4.2,0.47,2.79,16.2,7.8,-3.25,-4.13,9.55
738,2955,150.6622167,-34.0261917,2.9,4.1,0.47,2.78,15.9,8.0,-3.19,-4.09,9.4
739,2959,150.662225,-34.02617,2.8,3.7,0.41,2.71,15.5,7.1,-3.11,-4.0,9.15
740,2963,150.6622317,-34.0261467,3.3,4.0,0.36,2.55,14.8,7.1,-3.0,-3.98,9.05
741,2967,150.6622383,-34.0261233,3.6,4.1,0.32,2.45,14.4,7.5,-2.89,-3.91,9.0
742,2971,150.662245,-34.0261,4.1,4.4,0.3,2.27,13.2,7.2,-2.65,-3.81,8.65
743,2975,150.6622533,-34.0260783,4.5,4.9,0.28,2.05,13.2,7.3,-2.56,-3.78,8.85
744,2979,150.66226,-34.026055,4.9,5.3,0.28,1.94,12.9,7.5,-2.46,-3.65,8.9
745,2983,150.6622683,-34.0260333,5.2,5.3,0.28,1.82,12.4,7.8,-2.33,-3.56,8.8
746,2987,150.662275,-34.02601,4.7,5.7,0.32,1.86,11.8,7.7,-2.32,-3.41,8.25
747,2991,150.6622817,-34.0259867,5.1,6.2,0.37,1.95,11.9,7.1,-2.31,-3.23,8.5
748,2995,150.6622883,-34.025965,5.5,7.1,0.39,1.91,12.7,8.2,-2.26,-3.14,9.1
749,2999,150.662295,-34.0259417,6.3,7.4,0.41,1.94,14.1,9.9,-2.29,-3.17,10.2
750,3003,150.6623017,-34.02592,6.4,8.1,0.45,2.11,14.2,10.1,-2.34,-3.21,10.3
751,3007,150.6623083,-34.0258967,5.9,8.0,0.52,2.16,14.2,9.4,-2.33,-3.04,10.05
752,3011,150.6623133,-34.0258767,6.5,8.3,0.49,2.19,14.3,10.1,-2.38,-3.03,10.4
753,3015,150.66232,-34.0258567,6.9,8.5,0.51,2.22,14.2,9.9,-2.44,-3.09,10.55
754,3019,150.662325,-34.0258383,6.6,9.6,0.52,2.22,14.2,10.3,-2.46,-3.08,10.4
755,3023,150.6623267,-34.0258217,6.9,9.3,0.47,2.14,14.4,10.0,-2.5,-3.17,10.65
756,3027,150.6623217,-34.0258067,7.5,9.9,0.47,2.18,14.5,10.4,-2.55,-3.25,11.0
757,3031,150.6623083,-34.0257967,8.5,11.0,0.51,2.32,15.3,10.7,-2.61,-3.29,11.9
758,3035,150.6622917,-34.0257933,9.1,11.5,0.55,2.29,16.4,11.8,-2.57,-3.35,12.75
759,3039,150.662275,-34.0257967,10.4,12.4,0.54,2.26,17.0,13.2,-2.61,-3.42,13.7
760,3043,150.6622617,-34.0258067,10.5,13.0,0.61,2.34,17.0,13.7,-2.64,-3.39,13.75
761,3047,150.6622533,-34.0258183,10.9,13.1,0.58,2.36,17.2,13.7,-2.66,-3.42,14.05
762,3051,150.6622467,-34.0258333,10.9,13.4,0.55,2.3,17.1,13.7,-2.64,-3.44,14.0
763,3055,150.6622417,-34.0258467,10.1,12.9,0.63,2.28,16.8,12.7,-2.55,-3.27,13.45
764,3059,150.6622383,-34.0258617,10.1,11.9,0.52,2.23,16.8,13.0,-2.53,-3.21,13.45
765,3063,150.6622333,-34.0258767,9.4,11.7,0.54,2.21,16.4,12.6,-2.55,-3.22,12.9
766,3067,150.66223,-34.0258917,8.4,11.1,0.63,2.3,16.2,12.1,-2.53,-3.13,12.3
767,3071,150.6622267,-34.0259067,8.2,10.3,0.67,2.36,16.0,11.7,-2.5,-2.98,12.1
768,3075,150.6622217,-34.0259217,8.2,10.5,0.67,2.35,15.9,11.5,-2.44,-2.92,12.05
769,3079,150.6622167,-34.0259367,8.0,10.0,0.61,2.3,15.7,11.3,-2.4,-2.96,11.85
770,3083,150.6622117,-34.0259517,7.4,9.7,0.6,2.29,15.2,11.1,-2.41,-2.97,11.3
771,3087,150.6622083,-34.0259667,7.3,9.0,0.55,2.22,14.9,10.5,-2.41,-3.06,11.1
772,3091,150.662205,-34.0259833,6.5,8.3,0.49,2.2,14.5,9.7,-2.43,-3.15,10.5
773,3095,150.6622017,-34.026,6.2,7.6,0.46,2.22,14.2,9.1,-2.46,-3.17,10.2
774,3099,150.6621983,-34.0260167,5.9,7.0,0.41,2.11,13.6,8.9,-2.43,-3.28,9.75
775,3103,150.662195,-34.026035,5.6,7.5,0.42,2.03,13.2,8.3,-2.43,-3.31,9.4
776,3107,150.6621917,-34.0260517,5.5,7.0,0.38,1.99,12.9,7.8,-2.39,-3.37,9.2
777,3111,150.6621883,-34.02607,5.1,6.4,0.39,1.94,12.4,7.7,-2.38,-3.4,8.75
778,3115,150.6621833,-34.0260883,4.1,6.1,0.37,1.9,12.2,6.9,-2.34,-3.38,8.15
779,3119,150.66218,-34.0261067,4.5,5.7,0.35,1.82,12.4,7.4,-2.33,-3.47,8.45
780,3123,150.6621767,-34.026125,4.6,5.3,0.36,1.86,12.7,7.5,-2.37,-3.51,8.65
781,3127,150.6621733,-34.0261433,4.5,5.5,0.32,1.91,13.2,7.7,-2.48,-3.65,8.85
782,3131,150.6621683,-34.0261617,4.6,4.9,0.28,2.1,13.8,7.8,-2.67,-3.83,9.2
783,3135,150.662165,-34.0261817,4.1,4.3,0.26,2.22,13.9,7.5,-2.77,-3.93,9.0
784,3139,150.66216,-34.0262,3.9,4.0,0.28,2.35,14.5,7.2,-2.92,-4.03,9.2
785,3143,150.662155,-34.0262183,3.4,4.2,0.3,2.54,14.8,7.1,-3.04,-4.07,9.1
786,3147,150.66215,-34.0262383,3.1,3.8,0.33,2.56,15.0,7.3,-3.07,-4.2,9.05
787,3151,150.6621467,-34.0262567,3.1,4.1,0.35,2.62,15.8,7.3,-3.15,-4.23,9.45
788,3155,150.6621417,-34.026275,3.0,4.0,0.4,2.64,15.9,7.5,-3.18,-4.2,9.45
789,3159,150.6621383,-34.0262933,3.4,3.9,0.36,2.64,15.7,7.9,-3.21,-4.23,9.55
790,3163,150.6621317,-34.02631,3.4,4.3,0.39,2.64,16.0,7.7,-3.26,-4.33,9.7
791,3167,150.6621167,-34.0263183,3.2,4.3,0.4,2.71,16.1,7.9,-3.3,-4.37,9.65
792,3171,150.6621,-34.02632,3.4,3.8,0.44,2.8,15.8,7.8,-3.31,-4.36,9.6
793,3175,150.662085,-34.0263133,3.5,4.4,0.46,2.95,15.2,6.8,-3.3,-4.25,9.35
794,3179,150.6620767,-34.0263,4.2,5.1,0.42,2.99,14.7,6.6,-3.28,-4.27,9.45
795,3183,150.6620733,-34.026285,3.8,4.8,0.54,3.05,14.3,6.3,-3.18,-4.11,9.05
796,3187,150.662075,-34.02627,4.2,4.3,0.42,3.0,15.4,6.7,-3.28,-4.23,9.8
797,3191,150.66208,-34.0262533,4.0,4.0,0.38,2.86,15.2,6.6,-3.32,-4.33,9.6
798,3195,150.662085,-34.0262367,3.1,4.0,0.46,2.85,15.3,6.9,-3.28,-4.21,9.2
799,3199,150.66209,-34.0262183,2.8,4.0,0.48,2.79,15.6,6.6,-3.28,-4.23,9.2
800,3203,150.662095,-34.0262,3.3,4.1,0.39,2.8,16.0,7.4,-3.33,-4.24,9.65
801,3207,150.6621,-34.0261817,3.5,3.9,0.34,2.71,16.0,7.4,-3.32,-4.29,9.75
802,3211,150.662105,-34.0261633,3.8,4.1,0.29,2.6,16.1,7.4,-3.31,-4.32,9.95
803,3215,150.66211,-34.026145,3.9,4.0,0.25,2.61,15.8,7.6,-3.23,-4.27,9.85
804,3219,150.662115,-34.026125,3.8,3.8,0.2,2.47,15.2,7.4,-3.11,-4.22,9.5
805,3223,150.66212,-34.026105,4.2,4.2,0.23,2.44,15.2,7.7,-3.03,-4.15,9.7
806,3227,150.662125,-34.026085,4.1,4.6,0.24,2.36,14.6,7.4,-2.9,-4.07,9.35
807,3231,150.66213,-34.026065,4.4,4.5,0.23,2.16,14.4,8.0,-2.8,-4.07,9.4
808,3235,150.6621367,-34.026045,4.9,5.1,0.22,2.08,14.7,8.0,-2.74,-3.97,9.8
809,3239,150.6621433,-34.026025,4.7,5.0,0.25,1.92,14.0,8.4,-2.57,-3.89,9.35
810,3243,150.6621483,-34.026005,5.3,5.5,0.24,1.81,13.8,8.4,-2.51,-3.77,9.55
811,3247,150.662155,-34.0259833,5.3,6.0,0.26,1.77,13.0,8.0,-2.4,-3.68,9.15
812,3251,150.66216,-34.0259633,5.4,6.2,0.28,1.8,13.2,8.2,-2.44,-3.59,9.3
813,3255,150.6621667,-34.0259433,6.1,6.1,0.26,1.89,14.1,8.8,-2.46,-3.56,10.1
814,3259,150.6621717,-34.0259233,6.5,6.9,0.3,1.84,14.3,9.2,-2.42,-3.47,10.4
815,3263,150.662175,-34.0259033,7.2,7.7,0.35,1.91,14.5,9.4,-2.4,-3.34,10.85
816,3267,150.66218,-34.0258817,7.8,7.9,0.36,1.9,15.1,10.5,-2.36,-3.24,11.45
817,3271,150.6621833,-34.0258617,7.6,8.3,0.37,1.93,15.2,11.0,-2.34,-3.12,11.4
818,3275,150.66219,-34.0258433,7.6,9.0,0.46,1.99,15.5,11.0,-2.37,-3.02,11.55
819,3279,150.6621933,-34.0258267,8.2,9.6,0.52,2.12,16.0,11.9,-2.43,-3.04,12.1
820,3283,150.662195,-34.0258117,8.5,10.1,0.47,2.1,16.2,12.2,-2.46,-3.03,12.35
821,3287,150.66219,-34.0257983,8.6,10.6,0.45,2.07,16.3,12.2,-2.48,-3.06,12.45
822,3291,150.6621783,-34.02579,9.3,11.2,0.48,2.14,16.6,12.2,-2.54,-3.14,12.95
823,3295,150.6621617,-34.0257867,7.1,10.6,0.61,2.25,15.7,11.9,-2.48,-3.05,11.4
824,3299,150.662145,-34.02579,4.7,10.0,0.43,2.37,14.8,10.9,-2.59,-3.15,9.75
825,3303,150.6621317,-34.0257983,8.1,9.8,0.47,2.02,15.1,10.9,-2.49,-3.49,11.6
826,3307,150.6621233,-34.0258117,8.4,11.0,0.41,2.22,14.5,11.0,-2.61,-3.28,11.45
827,3311,150.6621167,-34.025825,8.4,10.9,0.45,2.29,14.8,10.5,-2.58,-3.28,11.6
828,3315,150.6621133,-34.02584,8.3,10.2,0.49,2.3,15.9,10.7,-2.56,-3.32,12.1
829,3319,150.6621083,-34.0258567,8.6,9.7,0.56,2.22,16.6,11.5,-2.53,-3.21,12.6
830,3323,150.662105,-34.0258733,8.9,9.5,0.5,2.26,16.4,12.1,-2.56,-3.14,12.65
831,3327,150.6621017,-34.02589,8.2,9.4,0.48,2.23,15.9,11.5,-2.5,-3.11,12.05
832,3331,150.6620983,-34.0259067,8.1,8.9,0.39,2.12,15.5,11.1,-2.47,-3.1,11.8
833,3335,150.662095,-34.025925,7.7,8.5,0.4,2.03,15.1,10.5,-2.41,-3.13,11.4
834,3339,150.66209,-34.0259417,7.2,8.2,0.36,1.94,15.0,10.5,-2.39,-3.18,11.1
835,3343,150.662085,-34.02596,7.3,8.0,0.32,1.89,15.0,10.2,-2.4,-3.3,11.15
836,3347,150.6620817,-34.0259783,7.7,8.2,0.3,1.87,15.2,10.3,-2.44,-3.41,11.45
837,3351,150.6620767,-34.0259967,7.5,7.3,0.3,1.89,15.4,10.1,-2.49,-3.48,11.45
838,3355,150.6620717,-34.026015,6.7,7.2,0.25,1.94,15.4,9.8,-2.52,-3.53,11.05
839,3359,150.6620683,-34.0260333,6.7,7.4,0.3,1.89,14.8,9.3,-2.49,-3.56,10.75
840,3363,150.662065,-34.0260517,5.9,6.7,0.32,1.85,14.5,8.8,-2.49,-3.57,10.2
841,3367,150.66206,-34.0260717,5.0,6.6,0.32,1.87,14.2,8.6,-2.56,-3.7,9.6
842,3371,150.662055,-34.0260917,5.1,5.5,0.28,1.94,14.8,8.4,-2.63,-3.83,9.95
843,3375,150.66205,-34.0261117,5.3,5.8,0.29,1.99,15.1,9.1,-2.71,-3.88,10.2
844,3379,150.662045,-34.0261333,5.1,5.5,0.27,2.16,15.6,8.8,-2.85,-4.04,10.35
845,3383,150.6620417,-34.0261533,4.7,5.1,0.3,2.34,15.5,8.3,-2.98,-4.11,10.1
846,3387,150.6620367,-34.0261733,4.4,4.7,0.3,2.44,15.6,8.0,-3.09,-4.11,10.0
847,3391,150.6620333,-34.0261933,4.2,4.7,0.33,2.59,15.8,8.0,-3.19,-4.16,10.0
848,3395,150.66203,-34.0262117,3.7,3.9,0.37,2.66,15.7,7.8,-3.21,-4.19,9.7
849,3399,150.6620183,-34.0262283,3.4,4.2,0.4,2.67,15.6,7.5,-3.27,-4.2,9.5
850,3403,150.6620017,-34.0262367,3.7,4.0,0.4,2.77,16.0,7.7,-3.35,-4.26,9.85
851,3407,150.6619817,-34.0262333,3.5,4.1,0.42,2.87,15.9,7.3,-3.37,-4.28,9.7
852,3411,150.6619683,-34.02622,3.8,4.5,0.45,3.0,15.7,6.9,-3.4,-4.22,9.75
853,3415,150.6619633,-34.026205,3.5,4.7,0.46,3.09,15.4,7.1,-3.38,-4.21,9.45
854,3419,150.6619633,-34.0261867,3.3,4.5,0.46,3.08,15.3,6.6,-3.37,-4.2,9.3
855,3423,150.6619667,-34.0261683,2.9,4.1,0.49,2.97,15.7,6.5,-3.36,-4.22,9.3
856,3427,150.6619717,-34.02615,2.7,4.5,0.5,2.89,15.9,6.9,-3.35,-4.09,9.3
857,3431,150.6619767,-34.02613,2.9,4.4,0.44,2.8,15.8,7.3,-3.3,-4.12,9.35
858,3435,150.6619817,-34.0261117,3.6,4.7,0.42,2.74,15.7,7.8,-3.22,-4.14,9.65
859,3439,150.6619867,-34.0260917,3.9,5.1,0.37,2.55,15.6,8.0,-3.11,-4.17,9.75
860,3443,150.6619917,-34.0260717,3.4,5.0,0.24,2.34,15.6,8.0,-3.02,-4.18,9.5
861,3447,150.6619967,-34.0260517,3.9,4.9,0.17,2.2,15.1,8.1,-2.92,-4.19,9.5
862,3451,150.6620017,-34.0260317,4.7,5.4,0.29,2.21,14.8,8.1,-2.84,-4.06,9.75
863,3455,150.662005,-34.0260117,5.2,5.9,0.28,2.19,15.0,8.4,-2.82,-4.03,10.1
864,3459,150.66201,-34.02599,5.8,5.9,0.27,2.16,15.0,8.6,-2.69,-3.9,10.4
865,3463,150.662015,-34.02597,5.6,5.9,0.23,2.0,14.2,8.5,-2.57,-3.77,9.9
866,3467,150.66202,-34.0259517,5.2,6.1,0.26,1.95,13.8,8.3,-2.52,-3.71,9.5
867,3471,150.662025,-34.0259367,5.3,6.4,0.32,1.91,13.8,8.7,-2.46,-3.65,9.55
868,3475,150.6620283,-34.0259217,5.2,6.2,0.34,1.95,14.2,8.9,-2.49,-3.58,9.7
869,3479,150.6620333,-34.0259033,6.0,6.8,0.38,1.98,14.8,9.4,-2.45,-3.42,10.4
870,3483,150.662035,-34.0258867,6.8,7.1,0.36,1.9,15.0,10.5,-2.41,-3.41,10.9
871,3487,150.66204,-34.0258683,6.0,7.4,0.42,1.99,14.5,10.2,-2.39,-3.36,10.25
872,3491,150.6620433,-34.02585,5.8,8.2,0.52,2.05,14.2,9.3,-2.33,-3.11,10.0
873,3495,150.662045,-34.0258317,6.4,7.3,0.48,1.98,15.0,10.3,-2.38,-3.2,10.7
874,3499,150.6620483,-34.025815,5.9,7.6,0.54,2.1,15.0,10.0,-2.42,-3.07,10.45
875,3503,150.6620533,-34.0257983,5.7,7.8,0.64,2.22,14.9,9.1,-2.45,-3.07,10.3
876,3507,150.6620633,-34.025785,5.6,7.7,0.65,2.39,15.6,10.1,-2.56,-3.06,10.6
877,3511,150.66207,-34.02578,4.6,7.8,0.76,2.49,15.4,9.5,-2.46,-2.89,10.0
878,3515,150.6620733,-34.0257783,5.7,8.1,0.72,2.45,15.7,9.9,-2.5,-2.98,10.7
879,3519,150.6620733,-34.0257783,5.9,7.9,0.7,2.48,15.7,9.9,-2.51,-2.93,10.8
880,3523,150.6620733,-34.0257783,6.1,7.6,0.69,2.47,15.6,9.9,-2.51,-2.96,10.85
881,3527,150.6620733,-34.0257783,5.8,7.6,0.69,2.49,15.7,9.8,-2.5,-2.97,10.75
882,3531,150.6620733,-34.0257783,6.0,7.9,0.69,2.46,15.6,10.0,-2.5,-2.95,10.8
883,3535,150.6620733,-34.0257783,6.1,7.7,0.69,2.44,15.7,9.9,-2.5,-2.97,10.9
884,3539,150.6620733,-34.0257783,6.0,7.8,0.69,2.43,15.7,9.6,-2.49,-2.9,10.85
885,3543,150.6620733,-34.0257783,5.9,7.3,0.68,2.47,15.6,9.8,-2.48,-2.93,10.75
886,3547,150.6620733,-34.0257783,5.8,8.0,0.69,2.48,15.7,9.6,-2.48,-2.9,10.75
887,3551,150.6620733,-34.0257783,5.6,7.8,0.69,2.45,15.8,9.8,-2.49,-2.95,10.7
888,3555,150.6620733,-34.0257783,5.9,7.7,0.69,2.45,15.7,10.0,-2.48,-2.87,10.8
