Lat,Lon,ID,S1,S2,S3,S4,S5,S6,S7,S8,S9,S10,S11,S12,S13,S14,S15,S16,S17,S18,S19,S20,S21,S22,S23,S24,S25,S26,S27,S28,S29,S30,S31,S32,S33,S34,S35,S36,S37,S38,S39,S40,S41,S42,S43,S44,S45,S46,S47,S48,S49,S50,S51,S52,S53,S54,S55,S56,S57,S58,S59,S60,S61,S62,S63,S64
-34.02264554,150.66274428,138,2.82,2.51,2.49,3.62,4.75,4.78,4.28,4.65,5.67,5.66,4.82,3.91,4.15,4.5,3.91,2.69,2.21,2.67,3.09,2.28,1.46,1.95,2.19,1.78,0.54,0.43,0.63,0.55,-0.6400001,-2.14,-2.14,-1.95,-2.42,-3.88,-4.87,-4.329999,-4.1,-4.44,-5.45,-5.49,-4.2,-4.45,-5.289999,-5.7,-4.52,-3.4,-3.7,-4.7,-3.89,-2.66,-2.0,-2.39,-2.25,-1.41,-0.00999999,0.21,-0.12,-0.3,0.99,1.49,1.13,0.8000001,1.2,2.38
-34.0227237,150.66272043,140,2.49,3.31,3.29,3.13,3.46,4.360001,4.71,4.61,4.72,5.240001,5.8,5.710001,5.27,5.2,5.3,5.24,4.33,3.43,3.25,3.13,2.6,1.71,1.14,1.17,0.9699999,0.29,-0.53,-0.86,-0.8099999,-1.13,-1.81,-2.76,-2.82,-2.84,-3.76,-4.87,-5.14,-5.06,-5.139999,-5.700001,-6.14,-5.74,-5.06,-4.84,-5.31,-5.119999,-4.35,-3.64,-3.56,-3.71,-2.97,-1.99,-1.59,-1.74,-1.38,-0.73,0.01999997,0.21,0.1,0.5500001,1.34,1.75,1.56,1.62
-34.02277691,150.66270463,141,2.74,3.119999,3.29,2.82,4.09,4.57,4.84,4.3,3.4,4.039999,4.4,4.37,3.49,3.09,3.97,3.92,3.82,3.31,3.23,3.27,2.94,2.18,1.22,1.02,0.9600001,0.06000001,-1.1,-1.11,-1.4,-1.57,-2.01,-2.86,-2.98,-2.73,-2.92,-3.76,-4.22,-4.13,-4.219999,-4.57,-4.96,-4.84,-4.39,-4.2,-4.05,-3.94,-3.15,-2.55,-2.63,-2.83,-1.76,-0.9799999,-0.9,-1.34,-1.82,-1.23,-0.18,0.24,-0.1799999,-0.26,0.2600001,0.88,1.47,1.06
-34.02285608,150.66268421,143,2.23,2.34,2.79,3.3,3.45,3.56,3.8,4.23,4.39,4.2,3.97,3.81,4.03,3.75,3.319999,3.06,3.01,3.02,2.76,2.4,2.21,2.04,1.93,1.38,0.6600001,0.33,0.18,-0.48,-1.23,-1.93,-1.96,-2.35,-2.97,-3.34,-3.31,-3.31,-3.45,-3.8,-3.86,-3.82,-3.69,-4.04,-4.29,-4.25,-4.39,-4.14,-4.29,-4.07,-3.51,-3.01,-2.72,-2.56,-1.95,-1.56,-0.8099999,-0.57,-0.28,0.24,0.86,1.05,1.12,1.39,1.99,2.08
-34.0229339,150.66266655BTM-GG-34.02295965,150.66266132,145,2.38,3.08,2.88,2.65,3.31,3.99,4.01,3.48,3.45,4.06,4.42,3.81,3.24,3.33,3.77,3.64,2.73,2.31,2.63,2.96,2.2,1.23,0.9600001,1.2,0.8400001,-0.2,-0.7800001,-0.9700001,-0.6700001,-1.3,-2.29,-2.56,-2.31,-2.23,-2.97,-3.78,-3.51,-3.05,-3.39,-3.95,-4.24,-3.72,-3.6,-3.71,-4.15,-3.88,-3.21,-2.79,-3.19,-3.08,-2.23,-1.58,-1.58,-1.81,-1.25,-0.49,-0.06999999,-0.31,-0.31,0.55,1.46,1.39,1.15,1.55
-34.02301045,150.66265011,146,2.04,2.87,3.28,3.39,3.37,3.97,4.21,4.320001,4.24,4.11,4.53,4.84,4.43,4.07,4.35,4.45,4.11,3.34,2.83,2.94,2.55,1.97,1.09,0.81,1.39,0.47,-0.44,-0.75,-0.94,-1.13,-1.85,-2.62,-2.55,-2.63,-3.01,-3.46,-4.23,-3.97,-3.98,-4.23,-4.94,-5.23,-4.67,-4.68,-4.95,-4.97,-4.42,-3.82,-3.6,-3.61,-3.2,-2.32,-1.66,-1.23,-1.22,-0.48,0.13,0.42,0.13,0.04999998,0.83,1.48,1.88,1.88
-34.02306284,150.66263969,147,2.5,3.36,3.71,3.45,3.3,3.76,4.4,4.4,3.95,5.24,5.46,4.97,4.29,4.52,4.82,4.85,4.27,3.48,3.78,3.68,3.26,2.19,1.06,1.29,0.9299999,0.48,-0.92,-1.24,-0.9699999,-1.26,-2.21,-3.18,-3.02,-2.82,-3.58,-4.74,-4.8,-4.59,-4.32,-4.78,-5.81,-5.56,-5.03,-4.739999,-5.1,-5.320001,-4.25,-3.42,-2.99,-3.14,-2.88,-1.88,-1.64,-1.88,-1.77,-0.7900001,-0.04000001,-0.16,-0.43,0.7800001,1.61,1.91,1.75,1.72
-34.02311497,150.66262849BTM-GG-34.02314046,150.66262313,149,2.52,2.69,2.86,3.08,3.56,3.96,3.94,3.67,3.9,4.58,4.33,4.35,4.13,4.5,4.11,4.01,3.36,3.26,3.48,2.68,1.9,1.65,1.36,0.8200001,0.37,-0.36,-0.9400001,-0.62,-1.02,-1.57,-1.6,-2.24,-1.87,-2.91,-3.93,-3.45,-3.23,-3.43,-4.7,-4.75,-4.39,-4.15,-4.1,-4.19,-4.38,-3.48,-3.55,-3.81,-3.53,-3.23,-2.73,-2.31,-1.98,-1.66,-1.31,-0.5700001,-0.62,-0.42,0.21,1.21,1.35,1.21,1.44,1.97
-34.02321674,150.66260377,151,1.75,2.4,2.81,3.3,3.28,2.97,3.67,3.33,3.32,3.38,2.77,3.5,3.26,3.54,3.83,3.26,4.110001,4.04,3.55,3.309999,2.59,2.22,1.73,0.85,0.4,-0.24,-0.73,-0.42,-0.8799999,-1.56,-1.35,-1.59,-1.82,-2.28,-2.78,-3.17,-3.2,-3.59,-3.93,-4.39,-4.48,-4.44,-4.41,-4.67,-4.51,-3.99,-3.56,-3.32,-2.92,-2.44,-1.74,-1.35,-1.09,-0.8900001,-0.73,-0.4599999,-0.2,-3.72529e-09,0.03999996,0.4,0.7,0.5,1.17,1.56
-34.02326892,150.66259113,152,2.55,3.0,3.56,3.75,3.94,4.22,4.67,4.91,4.84,4.8,4.929999,4.66,4.8,4.47,4.06,4.21,4.06,3.66,3.23,2.89,2.82,2.37,1.92,1.5,1.37,1.16,0.27,-0.5,-1.14,-1.62,-2.11,-2.82,-3.57,-3.88,-4.2,-4.65,-5.079999,-5.25,-5.23,-5.27,-5.309999,-5.21,-5.03,-4.639999,-4.42,-4.48,-4.1,-3.82,-3.49,-3.37,-3.19,-2.74,-2.21,-1.72,-1.45,-0.9400001,-0.37,0.28,0.55,0.8,1.16,1.69,2.06,2.23
-34.02332136,150.66258182,153,2.6,2.44,2.24,3.78,3.94,4.06,4.05,5.48,6.27,6.27,5.25,4.82,7.490001,7.27,5.77,4.65,3.74,4.55,4.04,3.07,1.93,2.22,2.15,1.86,0.77,0.53,0.8900002,0.54,-0.9,-1.75,-1.23,-1.15,-2.46,-4.07,-5.32,-3.75,-4.63,-5.34,-6.42,-6.64,-5.650001,-5.190001,-5.53,-6.389999,-5.84,-5.13,-5.22,-5.42,-4.13,-4.36,-3.19,-3.68,-2.85,-1.38,-0.98,-0.4,-1.03,-0.5799999,1.07,1.17,1.06,1.03,1.64,2.06
-34.02337124,150.66257362,154,2.15,2.6,2.74,3.14,3.289999,3.52,3.97,4.35,4.57,4.63,5.38,5.799999,5.98,5.79,5.44,5.56,5.26,4.7,3.94,3.44,3.31,2.48,1.6,1.2,1.13,0.87,-0.3900001,-1.23,-1.24,-1.49,-1.96,-2.63,-3.31,-3.48,-3.73,-4.36,-4.86,-5.13,-4.3,-4.54,-4.979999,-5.17,-4.57,-4.19,-4.58,-4.91,-4.38,-3.92,-3.79,-3.71,-3.84,-3.08,-2.28,-1.85,-1.79,-1.43,-0.73,-0.1199999,0.13,0.16,0.76,1.18,1.37,1.54
-34.02344918,150.66255665,156,2.38,3.07,2.79,2.96,2.67,4.42,4.29,3.65,3.76,4.91,4.98,5.01,4.99,3.85,4.18,3.52,3.49,2.92,1.7,2.51,2.5,2.42,2.11,2.52,1.44,0.82,0.6199999,0.57,-0.31,-0.7,-1.4,-1.88,-2.42,-2.96,-2.75,-3.27,-3.74,-4.52,-4.86,-5.02,-4.61,-4.48,-3.71,-4.49,-4.43,-3.8,-3.71,-3.94,-3.91,-3.66,-3.64,-2.76,-2.36,-1.94,-1.76,-1.63,-0.85,-0.52,0.06999996,-0.04999998,0.56,0.44,1.79,2.18
-34.02353142,150.66254225,158,2.6,3.57,3.77,4.03,3.8,4.05,4.6,4.59,4.73,4.54,4.98,5.27,5.11,4.670001,4.95,4.809999,4.62,4.31,3.81,4.02,3.54,3.12,1.95,1.41,1.12,0.73,0.04999998,-0.3,-0.89,-1.15,-1.7,-2.61,-2.61,-2.94,-3.27,-3.44,-4.77,-4.9,-5.2,-5.03,-5.5,-5.93,-5.18,-5.2,-5.430001,-4.949999,-4.52,-4.2,-3.81,-3.78,-3.44,-2.66,-2.47,-2.33,-2.33,-2.02,-1.15,-0.25,3.72529e-09,-0.28,0.7300001,1.38,1.99,1.93
-34.02358342,150.66252963,159,3.14,3.75,3.81,4.23,5.12,5.97,6.239999,6.11,6.55,7.27,7.569999,7.049999,6.58,6.809999,7.17,6.89,5.99,5.64,5.64,5.39,4.47,3.62,2.98,2.81,2.21,0.9300001,0.26,-0.13,-0.69,-1.8,-2.78,-3.36,-3.38,-3.96,-4.65,-5.12,-5.52,-5.48,-6.070001,-6.729999,-7.14,-7.02,-7.06,-7.549999,-7.929999,-7.59,-6.93,-6.73,-6.71,-6.08,-4.96,-4.08,-3.69,-3.33,-2.36,-1.16,-0.6,-0.48,-0.4099999,0.6199999,1.48,1.58,1.6,2.19
-34.02363556,150.66251435,160,3.13,3.09,3.74,5.45,5.970001,5.22,4.85,5.619999,7.03,6.25,5.910001,6.11,6.58,5.81,5.98,6.35,6.1,5.740001,5.82,4.83,4.21,4.99,4.92,2.73,1.28,0.5799999,1.93,0.87,-1.12,-2.47,-2.3,-1.98,-3.22,-3.86,-5.03,-5.79,-6.65,-7.26,-6.539999,-7.0,-6.2,-6.860001,-6.630001,-6.610001,-5.579999,-5.48,-5.91,-5.909999,-5.59,-4.18,-4.54,-4.5,-4.5,-3.45,-2.84,-3.05,-1.98,-1.55,-0.7400001,0.01000006,0.3600001,1.4,2.15,3.85
-34.02368675,150.66249957,161,3.61,3.35,3.84,4.84,5.34,5.03,5.02,5.8,6.429999,6.47,6.04,6.12,6.529999,6.650001,5.96,5.15,4.880001,5.13,4.67,3.46,2.77,2.77,2.77,1.79,0.9,0.61,0.77,0.17,-0.9299999,-1.38,-1.74,-1.88,-2.78,-3.94,-4.61,-4.42,-4.68,-5.65,-6.51,-6.290001,-5.85,-5.97,-6.52,-6.63,-5.920001,-5.61,-5.49,-5.7,-5.219999,-4.29,-3.99,-4.18,-4.13,-3.04,-2.22,-2.01,-1.76,-1.22,-0.21,0.65,0.8099999,1.2,2.15,2.94
-34.02376203,150.66248044,163,2.81,2.4,2.67,4.02,4.25,3.92,3.79,3.97,4.65,4.31,3.89,3.94,4.43,4.43,2.33,3.06,2.99,3.35,2.95,1.06,1.35,1.76,1.7,1.04,2.980232e-08,0.38,0.9000001,0.15,-0.41,-0.8,-0.81,-0.5999998,-1.9,-3.41,-3.67,-3.33,-3.76,-5.38,-5.47,-4.32,-3.83,-3.91,-4.25,-4.49,-4.01,-3.32,-3.29,-3.18,-3.02,-1.91,-2.21,-2.6,-2.18,-1.17,-0.92,-2.03,-1.2,-0.87,0.42,0.76,-0.4900002,0.9,2.17,2.89
-34.02381348,150.66246676,164,1.63,2.53,2.5,2.93,2.51,2.23,3.61,3.16,2.88,2.82,2.47,2.62,2.98,3.14,2.54,2.86,2.91,2.8,2.16,2.28,2.1,1.97,1.75,0.65,1.73,0.9700001,0.2699999,-0.34,0.02000004,-0.27,-0.7900001,-1.3,-1.9,-1.6,-2.35,-2.15,-2.63,-3.86,-4.05,-3.84,-3.51,-3.65,-3.25,-3.5,-3.61,-3.62,-3.0,-2.02,-2.37,-2.27,-2.36,-1.92,-1.33,-1.33,-1.1,-1.53,-0.6,-0.6,0.12,0.38,-0.09000002,0.71,1.05,1.5
-34.0238642,150.66245392,165,2.7,2.88,3.52,3.99,3.91,3.72,4.03,4.47,4.64,4.789999,4.49,4.9,5.41,5.46,4.95,4.76,5.059999,4.81,4.05,3.35,3.15,2.66,1.89,0.98,0.2899999,-0.2,-0.58,-1.25,-2.07,-2.46,-2.46,-2.84,-3.72,-3.92,-3.91,-3.88,-4.29,-4.78,-4.86,-4.7,-4.75,-5.04,-5.14,-4.929999,-4.57,-4.28,-4.45,-4.22,-3.5,-3.0,-3.26,-2.97,-2.38,-1.62,-1.41,-1.04,-0.9299998,-0.24,0.6399999,0.8400001,0.8199999,1.54,2.31,2.51
-34.02391433,150.66244191,166,3.22,3.47,3.29,3.650001,4.55,5.27,4.89,4.59,5.22,5.84,5.93,4.94,4.79,5.41,5.4,4.68,4.0,4.12,4.46,4.07,3.07,2.34,2.46,2.34,1.36,-0.08999998,-0.42,-0.21,-0.88,-2.21,-2.9,-2.99,-3.13,-3.92,-4.96,-5.18,-4.86,-4.85,-5.84,-6.31,-5.84,-5.11,-5.369999,-6.150001,-5.9,-5.01,-4.38,-4.5,-4.48,-3.7,-2.71,-2.36,-2.5,-2.29,-1.26,-0.25,-0.32,-0.63,0.01999998,1.19,1.61,1.3,1.47,2.39
-34.02396269,150.6624301,167,3.07,3.42,3.77,4.29,4.86,5.04,4.89,4.88,5.23,5.53,5.43,5.18,5.26,5.740001,5.56,5.26,4.659999,4.57,4.31,3.48,2.81,2.13,1.81,1.17,0.6100001,-0.24,-0.44,-0.5700001,-0.95,-1.55,-2.02,-1.88,-2.1,-2.8,-3.64,-3.98,-4.43,-5.13,-5.98,-6.22,-6.23,-5.89,-5.91,-6.02,-5.39,-4.52,-4.03,-4.15,-3.88,-3.24,-2.6,-2.64,-2.68,-2.42,-1.75,-1.21,-1.47,-1.28,-0.7399999,0.14,0.6299999,0.91,1.39,2.53
-34.02401096,150.66241618BTM-GG-34.02403553,150.66240835,169,2.8,2.77,2.97,3.63,4.17,4.27,4.39,4.74,5.05,5.02,4.7,4.44,4.4,4.45,4.38,3.75,3.6,3.92,3.82,3.21,2.92,2.66,2.43,1.78,0.9200001,0.35,-0.09000002,-0.52,-1.24,-1.98,-2.57,-2.71,-3.2,-3.89,-4.36,-4.38,-4.48,-5.0,-5.29,-5.19,-5.0,-5.06,-5.15,-5.29,-4.9,-4.59,-4.45,-4.26,-3.87,-3.09,-2.55,-2.24,-2.11,-1.5,-0.83,-0.5799999,-0.4,0.03,0.6799999,1.11,1.32,1.42,1.86,2.42
-34.02408648,150.66239464,170,3.25,3.07,2.89,3.93,5.1,5.16,4.690001,4.62,5.329999,5.790001,5.24,4.34,4.6,5.2,4.85,3.75,3.2,3.85,3.97,3.26,2.16,1.96,2.23,1.72,0.2900001,-0.7699999,-0.8099998,-0.88,-1.7,-3.07,-3.42,-2.94,-3.06,-4.28,-5.04,-4.74,-4.17,-4.8,-5.43,-5.57,-5.03,-4.57,-5.02,-5.76,-5.31,-4.27,-4.09,-4.45,-4.22,-3.0,-1.97,-1.85,-1.98,-1.25,-0.04,0.38,-0.33,-0.28,0.6799999,1.56,1.44,0.9900001,1.36,2.76
-34.02413881,150.6623807,171,3.19,2.65,2.95,3.98,4.649999,4.53,4.09,3.98,4.860001,4.96,4.39,3.87,4.14,4.13,3.34,2.63,2.6,3.12,3.05,2.12,1.62,1.92,2.03,1.45,0.01,-0.28,-0.03,-0.07999998,-1.03,-2.15,-2.28,-1.81,-2.25,-3.5,-4.059999,-3.77,-3.73,-4.45,-5.38,-5.08,-4.71,-4.26,-4.64,-4.7,-3.91,-2.77,-2.74,-3.15,-2.9,-2.0,-1.51,-2.01,-2.0,-1.58,-0.7,-0.74,-1.08,-0.9299999,0.01999999,0.8299999,0.81,0.78,1.47,2.71
-34.02419082,150.66236671,172,2.28,2.26,2.91,3.26,3.46,3.77,4.26,4.47,5.08,4.65,5.079999,4.98,5.070001,4.81,3.93,3.94,4.06,3.9,3.5,2.36,2.82,2.62,2.27,1.79,1.22,0.9200001,0.32,-0.22,-1.08,-1.67,-2.04,-2.44,-3.29,-3.62,-3.81,-4.07,-4.22,-4.73,-5.090001,-5.02,-5.01,-4.989999,-5.31,-5.24,-4.97,-4.75,-4.77,-4.56,-4.130001,-3.51,-3.3,-2.69,-2.14,-1.51,-0.89,-1.02,-0.18,0.49,1.05,1.38,0.7800001,1.5,2.21,2.34
-34.02427094,150.66234867,174,1.25,2.03,2.35,2.09,2.36,3.41,3.81,3.71,3.04,5.589999,4.63,3.71,3.31,4.07,5.23,3.47,2.27,2.46,2.15,1.7,1.9,0.83,0.15,0.0900001,0.36,1.16,-0.009999989,0.8500002,0.17,0.00999999,-1.48,-0.8099998,-1.21,-1.35,-2.81,-3.77,-3.3,-3.13,-3.25,-4.78,-5.43,-5.13,-4.329999,-3.9,-4.66,-4.99,-4.38,-3.3,-2.91,-2.38,-0.7000001,-0.35,-1.2,-1.4,0.04000019,0.8699998,0.5,-0.61,-0.46,0.05,0.33,0.4099998,0.4499999,0.94
-34.02432171,150.66233542,175,2.12,2.85,3.19,2.94,2.91,3.25,4.11,4.23,3.36,3.42,4.57,4.78,4.32,3.62,3.68,4.309999,3.78,2.95,2.52,2.51,2.639999,1.89,0.99,0.82,1.15,0.92,-0.61,-1.13,-1.16,-0.67,-0.8999999,-2.41,-3.09,-2.54,-2.35,-3.49,-4.46,-4.38,-3.64,-4.04,-4.699999,-4.789999,-3.76,-3.57,-3.94,-4.07,-4.17,-3.46,-3.08,-3.48,-3.5,-2.61,-1.4,-1.26,-1.85,-1.33,-0.06,0.44,0.33,0.47,1.35,1.91,1.94,1.62
-34.02437318,150.66232001,176,2.77,3.19,3.27,3.76,4.37,4.67,4.87,5.03,5.31,5.41,5.26,4.87,4.57,4.41,4.159999,3.58,3.16,3.13,3.09,2.96,2.59,2.43,2.33,2.2,1.49,0.8200001,0.47,-9.313226e-09,-0.62,-1.64,-2.49,-2.92,-3.32,-4.12,-4.9,-5.24,-5.03,-5.08,-5.43,-5.590001,-5.37,-4.88,-4.89,-5.02,-4.75,-4.12,-3.74,-3.74,-3.74,-3.25,-2.5,-2.27,-2.12,-1.81,-1.13,-0.64,-0.42,-0.53,0.11,0.8700001,1.29,1.37,1.57,2.31
-34.02442474,150.66230692,177,1.8,2.75,3.28,3.42,3.56,4.5,4.52,4.8,4.73,4.79,4.83,4.75,4.25,3.85,3.89,3.83,3.57,2.98,2.96,3.04,2.89,2.26,1.76,1.7,1.26,0.75,-0.18,-0.47,-0.79,-1.15,-1.9,-2.67,-2.97,-3.13,-3.53,-4.43,-4.71,-4.59,-4.48,-4.96,-5.18,-4.91,-4.51,-4.42,-4.530001,-4.35,-3.84,-3.22,-3.02,-2.98,-2.65,-1.84,-1.52,-1.46,-1.3,-0.9200001,-0.32,-0.2,-0.23,-0.03,0.68,1.31,1.4,1.58
-34.02447705,150.66229807,178,2.9,3.29,3.48,3.74,4.1,4.24,4.33,4.6,4.65,4.789999,4.829999,4.75,4.68,4.78,5.08,4.88,4.63,4.559999,4.4,3.99,3.42,2.75,2.21,1.58,0.9599999,0.31,-0.32,-0.82,-1.1,-1.6,-2.22,-2.65,-2.79,-3.08,-3.61,-3.89,-4.23,-4.24,-4.559999,-4.97,-5.15,-5.190001,-5.22,-5.16,-5.37,-5.200001,-4.65,-4.37,-4.33,-4.12,-3.59,-3.07,-2.75,-2.4,-1.92,-1.38,-0.88,-0.55,0.08999998,0.55,1.0,1.39,1.78,2.26
-34.02455141,150.66232577BTM-GG-34.02456957,150.66234906,181,3.57,3.830001,4.19,4.5,4.73,4.96,5.1,5.16,5.31,5.46,5.73,5.75,5.62,5.579999,5.48,5.2,4.71,4.07,3.42,3.069999,2.3,1.52,1.05,1.04,0.6800001,0.23,-0.17,-0.47,-0.7400002,-1.21,-1.8,-2.4,-2.86,-3.45,-4.13,-4.77,-5.18,-5.56,-5.88,-6.23,-6.350001,-6.18,-6.02,-5.89,-5.76,-5.36,-4.97,-4.7,-4.58,-4.29,-3.71,-3.13,-2.72,-2.37,-1.78,-1.06,-0.46,-3.72529e-08,0.58,1.19,1.82,2.34,2.74,3.11
-34.02458777,150.66253935,187,3.54,4.09,4.82,5.49,5.97,6.31,6.799999,7.389999,7.75,7.84,7.85,8.0,8.039999,7.829999,7.359999,6.96,6.690001,6.29,5.84,5.25,4.929999,4.49,3.9,3.02,2.18,1.48,0.74,-0.21,-1.13,-1.84,-2.45,-3.16,-4.05,-4.8,-5.32,-5.76,-6.38,-6.830001,-7.29,-7.46,-7.66,-7.959999,-8.16,-8.11,-7.889999,-7.74,-7.699999,-7.34,-6.800001,-6.27,-5.79,-5.23,-4.45,-3.65,-2.94,-2.28,-1.65,-0.84,-0.09,0.41,0.96,1.65,2.44,3.06
-34.0245944,150.66260626,188,3.58,4.35,4.97,5.54,6.05,6.66,7.06,7.439999,7.659999,7.83,7.97,8.009999,7.95,7.82,7.58,7.34,6.99,6.56,6.19,5.690001,5.1,4.42,3.77,3.0,2.33,1.55,0.7899999,0.01999999,-0.78,-1.58,-2.46,-3.33,-4.14,-4.940001,-5.59,-6.33,-6.94,-7.33,-7.51,-7.83,-7.94,-7.9,-7.93,-7.86,-7.769999,-7.69,-7.35,-7.02,-6.710001,-6.220001,-5.76,-5.19,-4.66,-4.07,-3.44,-2.75,-1.93,-1.15,-0.5,0.19,0.9599999,1.65,2.31,3.0
-34.02460172,150.66266468,189,3.51,4.16,4.92,5.77,6.37,6.76,6.96,7.259999,7.940001,7.809999,7.599999,8.3,7.99,8.169999,8.049999,7.619999,7.859999,7.399999,6.9,6.170001,5.47,4.79,4.05,3.12,2.029999,1.47,0.4299999,-0.5,-1.42,-2.05,-2.95,-3.41,-4.179999,-5.03,-5.7,-6.11,-6.56,-7.18,-7.43,-7.51,-7.66,-8.15,-8.16,-8.27,-7.649999,-7.419999,-7.23,-6.94,-6.43,-5.760001,-5.14,-4.96,-4.31,-3.84,-3.34,-2.87,-2.4,-1.81,-1.11,-0.6,0.19,0.87,2.03,2.82
-34.02461073,150.66272354,190,3.07,3.39,3.78,3.859999,4.19,4.59,4.86,4.87,4.81,5.35,5.31,5.470001,5.27,5.49,5.7,5.49,4.98,4.55,4.61,4.04,3.5,2.59,2.24,2.07,1.98,0.9900002,0.58,0.3299999,-0.29,-0.8,-2.25,-2.77,-3.44,-3.72,-4.579999,-5.219999,-5.26,-5.31,-5.77,-5.639999,-6.02,-5.77,-5.619999,-5.159999,-5.18,-4.47,-4.19,-3.84,-4.06,-4.37,-3.91,-3.49,-3.2,-2.93,-2.32,-1.53,-0.94,-0.8099999,-0.5199999,0.18,0.72,1.36,1.54,1.97
-34.0246188,150.66278328,191,3.32,3.81,4.18,4.44,5.05,5.32,5.460001,5.54,5.59,5.7,5.83,5.81,5.61,5.81,5.55,5.58,5.09,4.75,4.58,4.15,3.84,2.84,2.48,2.01,2.13,1.08,0.27,-0.3300001,-0.92,-1.65,-2.220001,-3.02,-3.74,-3.91,-4.68,-5.68,-5.77,-6.219999,-6.16,-6.5,-6.150001,-6.35,-5.56,-5.83,-5.79,-5.42,-5.02,-4.84,-4.39,-4.23,-3.91,-2.72,-2.82,-2.68,-2.36,-1.55,-1.16,-0.46,-0.31,0.43,0.8599998,1.64,1.83,2.22
-34.0246272,150.66284203,192,2.56,2.95,3.39,3.52,4.02,4.349999,4.46,4.610001,4.6,4.64,4.69,4.67,4.64,4.52,4.400001,4.11,3.86,3.54,3.23,2.81,2.41,2.31,1.73,1.21,1.0,0.25,-0.29,-0.89,-1.41,-1.98,-2.46,-2.28,-2.700001,-3.19,-3.33,-3.86,-3.61,-4.3,-4.41,-4.620001,-4.970001,-5.01,-5.33,-5.09,-4.939999,-4.72,-4.33,-3.62,-3.55,-3.17,-2.75,-2.35,-1.9,-1.46,-1.02,-0.5900001,-0.37,-0.13,0.27,0.62,0.86,1.16,1.57,2.05
-34.02463722,150.66289821,194,2.16,2.73,3.16,3.65,4.12,4.55,4.88,5.04,5.2,5.21,4.87,4.550001,4.22,4.12,3.92,4.31,3.91,4.0,3.51,3.53,3.26,2.87,2.41,2.16,1.29,0.8299999,-0.11,-0.6599999,-1.47,-1.89,-2.45,-2.96,-3.33,-3.71,-4.11,-4.41,-4.64,-4.49,-4.87,-4.87,-5.24,-5.079999,-5.34,-5.189999,-5.24,-5.380001,-5.18,-4.76,-4.31,-3.63,-2.96,-2.48,-1.94,-1.11,-0.84,-0.24,0.22,0.53,0.71,0.86,0.89,1.42,1.52,1.82
-34.02464813,150.66295654,195,2.71,3.14,3.55,3.86,4.07,4.2,4.3,4.56,4.71,4.71,4.78,4.87,4.87,4.82,4.73,4.610001,4.46,4.18,3.77,3.32,2.89,2.38,1.78,1.16,0.6999999,0.29,-0.16,-0.77,-1.26,-1.65,-2.07,-2.6,-3.06,-3.53,-3.85,-4.2,-4.38,-4.66,-4.8,-4.92,-5.06,-5.14,-5.17,-4.920001,-4.679999,-4.38,-4.04,-3.57,-3.17,-3.03,-2.83,-2.6,-2.32,-2.03,-1.81,-1.56,-1.13,-0.67,-0.18,0.24,0.73,1.35,1.89,2.37
-34.02466145,150.66301606,196,2.75,3.16,3.54,3.98,4.51,4.79,5.05,5.23,5.37,5.35,5.24,4.98,4.82,4.7,4.47,4.239999,4.13,4.11,3.82,3.47,3.09,2.6,2.23,1.69,1.04,0.36,-0.08,-0.55,-1.18,-1.77,-2.41,-2.97,-3.37,-3.84,-4.19,-4.460001,-4.64,-4.91,-5.17,-5.34,-5.46,-5.52,-5.599999,-5.66,-5.44,-5.15,-4.71,-4.39,-4.06,-3.45,-2.93,-2.56,-2.26,-1.8,-1.25,-0.7800001,-0.4699999,-0.14,0.24,0.67,1.0,1.26,1.73,2.27
-34.02467523,150.66307318,197,2.66,3.0,3.32,3.57,3.79,4.07,4.21,4.309999,4.36,4.49,4.53,4.51,4.46,4.36,4.14,3.9,3.68,3.42,3.1,2.85,2.52,2.08,1.64,1.09,0.6300001,0.15,-0.37,-0.95,-1.38,-1.84,-2.29,-2.7,-3.07,-3.34,-3.61,-3.95,-4.2,-4.539999,-4.66,-4.88,-4.89,-4.83,-4.67,-4.539999,-4.35,-4.14,-3.89,-3.61,-3.29,-2.98,-2.61,-2.1,-1.66,-1.31,-1.0,-0.68,-0.32,0.05,0.34,0.7099999,1.05,1.49,1.95,2.3
-34.02468678,150.66312658,198,2.54,2.86,3.21,3.53,3.87,4.19,4.37,4.5,4.59,4.79,4.850001,4.830001,4.69,4.58,4.31,4.02,3.68,3.25,2.93,2.49,2.36,2.12,1.85,1.44,1.02,0.47,-0.14,-0.63,-1.14,-1.66,-2.19,-2.54,-2.97,-3.36,-3.72,-4.03,-4.2,-4.3,-4.359999,-4.41,-4.380001,-4.41,-4.27,-4.27,-4.17,-4.06,-3.86,-3.76,-3.61,-3.36,-3.05,-2.67,-2.45,-2.03,-1.62,-1.13,-0.7599999,-0.33,0.12,0.5700001,1.03,1.34,1.7,2.1
-34.0247021,150.66317366BTM-GG-34.02471534,150.66319265,200,3.41,4.07,4.77,5.05,5.24,5.51,6.0,6.25,6.129999,6.01,6.139999,6.34,6.190001,5.81,5.62,5.71,5.56,5.18,4.58,4.26,3.9,3.19,2.29,1.65,1.2,0.69,-0.12,-1.06,-1.52,-1.88,-2.6,-3.57,-4.22,-4.4,-4.75,-5.24,-5.71,-5.93,-6.07,-6.34,-6.759999,-6.79,-6.510001,-6.18,-6.14,-6.07,-5.58,-4.98,-4.63,-4.57,-4.29,-3.61,-2.829999,-2.53,-2.22,-1.72,-0.92,-0.36,0.04999999,0.58,1.28,2.01,2.53,2.88
-34.02475105,150.66321497,201,2.52,3.11,3.57,3.95,4.16,4.58,5.11,5.38,5.540001,5.690001,5.85,6.0,5.83,5.5,5.19,4.93,4.640001,4.08,3.58,3.28,3.03,2.51,1.99,1.54,1.28,0.9,0.2,-0.44,-0.88,-1.26,-2.09,-2.87,-3.38,-3.66,-4.11,-4.79,-5.12,-5.130001,-5.26,-5.549999,-5.83,-5.66,-5.429999,-5.37,-5.39,-5.23,-4.91,-4.44,-4.37,-4.19,-3.86,-3.32,-2.87,-2.46,-2.03,-1.29,-0.6400001,-0.13,0.1299999,0.6199999,1.14,1.76,1.96,2.08
-34.02478396,150.66322135,202,3.02,3.54,4.49,4.63,4.91,5.300001,5.91,6.05,5.99,6.28,6.46,6.650001,6.5,6.7,6.73,6.73,6.07,5.5,5.14,5.14,4.570001,3.68,3.02,2.84,2.11,1.46,0.43,-0.1,-0.37,-1.2,-1.71,-2.9,-3.31,-4.630001,-5.07,-5.78,-6.05,-6.5,-6.549999,-6.52,-6.699999,-6.18,-6.579999,-6.73,-6.529999,-6.369999,-5.72,-5.8,-5.5,-5.34,-5.059999,-4.659999,-3.98,-3.19,-2.78,-2.27,-1.34,-0.9800001,-0.6599999,-0.2899999,0.8499999,1.68,2.25,2.52
-34.02479358,150.66321446,204,3.49,4.62,4.79,4.610001,4.92,6.31,5.82,5.73,5.4,6.21,6.39,6.05,6.02,6.06,7.0,6.5,6.52,5.65,5.11,5.26,4.54,3.66,3.09,2.83,2.12,1.22,0.3699999,-0.1899999,-0.8900001,-2.11,-2.73,-2.35,-3.04,-3.73,-4.570001,-4.66,-4.95,-5.690001,-6.429999,-6.5,-6.48,-6.81,-6.94,-6.84,-6.45,-6.199999,-6.039999,-5.95,-5.44,-4.89,-4.69,-4.28,-4.01,-3.72,-2.98,-2.25,-1.81,-1.36,-1.07,-0.36,0.8699999,1.04,1.7,2.43
-34.02479368,150.66320692,205,1.97,2.63,3.12,3.39,3.58,4.17,4.76,5.059999,5.02,4.93,5.45,5.89,5.89,5.570001,5.49,5.79,5.82,5.13,4.68,4.259999,4.13,3.58,2.6,1.86,1.69,1.28,0.82,-0.4499999,-0.56,-1.03,-1.55,-2.03,-2.86,-3.67,-2.97,-3.21,-4.35,-4.84,-5.02,-5.3,-5.72,-5.54,-5.51,-5.579999,-5.389999,-5.28,-5.069999,-4.47,-4.28,-3.57,-3.91,-3.73,-2.78,-2.33,-2.58,-2.37,-1.76,-0.99,-0.8,-0.94,-0.14,0.54,1.26,1.22
-34.02479292,150.66320485,206,2.88,3.45,4.08,4.41,4.8,5.4,5.91,5.84,5.91,6.08,6.27,6.35,6.05,5.97,5.940001,5.64,5.639999,5.2,5.0,4.71,4.44,3.77,3.06,2.58,2.27,1.55,0.52,-0.35,-0.69,-1.32,-2.23,-3.01,-3.34,-3.68,-4.18,-4.8,-5.25,-5.27,-5.37,-5.91,-6.309999,-6.44,-6.29,-6.29,-6.599999,-6.56,-6.23,-5.85,-5.66,-5.34,-4.81,-4.26,-3.72,-3.18,-2.64,-1.93,-1.3,-0.8299999,-0.4900001,0.13,0.88,1.35,1.79,2.23
-34.02479286,150.66320621,208,2.84,3.53,3.98,3.53,4.02,4.96,5.15,5.16,4.97,5.53,6.039999,5.78,5.4,5.4,5.69,6.23,5.77,5.01,4.590001,4.8,4.56,3.43,2.92,3.02,2.31,1.58,0.4800001,0.11,-0.06999997,-0.99,-1.5,-2.24,-2.31,-2.54,-3.45,-3.88,-4.0,-4.57,-5.34,-5.96,-6.070001,-5.86,-5.99,-6.55,-6.87,-6.65,-5.99,-5.780001,-6.180001,-5.98,-5.1,-3.57,-3.84,-3.8,-3.44,-2.25,-1.18,-0.4099999,-0.27,-0.16,0.6400001,1.53,1.48,1.87
-34.02479047,150.66320386,209,3.38,3.12,4.499999,5.29,5.57,5.54,5.94,7.31,8.01,8.240001,8.1,7.78,8.54,8.45,7.89,6.91,7.12,6.58,6.47,5.38,4.480001,4.4,3.95,3.09,2.1,1.29,0.69,-0.01999998,-1.11,-2.05,-2.61,-3.01,-3.91,-4.7,-5.58,-5.64,-5.88,-6.67,-7.2,-7.559999,-7.52,-7.5,-7.909999,-7.98,-7.67,-7.38,-7.26,-7.19,-6.84,-6.12,-5.55,-5.190001,-4.94,-3.8,-2.9,-2.32,-2.24,-1.59,-0.1,0.73,0.72,0.79,2.52,3.16
-34.02479589,150.66319863,211,2.85,3.5,4.13,4.68,4.93,5.38,5.88,6.299999,6.45,6.66,6.679999,6.76,6.77,6.419999,6.110001,5.81,5.7,5.53,5.36,5.03,4.78,4.43,3.91,3.22,2.72,2.19,1.33,0.18,-0.6,-1.21,-1.95,-2.99,-3.81,-4.18,-4.51,-5.13,-5.92,-6.45,-6.46,-6.429999,-6.81,-7.289999,-7.34,-7.13,-6.83,-6.77,-6.72,-6.31,-5.68,-5.05,-4.83,-4.26,-3.82,-3.13,-2.559999,-2.16,-1.64,-1.04,-0.54,-0.009999983,0.51,1.14,1.78,2.33
-34.02478546,150.6631769,213,2.43,2.89,3.4,3.349999,4.0,4.57,4.11,4.21,5.07,5.47,6.08,5.800001,5.850001,6.11,5.89,6.140001,5.75,5.66,5.190001,4.78,5.06,4.19,3.1,3.27,2.41,1.67,1.21,0.09,-0.12,-0.7399999,-1.37,-2.25,-2.7,-3.13,-3.45,-4.35,-4.849999,-5.389999,-5.75,-5.98,-6.13,-6.580001,-6.72,-6.51,-6.43,-6.079999,-6.17,-5.83,-5.49,-4.9,-4.35,-3.89,-3.52,-3.15,-2.39,-1.73,-1.64,-1.18,-0.7300001,0.08000003,0.48,1.04,1.56,2.04
-34.02477372,150.66318194,214,3.05,3.609999,4.33,4.94,5.34,5.420001,5.72,6.06,6.289999,6.29,6.139999,6.179999,6.45,6.37,6.06,5.76,5.69,5.649999,5.19,4.45,3.91,3.78,3.29,2.61,1.71,1.26,0.7400002,0.08000003,-0.79,-1.56,-1.96,-2.62,-3.15,-3.72,-4.18,-4.68,-5.22,-5.79,-6.069999,-6.200001,-6.38,-6.49,-6.499999,-6.25,-5.96,-6.0,-5.999998,-5.579999,-5.38,-5.0,-4.81,-4.6,-4.04,-3.36,-2.96,-2.67,-2.13,-1.42,-0.62,-0.26,0.47,1.21,1.9,2.54
-34.02476881,150.66319638BTM-GG-34.02477275,150.66320007,216,2.5,3.52,4.26,4.35,4.57,5.26,6.559999,6.74,6.56,6.68,7.19,7.94,7.4,6.77,6.86,6.9,6.53,5.75,4.92,4.659999,4.72,4.16,2.86,2.27,2.22,1.93,1.9,1.15,0.49,-0.46,-0.17,-1.87,-3.42,-3.67,-4.01,-4.22,-5.55,-6.719999,-6.51,-6.210001,-6.9,-7.49,-7.66,-7.129999,-7.25,-7.509999,-7.400001,-6.75,-6.16,-6.29,-6.15,-5.5,-4.6,-3.8,-3.59,-2.66,-1.79,-0.95,-0.52,-0.2199999,0.31,1.51,1.94,1.93
-34.02477688,150.66320124,217,2.91,3.6,4.35,4.82,5.109999,5.57,6.11,6.399999,6.219999,6.22,6.32,6.63,6.52,6.39,6.42,6.25,6.1,5.77,5.44,5.13,4.61,4.119999,3.36,2.54,1.94,1.29,0.47,-0.01999999,-0.9900001,-1.49,-2.3,-2.77,-3.51,-3.8,-4.289999,-4.95,-5.63,-5.89,-6.02,-6.070001,-6.65,-6.929999,-6.81,-6.87,-7.08,-6.920001,-6.27,-5.670001,-5.23,-5.3,-4.65,-3.74,-3.32,-3.2,-3.01,-2.17,-1.74,-1.21,-0.8599999,-0.45,0.31,1.18,1.81,2.11
-34.02477882,150.66320353,218,3.029999,3.65,4.66,5.59,5.85,6.110001,6.32,6.93,7.280001,7.2,6.799999,7.24,6.6,7.059999,6.76,6.41,6.47,6.089999,5.470001,5.54,4.960001,4.25,3.49,2.56,1.99,1.36,0.47,-0.39,-1.71,-1.9,-2.3,-2.94,-3.93,-4.37,-4.61,-5.01,-5.32,-5.9,-6.14,-6.33,-6.97,-7.09,-7.299999,-7.07,-6.75,-6.78,-7.0,-6.55,-5.74,-5.19,-5.5,-4.68,-4.21,-3.13,-3.09,-2.62,-2.11,-1.24,-0.8199999,-0.24,0.09,0.85,1.9,2.15
-34.02477819,150.66320679,219,3.33,3.8,4.43,5.050001,5.41,5.72,6.02,6.37,6.55,6.55,6.42,6.59,6.86,6.92,6.6,6.25,6.310001,6.290001,5.89,5.18,4.72,4.26,3.68,2.92,2.15,1.45,0.7099999,-0.15,-1.01,-1.67,-2.29,-2.72,-3.65,-4.34,-4.759999,-4.98,-5.43,-5.97,-6.42,-6.69,-6.53,-6.73,-7.02,-7.159999,-6.85,-6.73,-6.53,-6.590001,-6.19,-5.48,-5.04,-4.89,-4.48,-3.64,-2.87,-2.46,-2.03,-1.32,-0.44,0.38,0.76,1.13,1.94,2.81
-34.02477659,150.66320958,220,4.14,4.58,4.96,4.51,5.309999,7.08,6.65,6.83,5.969999,6.01,6.849999,7.06,6.47,6.15,7.48,7.08,6.209999,6.21,6.09,5.829999,5.259999,4.13,3.55,3.5,2.62,1.86,0.66,0.63,-0.31,-1.02,-2.059999,-2.59,-3.04,-3.58,-4.58,-5.26,-5.47,-6.21,-6.149999,-7.070001,-7.219999,-6.779999,-7.08,-7.14,-7.360001,-6.76,-6.53,-6.1,-6.1,-5.69,-5.309999,-4.9,-4.509999,-4.33,-3.71,-3.16,-2.69,-2.64,-2.15,-0.6799999,-0.26,1.08,1.01,1.74
-34.02477577,150.66321012BTM-GG-34.02477536,150.66320999,222,2.99,4.03,4.62,4.69,5.630001,7.659999,7.26,7.570001,7.179999,7.81,8.919999,8.610001,7.45,7.0,7.179999,7.52,7.07,6.27,5.94,5.69,5.52,4.04,3.1,3.27,3.2,1.76,1.01,0.05,0.36,-0.65,-2.33,-3.26,-3.12,-3.65,-4.68,-5.59,-6.25,-5.78,-6.4,-6.91,-8.09,-8.5,-8.019999,-7.46,-8.45,-9.170001,-6.78,-6.87,-6.59,-6.849999,-5.65,-5.06,-4.36,-4.0,-4.06,-2.75,-1.91,-1.85,-1.71,-1.05,0.27,1.21,1.32,1.66
-34.02477465,150.66320997,223,3.22,4.05,4.739999,5.26,6.14,6.69,6.83,6.87,7.2,7.33,7.44,7.359999,7.16,7.1,7.56,7.89,7.299999,6.689999,5.83,5.66,5.05,4.4,3.32,2.62,1.85,1.1,0.6,-0.38,-1.0,-0.92,-1.79,-2.779999,-3.42,-4.04,-3.45,-4.67,-5.659999,-6.429999,-6.97,-7.11,-8.12,-8.51,-8.280001,-8.35,-8.42,-8.04,-7.369999,-6.88,-6.19,-5.96,-5.24,-4.59,-3.79,-3.34,-2.99,-2.7,-2.33,-1.54,-0.93,-0.28,0.19,1.23,1.95,2.46
-34.02477403,150.66321015,224,3.15,3.48,4.16,4.56,5.32,5.58,5.54,5.779999,5.71,6.199999,6.09,5.89,5.91,6.219999,6.21,6.02,5.56,5.33,5.26,4.52,4.09,3.69,3.33,2.37,1.63,0.9700001,0.82,0.28,-0.41,-1.5,-1.88,-2.43,-3.25,-4.04,-4.3,-4.47,-4.929999,-5.76,-6.129999,-5.72,-6.08,-6.22,-6.63,-6.25,-5.86,-5.7,-5.77,-5.840001,-5.21,-4.99,-4.13,-4.15,-3.98,-3.66,-3.18,-2.95,-2.4,-1.26,-0.8,-0.41,0.41,1.22,1.81,2.66
-34.02477382,150.66321022BTM-GG-34.02477384,150.6632102,226,4.22,4.87,5.54,6.31,6.909999,7.24,7.49,7.82,8.1,8.08,8.02,8.23,8.669999,8.73,8.450001,8.24,8.44,8.089999,7.22,6.49,6.07,5.57,4.38,3.23,2.16,1.6,0.7699999,-0.59,-1.62,-1.8,-2.37,-3.41,-4.43,-4.99,-5.28,-5.98,-6.95,-7.54,-7.739999,-7.95,-8.56,-9.28,-9.28,-8.900001,-8.76,-8.679999,-8.540001,-7.82,-7.19,-6.94,-6.62,-5.900001,-5.02,-4.35,-3.74,-3.26,-2.58,-1.82,-1.01,-0.18,0.65,1.61,2.55,3.54
-34.02477387,150.66321008,228,3.71,4.1,4.18,4.75,5.61,6.17,6.31,6.38,6.84,7.23,7.159999,7.069999,7.07,7.23,7.409999,7.029999,6.71,6.55,6.39,5.7,4.78,4.16,3.53,3.05,2.06,1.05,0.33,-0.15,-0.88,-1.95,-2.87,-3.29,-3.61,-4.34,-5.05,-5.47,-5.640001,-5.86,-6.43,-7.09,-7.11,-7.01,-7.169999,-7.54,-7.7,-7.239999,-6.759999,-6.809999,-6.76,-6.05,-5.31,-4.83,-4.53,-4.1,-2.96,-2.19,-1.74,-1.34,-0.5,0.5900001,1.26,1.58,1.9,2.91
-34.02477388,150.66321005,229,3.19,4.09,4.7,5.1,4.97,5.47,6.079999,6.74,6.98,6.62,6.429999,7.12,6.85,6.24,6.629999,6.519999,7.09,5.89,5.66,5.119999,5.11,4.49,3.21,2.81,2.81,1.96,0.96,-0.22,-1.2,-1.04,-1.7,-2.5,-3.63,-3.79,-4.36,-5.099999,-5.75,-6.029999,-6.539999,-6.88,-7.5,-7.79,-7.59,-7.309999,-7.39,-7.33,-7.3,-6.309999,-5.67,-5.57,-5.77,-4.97,-3.84,-3.47,-3.1,-2.54,-1.75,-0.81,-0.33,-0.3,0.72,1.33,1.59,2.14
-34.02477389,150.66321003,230,3.34,3.76,3.89,4.73,5.839999,6.05,6.15,6.15,6.78,7.47,6.6,6.069999,6.509999,7.150001,6.699999,6.25,6.14,6.32,6.14,5.12,4.06,4.14,4.11,3.39,2.34,1.55,1.31,0.92,-0.26,-1.66,-2.17,-2.2,-2.59,-3.67,-4.829999,-4.850001,-5.349999,-6.240001,-7.32,-7.1,-6.789999,-7.309999,-7.86,-6.900001,-6.98,-6.099999,-6.33,-6.23,-5.72,-4.85,-4.32,-4.39,-4.489999,-3.82,-2.88,-2.67,-3.04,-2.54,-1.32,-0.21,-0.03000003,0.33,1.4,2.63
-34.02477391,150.66321002,231,2.8,2.71,3.73,4.849999,5.38,5.36,5.69,6.889999,7.080001,6.88,6.510001,7.03,7.26,7.079999,6.31,5.969999,5.9,5.699999,5.329999,4.55,4.3,4.389999,4.21,3.07,2.01,1.22,0.76,-0.22,-1.53,-2.15,-2.05,-2.55,-3.61,-4.06,-4.37,-4.12,-4.900001,-5.92,-6.42,-5.83,-6.03,-6.829999,-7.59,-7.21,-6.35,-6.72,-7.44,-7.3,-5.95,-4.800001,-5.210001,-5.590001,-4.44,-2.64,-1.99,-2.14,-1.99,-0.7300001,0.41,0.52,0.03,0.67,1.62,2.43
-34.02477389,150.66320997BTM-GG-34.02477389,150.66320996,233,2.87,2.96,3.25,4.18,4.85,5.02,5.12,5.75,6.41,6.82,6.509999,6.33,6.54,6.599999,6.529999,6.15,5.42,5.02,4.99,4.92,4.16,3.8,2.99,2.57,2.71,1.8,1.2,1.01,0.44,-0.94,-2.08,-2.38,-2.54,-3.01,-4.17,-4.74,-4.54,-4.93,-5.17,-5.89,-5.99,-5.98,-6.67,-7.05,-6.55,-6.5,-6.71,-6.58,-6.329999,-5.72,-5.67,-4.8,-4.91,-4.19,-3.58,-2.55,-1.59,-1.26,-0.46,0.13,0.76,1.16,1.68,2.45
-34.0247739,150.66320994,234,4.039999,4.5,5.21,6.02,6.67,6.91,6.98,7.45,7.9,7.85,7.77,7.789999,7.96,7.809999,7.509999,7.299999,7.22,6.889999,6.65,5.92,5.28,4.72,4.14,3.09,2.11,1.17,0.75,-0.05,-1.12,-2.18,-2.62,-2.98,-3.67,-4.8,-5.449999,-5.78,-6.16,-7.26,-8.140001,-8.19,-7.95,-8.33,-8.879999,-8.849999,-8.33,-7.699999,-7.58,-7.619999,-7.03,-6.029999,-5.31,-5.18,-4.87,-3.99,-3.11,-2.61,-2.28,-1.57,-0.53,0.26,0.6899999,1.36,2.39,3.47
-34.02477391,150.66320994,235,3.13,2.87,3.62,5.06,5.53,5.43,5.2,6.06,5.78,6.2,5.77,5.21,5.55,6.710001,6.82,5.920001,5.18,6.27,5.8,5.27,3.82,3.7,4.1,3.04,1.57,0.85,1.1,0.41,-0.7600001,-1.74,-1.79,-2.35,-2.74,-3.54,-4.03,-4.54,-4.77,-5.4,-6.33,-6.059999,-6.21,-6.190001,-6.66,-6.599999,-6.25,-5.75,-5.89,-6.09,-5.73,-5.08,-4.42,-4.27,-4.04,-3.66,-2.68,-2.56,-2.2,-1.7,-1.04,0.24,0.18,0.55,1.76,2.69
-34.0247739,150.66320994,236,3.4,4.01,4.49,5.2,6.01,6.699999,6.94,7.210001,7.619999,8.01,7.93,7.889999,7.649999,7.77,7.369999,7.059999,6.64,6.4,6.12,5.69,5.02,4.52,4.07,3.32,2.41,1.65,1.14,0.38,-0.57,-1.58,-2.42,-2.83,-3.48,-4.34,-5.13,-5.74,-6.06,-6.72,-7.24,-7.71,-7.970001,-8.18,-8.18,-8.28,-8.23,-7.77,-7.33,-7.02,-6.659999,-6.02,-5.34,-4.77,-4.35,-3.82,-3.180001,-2.47,-2.05,-1.72,-1.08,-0.09000001,0.6099999,1.02,1.54,2.46
-34.02477391,150.66320995,237,3.18,4.04,4.06,3.93,5.219999,6.030001,6.400001,6.07,6.199999,7.299999,7.600001,7.190001,6.139999,6.9,6.71,6.6,5.35,5.17,5.93,5.62,4.7,3.59,3.41,3.13,2.43,1.57,0.94,0.17,-0.14,-1.13,-1.79,-2.54,-3.19,-3.83,-4.56,-5.42,-5.94,-5.92,-6.309999,-6.689999,-7.1,-6.919999,-6.829999,-6.9,-7.11,-7.22,-6.219999,-6.06,-5.58,-5.66,-4.92,-4.44,-3.85,-3.65,-2.87,-2.8,-1.84,-1.65,-1.25,-0.48,0.21,0.95,1.16,1.78
-34.02477395,150.66320996,238,3.09,3.85,4.5,4.83,5.619999,6.29,6.6,6.590001,6.79,7.52,7.5,7.02,7.150001,7.239999,7.06,6.56,5.85,5.889999,5.74,5.2,4.38,3.53,3.24,2.66,1.88,1.42,0.4800001,-0.02000002,-0.99,-1.64,-2.35,-2.4,-3.01,-3.67,-4.449999,-5.19,-5.45,-5.77,-6.43,-7.019999,-7.309999,-7.610001,-7.7,-7.75,-7.679999,-7.389999,-6.72,-6.05,-6.1,-5.4,-4.920001,-4.2,-3.97,-3.75,-2.67,-2.28,-1.48,-1.27,-0.8799999,-0.19,0.56,1.14,1.35,2.17
-34.02477397,150.66320994BTM-GG-34.02477396,150.66320995,240,2.84,3.58,4.23,4.52,5.15,5.66,6.13,6.159999,6.56,6.679999,6.87,6.91,6.789999,6.55,6.59,6.53,6.33,6.009999,5.72,5.5,5.13,4.58,3.9,3.41,2.7,1.7,1.02,0.2,-0.6299999,-1.59,-2.41,-3.23,-3.85,-4.3,-4.89,-5.42,-5.889999,-6.09,-6.52,-6.77,-7.139999,-7.319999,-7.43,-7.23,-7.26,-6.949999,-6.639999,-6.29,-5.8,-5.44,-4.860001,-4.28,-3.57,-3.29,-2.77,-2.13,-1.6,-1.18,-0.8,-0.16,0.39,1.04,1.63,2.26
-34.02477395,150.66320994,241,3.08,3.75,4.17,4.5,5.1,5.52,5.97,6.04,6.28,6.65,7.06,7.11,6.94,6.96,7.04,6.72,6.09,5.65,5.21,4.82,4.13,3.37,2.75,2.39,1.99,1.28,0.43,-0.03000001,-0.29,-0.95,-1.75,-2.47,-3.05,-3.66,-4.42,-5.24,-5.88,-6.22,-6.53,-6.839999,-7.01,-6.86,-6.8,-6.64,-6.55,-6.329999,-5.849999,-5.67,-5.569999,-5.34,-4.72,-4.25,-3.9,-3.76,-3.19,-2.54,-1.84,-1.38,-0.98,-0.2,0.6,1.24,1.68,2.32
-34.02477393,150.66320993,242,2.26,3.06,3.59,3.89,3.84,4.36,5.180001,5.440001,5.18,5.32,5.89,6.22,6.010001,5.65,5.48,5.56,5.17,4.650001,4.14,4.25,3.8,2.97,1.94,1.62,1.39,1.13,0.009999973,-0.19,-0.28,-0.5,-0.87,-1.57,-2.09,-2.17,-2.92,-3.83,-4.98,-5.39,-5.39,-5.73,-6.35,-6.57,-6.1,-5.01,-5.29,-5.240001,-4.83,-4.52,-4.28,-4.05,-4.24,-3.62,-3.26,-3.17,-3.14,-2.52,-1.65,-1.23,-1.0,-0.53,0.52,1.37,1.58,1.99
-34.02477391,150.66320994,243,3.04,3.85,4.71,5.25,5.660001,6.29,6.62,6.909999,7.02,7.08,7.329999,7.44,7.44,7.24,7.16,7.140001,6.7,6.12,5.62,5.27,4.37,3.58,2.93,2.29,1.92,1.18,0.52,-0.01000001,-0.49,-1.03,-1.75,-2.43,-2.93,-3.47,-4.389999,-5.13,-5.71,-6.290001,-6.99,-7.659999,-7.87,-7.750001,-7.64,-7.609999,-7.26,-6.900001,-6.440001,-6.120001,-5.86,-5.55,-4.98,-4.39,-4.0,-3.61,-3.13,-2.59,-2.18,-1.78,-1.36,-0.5500001,0.22,1.07,1.73,2.33
-34.02476797,150.6632106,244,2.55,3.57,4.51,5.43,5.809999,5.699999,6.139999,7.0,7.529999,7.529999,7.8,7.94,8.27,8.07,8.47,7.4,7.81,8.16,7.150001,5.53,5.31,4.72,4.32,3.21,1.64,1.34,0.87,0.15,-1.13,-1.39,-1.21,-1.5,-2.55,-3.73,-3.289999,-3.56,-4.7,-6.17,-7.100001,-7.559999,-6.59,-7.68,-8.900001,-8.340001,-8.059999,-8.019998,-8.889998,-7.9,-7.090001,-6.71,-6.479999,-5.93,-5.09,-4.18,-3.55,-3.34,-3.14,-1.98,-1.09,-0.79,-0.56,0.36,1.83,2.54
-34.02476408,150.66320809,246,3.12,3.5,4.22,5.059999,5.62,5.83,6.09,6.229999,6.53,6.61,6.759999,6.28,6.35,6.51,6.409999,5.98,5.65,5.51,5.01,4.63,4.04,3.53,3.11,2.21,1.85,0.93,0.74,0.17,-0.17,-0.9700001,-1.45,-1.95,-2.89,-3.35,-4.17,-4.68,-5.3,-5.98,-6.59,-6.48,-6.69,-6.84,-7.25,-7.42,-6.969999,-6.6,-6.399999,-6.4,-5.79,-4.94,-4.46,-4.04,-3.8,-3.33,-2.57,-1.98,-1.67,-1.21,-0.79,-0.28,0.27,0.75,1.62,2.62
-34.02476111,150.66321048,247,3.36,4.3,4.27,4.16,4.88,5.93,6.22,5.89,5.85,6.29,6.46,6.28,5.88,5.969999,6.24,6.269999,5.789999,5.23,5.49,5.059999,4.2,3.1,2.7,2.4,1.86,1.0,0.02000001,-0.18,-0.3,-0.72,-1.99,-1.92,-2.11,-2.39,-3.68,-5.079999,-4.55,-5.07,-6.05,-6.82,-7.17,-7.02,-6.499999,-7.07,-7.599999,-6.929999,-6.3,-5.6,-5.650001,-5.28,-4.18,-3.69,-3.61,-3.7,-2.83,-1.78,-1.64,-1.66,-1.42,-0.19,0.9499999,1.42,1.39,2.17
-34.02475497,150.66321311BTM-GG-34.02475524,150.66321263,249,3.18,4.28,4.88,5.61,5.889999,6.5,7.46,7.31,6.69,7.24,7.509999,7.67,7.140001,6.35,7.13,6.72,6.85,6.15,5.26,5.44,4.77,5.28,4.46,2.9,2.69,1.92,1.47,0.63,-0.44,-1.14,-1.69,-2.38,-3.56,-4.19,-4.78,-5.420001,-6.49,-6.869999,-7.4,-7.450001,-7.63,-8.469999,-7.849999,-7.550001,-7.27,-6.679999,-6.84,-6.14,-5.62,-5.84,-4.9,-4.63,-3.91,-3.71,-4.34,-3.46,-2.86,-1.75,-1.52,-1.92,-0.42,0.97,2.29,2.57
-34.02475662,150.66321088,250,3.24,3.09,3.66,4.61,5.28,5.51,5.39,6.059999,6.39,6.48,6.11,6.14,6.62,7.03,6.529999,5.82,6.42,6.52,5.949999,4.64,4.44,3.49,3.42,2.75,1.73,0.9,0.88,0.33,-0.69,-1.55,-1.97,-2.0,-2.61,-3.46,-4.16,-4.16,-4.64,-5.22,-5.9,-6.53,-6.57,-6.6,-6.93,-7.15,-6.89,-6.49,-6.61,-6.61,-6.099999,-5.559999,-5.06,-4.97,-4.71,-3.81,-2.77,-2.38,-1.99,-1.6,-0.07,0.17,0.6399999,0.72,1.91,3.04
-34.02475813,150.66321022,251,3.25,3.87,4.530001,5.11,5.41,5.49,5.82,6.44,6.549999,6.509999,6.64,6.74,6.920001,6.86,6.72,6.76,6.55,6.599999,6.04,5.43,5.18,4.49,4.0,3.41,2.49,2.11,1.12,0.03000002,-0.65,-1.4,-1.89,-2.16,-3.25,-4.33,-4.36,-4.74,-5.15,-6.1,-6.46,-6.670001,-7.26,-7.56,-7.940001,-7.51,-7.16,-7.3,-7.060001,-6.39,-5.89,-5.59,-5.22,-5.03,-4.13,-3.64,-3.19,-2.87,-2.61,-1.94,-1.09,-0.34,0.18,0.89,1.77,2.72
-34.02475759,150.66321129,252,3.27,3.75,4.2,4.69,5.12,5.53,5.74,6.090001,6.5,6.7,6.65,6.92,7.14,7.1,6.88,6.42,6.0,5.63,5.11,4.61,3.77,3.14,2.77,2.31,1.77,1.23,0.8,0.34,-0.27,-1.07,-1.8,-2.5,-3.14,-3.76,-4.59,-5.28,-5.69,-6.059999,-6.42,-6.71,-6.85,-6.83,-6.73,-6.550001,-6.53,-6.2,-5.999999,-5.53,-5.53,-5.23,-4.979999,-4.47,-4.14,-3.76,-3.32,-2.73,-2.14,-1.55,-0.9300001,-0.16,0.55,1.24,2.11,2.73
-34.02475718,150.66321141,253,1.56,2.38,3.599999,4.059999,3.76,4.02,5.170001,5.56,5.55,5.75,6.209999,8.08,6.77,5.9,5.65,7.559999,6.629999,5.06,4.2,4.57,4.76,3.97,2.68,1.75,2.86,1.96,-0.05999997,-0.75,-0.3800002,-0.5300002,-1.0,-2.35,-3.3,-2.52,-3.11,-4.300001,-5.400001,-4.98,-4.960001,-5.73,-6.66,-7.5,-6.649999,-6.34,-5.440001,-6.38,-6.740001,-6.13,-5.120001,-4.96,-5.34,-4.59,-2.74,-2.04,-2.64,-3.0,-1.22,-0.02000009,-0.65,-0.35,0.07,1.2,1.38,1.46
-34.0247571,150.66321143,254,3.11,3.99,4.77,5.2,5.420001,5.93,6.449999,6.78,6.729999,6.679999,6.91,7.19,6.99,6.66,6.57,6.73,6.58,6.099999,5.66,5.38,5.1,4.59,3.74,3.05,2.46,1.9,0.9300001,-0.09,-0.76,-1.33,-2.22,-3.13,-3.88,-4.35,-4.82,-5.38,-6.06,-6.42,-6.62,-6.869999,-7.12,-7.36,-7.259999,-6.95,-6.82,-6.87,-6.64,-6.1,-5.68,-5.5,-5.24,-4.94,-4.31,-3.85,-3.45,-3.09,-2.43,-1.46,-0.8599998,-0.33,0.37,1.47,2.06,2.53
-34.02475709,150.66321147BTM-GG-34.02475708,150.66321146,256,3.79,4.31,4.73,5.24,5.880001,6.44,6.68,6.7,6.94,7.150001,7.23,6.959999,6.78,6.829999,6.8,6.36,6.06,5.9,5.8,5.52,4.89,4.37,3.77,3.13,2.44,1.58,0.8599999,0.09,-0.6400001,-1.47,-2.12,-2.87,-3.52,-4.3,-5.02,-5.38,-5.8,-6.25,-6.890001,-7.28,-7.36,-7.4,-7.599999,-7.71,-7.48,-7.13,-6.84,-6.79,-6.48,-5.97,-5.29,-4.910001,-4.44,-3.91,-3.18,-2.48,-2.07,-1.4,-0.7,0.16,0.86,1.56,2.22,3.14
-34.02475703,150.66321149,258,3.57,4.09,3.98,4.289999,5.06,5.73,5.7,5.2,5.37,6.01,6.44,6.12,5.41,6.099999,6.21,6.05,5.54,5.02,5.21,5.05,4.28,3.57,3.07,2.74,1.99,0.85,0.0,-0.18,-0.53,-1.65,-2.67,-3.05,-3.04,-3.51,-4.32,-5.0,-5.01,-4.98,-5.349999,-6.04,-6.35,-6.02,-5.99,-6.37,-6.69,-6.2,-5.829999,-5.48,-5.63,-5.26,-4.39,-3.78,-3.62,-3.59,-2.88,-1.98,-1.44,-1.38,-0.91,0.12,1.04,1.24,1.42,2.39
-34.024757,150.66321153,259,2.34,3.17,3.64,3.95,4.23,4.74,5.2,5.28,5.38,5.66,5.73,6.02,6.26,6.39,5.77,5.62,5.69,5.86,4.85,4.43,4.119999,3.96,2.84,2.09,1.76,0.77,1.12,0.11,-0.89,-0.97,-1.42,-1.65,-2.46,-3.15,-3.89,-3.89,-4.58,-5.0,-5.7,-6.6,-6.49,-6.850001,-6.960001,-7.14,-6.449999,-5.41,-5.49,-5.55,-5.48,-4.64,-4.12,-3.85,-3.35,-2.32,-1.74,-1.69,-1.37,-1.22,-0.7100001,-0.17,0.29,0.68,1.46,1.81
-34.024757,150.66321151,260,1.73,2.27,2.64,3.2,3.809999,4.34,4.95,5.47,5.27,5.48,5.73,6.6,5.41,5.04,5.09,6.48,6.6,4.76,3.94,4.29,4.08,3.17,2.29,2.3,1.81,1.16,0.1,-0.39,0.4400001,-0.6199999,-1.6,-1.93,-2.11,-1.36,-2.81,-3.06,-3.83,-4.66,-4.31,-5.02,-5.4,-5.67,-6.480001,-6.0,-6.33,-6.57,-6.77,-6.5,-5.1,-4.72,-4.56,-3.79,-2.03,-2.45,-2.52,-2.11,-0.5900001,-0.3499999,-0.76,-0.5800001,-0.02000003,0.2700002,1.2,1.35
-34.02475698,150.6632115,261,4.98,4.590001,4.69,4.76,5.17,5.71,6.5,6.600001,6.819999,7.13,8.05,7.559999,7.360001,7.57,8.200001,8.28,7.13,6.160001,7.03,6.84,5.59,4.18,3.25,4.26,3.17,1.53,0.04999993,-0.6,-0.17,-1.41,-2.65,-3.2,-4.12,-4.62,-5.55,-6.3,-6.199999,-5.5,-6.88,-7.73,-8.1,-6.329999,-6.740001,-7.42,-8.099999,-7.610001,-5.570001,-6.129999,-6.82,-7.12,-6.75,-5.75,-5.55,-4.91,-4.4,-3.660001,-1.91,-1.98,-1.9,0.25,1.2,1.75,1.51,3.17
-34.02475478,150.66321393BTM-GG-34.02475197,150.66321535,263,3.13,3.41,3.83,4.92,5.58,5.52,5.559999,6.0,6.58,6.610001,6.61,6.49,6.93,6.91,6.53,6.22,6.04,5.63,5.12,4.68,4.07,3.99,3.28,2.75,1.9,1.68,0.9800001,0.45,-0.05,-1.02,-1.74,-2.28,-3.190001,-3.83,-4.46,-5.04,-5.73,-6.49,-6.789999,-6.98,-7.23,-7.02,-6.840001,-6.57,-6.4,-6.48,-6.03,-6.19,-5.68,-5.67,-5.42,-5.190001,-4.52,-3.66,-3.13,-2.5,-1.81,-1.07,-0.18,0.52,1.06,1.67,2.37,2.75
-34.02475314,150.6632139,264,3.19,3.94,4.340001,4.6,5.11,5.800001,6.28,6.36,6.52,6.829999,7.149999,7.160001,7.0,7.01,6.940001,6.82,6.25,5.84,5.56,5.33,4.7,3.93,3.51,3.03,2.32,1.4,0.7,0.14,-0.4,-1.24,-2.2,-2.8,-3.28,-3.81,-4.71,-5.23,-5.460001,-5.74,-6.26,-6.75,-6.93,-6.96,-6.95,-7.12,-7.279999,-7.05,-6.71,-6.69,-6.630001,-6.23,-5.69,-4.79,-4.2,-3.68,-3.27,-2.31,-1.74,-1.28,-0.9000001,-0.11,0.8400001,1.53,1.84,2.32
-34.02475564,150.66321641,266,3.33,3.41,4.06,5.320001,5.860001,5.82,5.98,6.96,7.59,7.44,7.089999,7.049999,7.519999,7.49,7.039999,6.37,6.500001,6.72,6.110001,5.049999,4.53,4.55,4.09,2.93,1.9,1.63,1.25,0.32,-1.12,-1.94,-2.23,-2.59,-3.92,-5.2,-5.28,-5.04,-5.44,-6.57,-6.95,-6.59,-6.29,-6.93,-7.78,-7.66,-6.99,-6.74,-7.24,-7.340001,-6.6,-5.51,-5.449999,-5.75,-5.02,-3.55,-2.69,-2.82,-2.49,-1.2,-0.01999997,0.35,0.47,1.09,2.38,3.19
-34.02475843,150.66321823,267,2.07,2.93,3.92,4.37,3.86,3.45,4.719999,4.92,4.79,4.49,4.42,5.400001,5.620001,5.47,5.87,5.869999,5.869999,5.95,4.77,4.08,4.73,4.15,2.96,1.75,1.6,1.75,0.71,-0.09000003,-0.72,-0.8700001,-1.49,-2.18,-2.87,-3.26,-3.62,-4.22,-4.92,-5.3,-5.39,-5.599999,-5.83,-5.98,-5.940001,-5.52,-5.22,-5.14,-5.38,-5.25,-4.75,-4.46,-4.16,-4.04,-3.45,-3.27,-2.98,-2.44,-1.79,-0.5699999,-0.21,-0.37,-0.11,1.78,2.36,2.48
-34.02475787,150.66322004BTM-GG-34.02475673,150.6632221,269,3.61,4.51,5.2,5.73,6.05,6.41,6.899999,7.389999,7.679999,7.819999,7.929999,8.01,8.17,8.160001,8.119999,7.84,7.35,7.16,6.79,6.280001,5.61,5.22,4.77,3.89,3.02,2.22,1.42,0.48,-0.7,-1.7,-2.39,-3.25,-4.14,-5.02,-5.84,-6.25,-6.6,-7.23,-7.57,-7.63,-7.670001,-7.93,-8.059999,-7.99,-7.97,-7.720001,-7.6,-7.28,-6.86,-6.73,-6.4,-5.920001,-5.52,-4.62,-3.99,-3.3,-2.63,-1.72,-1.0,-0.4900001,0.28,1.28,2.0,2.7
-34.02475658,150.66322275,270,3.64,3.36,4.38,5.56,5.910001,5.52,5.55,6.25,6.91,6.869999,6.57,6.860001,7.44,7.48,6.94,6.17,6.89,7.03,5.84,4.96,4.63,4.590001,3.81,2.44,0.89,0.48,0.6599999,-0.15,-1.67,-2.35,-2.27,-1.91,-2.97,-4.58,-4.73,-4.99,-4.95,-6.42,-7.089999,-6.799999,-6.32,-6.85,-7.71,-7.24,-6.58,-6.13,-6.53,-6.76,-5.859999,-4.93,-4.83,-5.009999,-4.47,-3.58,-2.71,-2.42,-2.19,-1.65,-0.43,0.25,0.39,0.6599999,1.99,3.19
-34.02475674,150.6632228,271,3.05,3.8,4.64,5.3,5.52,5.84,6.45,6.78,6.84,6.67,6.909999,7.390001,7.41,7.26,7.05,6.97,7.130001,6.76,6.059999,5.38,4.97,4.54,3.56,2.46,1.66,1.24,0.55,-0.45,-1.5,-1.98,-2.19,-2.89,-3.75,-4.47,-4.71,-4.92,-5.65,-6.59,-7.02,-7.099999,-7.4,-7.89,-7.929999,-7.43,-7.02,-6.800001,-6.85,-6.48,-5.75,-5.19,-5.07,-4.86,-4.0,-2.98,-2.6,-2.61,-2.0,-1.04,-0.5,-0.25,0.29,1.28,2.13,2.72
-34.02475684,150.66322284,272,3.49,4.4,5.02,5.31,5.68,6.5,7.06,7.2,7.090001,7.39,7.78,7.63,7.27,6.760001,7.06,7.259999,6.830001,5.78,5.36,5.31,4.93,3.72,2.63,2.31,2.23,1.48,0.46,-0.00999999,-0.14,-0.6100001,-2.01,-2.87,-3.2,-3.34,-4.29,-5.670001,-6.240001,-6.429999,-6.68,-7.56,-8.290001,-8.17,-7.58,-7.61,-7.96,-7.77,-6.870001,-6.12,-6.1,-6.1,-5.43,-4.46,-4.04,-4.11,-3.82,-2.91,-1.85,-1.39,-1.13,-0.4,0.73,1.59,1.88,2.46
-34.02475688,150.66322289,273,2.72,3.51,3.51,5.22,5.31,5.28,5.13,6.25,5.800001,5.85,5.96,5.96,5.64,6.15,5.82,5.27,4.67,5.380001,5.01,4.56,3.96,5.110001,3.9,3.22,2.78,2.44,2.21,1.77,0.38,0.02000005,-1.11,-1.35,-2.0,-3.45,-4.28,-4.139999,-5.03,-5.740001,-6.04,-6.200001,-6.609999,-6.71,-7.0,-6.43,-6.28,-5.58,-6.24,-6.05,-5.47,-5.13,-4.73,-4.68,-4.43,-3.82,-3.5,-2.9,-2.84,-2.38,-1.25,-0.49,0.28,0.15,1.01,1.69
-34.02475892,150.66322391BTM-GG-34.02475798,150.66322088,275,2.96,3.57,4.54,5.409999,5.82,6.139999,6.96,7.59,7.75,7.469999,7.61,8.0,8.15,7.69,7.13,6.99,7.17,6.62,5.789999,5.11,5.05,4.73,3.87,2.94,2.19,1.62,0.8200001,-0.37,-1.26,-1.55,-1.99,-3.13,-4.0,-4.329999,-4.3,-5.27,-6.1,-6.61,-6.8,-6.41,-7.01,-7.49,-7.559999,-7.53,-7.510001,-7.580001,-7.71,-7.4,-6.76,-6.389999,-6.01,-5.55,-4.72,-3.76,-3.14,-2.85,-2.25,-1.3,-0.37,-0.09,0.2900001,1.02,1.95,2.64
-34.02477207,150.66321804,277,2.85,3.42,4.1,4.42,4.71,5.37,6.130001,6.65,6.809999,7.0,7.52,7.81,7.73,7.37,7.16,7.2,6.970001,6.18,5.44,4.9,4.35,3.57,2.76,2.13,1.7,1.28,0.6,-0.09,-0.53,-0.85,-1.62,-2.47,-3.32,-3.61,-4.12,-4.88,-5.67,-5.9,-6.0,-6.44,-6.78,-7.05,-7.11,-7.11,-7.26,-7.26,-7.179999,-6.66,-6.48,-6.47,-6.0,-5.16,-4.45,-4.02,-3.54,-2.66,-1.61,-0.79,-0.32,0.2,0.93,1.81,2.32,2.47
-34.0247811,150.6632116,278,3.57,3.88,4.84,5.679999,5.95,5.919999,6.28,7.05,7.460001,7.43,7.25,7.429999,7.859999,7.73,7.239999,6.89,6.99,6.96,6.32,5.47,5.04,4.76,4.21,3.22,2.18,1.63,1.13,0.19,-1.12,-1.97,-2.59,-3.21,-4.23,-5.17,-5.490001,-5.679999,-6.07,-6.95,-7.23,-7.010001,-6.88,-7.3,-7.64,-7.45,-6.96,-6.86,-7.069999,-6.969999,-6.429999,-5.84,-5.820001,-5.71,-5.059999,-4.09,-3.44,-3.18,-2.6,-1.52,-0.48,0.23,0.5,1.24,2.32,3.28
-34.02478458,150.66320802,279,2.25,2.55,3.71,4.699999,4.75,4.67,5.07,5.66,6.139999,5.78,5.64,6.619999,7.09,6.29,5.54,6.29,6.63,6.51,5.090001,3.81,4.38,4.28,3.48,1.99,1.7,1.81,0.9700001,0.14,-0.5200001,-0.83,-0.8000001,-1.89,-2.779999,-4.02,-4.22,-4.82,-5.429999,-6.23,-6.59,-6.17,-5.78,-6.9,-6.9,-6.609999,-6.05,-5.94,-6.209999,-6.099999,-5.5,-4.31,-4.47,-4.74,-4.29,-2.75,-2.9,-2.74,-2.15,-0.73,0.28,-0.08999996,-0.19,1.55,2.48,2.29
-34.02478482,150.66320346,280,2.47,2.98,3.48,3.36,3.68,4.18,4.669999,4.529999,4.449999,4.8,4.86,5.18,4.869999,5.0,5.15,5.23,4.820001,4.43,4.200001,4.770001,4.26,3.04,2.19,1.83,2.16,1.25,0.24,-0.25,-0.36,-0.84,-1.73,-2.37,-2.41,-3.13,-3.16,-4.22,-4.820001,-4.53,-4.32,-4.96,-5.640001,-5.91,-5.77,-5.63,-5.99,-5.77,-4.7,-4.45,-4.43,-4.37,-3.84,-2.97,-2.789999,-2.9,-2.41,-1.47,-0.92,-0.36,-0.64,-0.03000002,1.3,1.48,1.47,1.95
-34.02478316,150.66320376BTM-GG-34.02478262,150.66320157,282,3.77,3.29,4.13,5.25,7.26,5.41,4.98,5.95,7.88,6.77,5.989999,6.39,7.049999,7.16,6.83,5.99,5.96,6.31,6.46,4.71,4.01,3.9,5.32,3.16,1.51,0.7,1.89,0.92,-1.24,-2.68,-2.44,-1.75,-3.85,-5.5,-5.079999,-5.25,-5.159999,-6.8,-7.55,-7.07,-5.630001,-7.140001,-7.28,-7.33,-5.28,-5.530001,-6.22,-6.72,-6.11,-4.2,-4.65,-5.12,-4.89,-4.0,-2.56,-2.97,-2.86,-1.84,-0.35,0.58,0.06999999,0.4400001,1.76,3.82
-34.02478126,150.66320202,283,2.62,3.4,4.02,4.43,4.88,5.32,5.77,6.17,6.27,6.21,6.17,6.34,6.28,5.9,5.73,5.58,5.39,5.03,4.71,4.41,4.09,3.53,2.97,2.53,2.1,1.59,0.74,-0.06999999,-0.7,-1.17,-1.98,-2.8,-3.42,-3.79,-4.18,-4.67,-5.130001,-5.37,-5.550001,-5.809999,-6.2,-6.31,-6.289999,-6.17,-6.24,-6.31,-6.27,-5.59,-5.25,-5.059999,-4.67,-4.02,-3.52,-2.97,-2.67,-2.01,-1.49,-0.95,-0.6099999,-0.22,0.47,1.18,1.7,2.02
-34.02478212,150.6632002,284,3.11,3.38,3.39,3.83,4.61,5.01,4.87,4.579999,5.12,5.34,5.24,5.02,5.09,5.39,5.32,5.04,4.7,5.099999,4.94,4.09,3.52,3.09,3.1,2.29,1.29,0.51,0.05999998,0.2,-0.41,-1.56,-2.42,-2.61,-2.52,-2.97,-3.81,-4.35,-4.329999,-4.87,-5.7,-6.12,-6.17,-5.62,-6.05,-6.08,-6.02,-5.19,-4.53,-4.57,-4.44,-3.48,-2.93,-2.74,-2.77,-2.62,-2.27,-1.67,-1.53,-1.36,-0.59,0.48,0.91,0.96,1.31,2.24
-34.02478888,150.66319991,285,3.89,4.53,5.07,5.71,6.29,6.76,7.039999,7.33,7.479999,7.98,8.25,8.319999,8.28,8.160001,8.24,7.940001,7.41,6.860001,6.83,6.34,5.579999,4.77,3.88,3.27,2.56,1.69,0.79,0.16,-0.65,-1.39,-2.42,-3.37,-4.13,-4.87,-5.62,-6.309999,-7.15,-7.66,-7.81,-8.24,-8.71,-8.56,-8.11,-7.88,-7.93,-7.68,-7.17,-6.699999,-6.51,-6.35,-5.95,-5.4,-4.84,-4.349999,-3.93,-3.31,-2.55,-1.7,-0.9,-0.18,0.6400001,1.45,2.2,2.98
-34.02479771,150.66320941,286,2.89,3.61,3.93,4.24,4.84,5.610001,6.14,6.249999,6.42,6.960001,7.4,7.390001,6.93,7.119999,6.93,6.6,5.99,5.4,5.01,4.48,3.83,2.98,2.31,1.87,1.42,1.02,0.2,0.2,-0.36,-1.5,-2.22,-2.77,-2.61,-3.23,-4.16,-4.81,-5.12,-5.61,-5.71,-6.460001,-7.18,-6.95,-6.65,-6.900001,-7.02,-6.299999,-5.51,-5.27,-5.61,-5.47,-4.83,-4.380001,-4.130001,-3.85,-3.64,-2.61,-1.56,-1.0,-0.9599999,0.05000001,1.07,1.5,1.77,2.2
