ID,S1,S2,S3,S4,S5,S6,S7,S8,S9,S10,S11,S12,S13,S14,S15,S16,S17,S18,S19,S20,S21,S22,S23,S24,S25,S26,S27,S28,S29,S30,S31,S32,S33,S34,S35,S36,S37,S38,S39,S40,S41,S42,S43,S44,S45,S46,S47,S48,S49,S50,S51,S52,S53,S54,S55,S56,S57,S58,S59,S60,S61,S62,S63,S64
0,2.01,2.49,3.04,3.53,4.11,4.53,5.0,5.110001,5.08,5.04,5.0,5.02,5.08,5.0,4.92,4.840001,4.62,4.42,4.030001,3.700001,3.31,2.96,2.63,2.22,1.78,1.29,0.69,0.08000001,-0.55,-1.2,-1.82,-2.38,-2.7,-3.05,-3.44,-3.74,-3.96,-4.22,-4.37,-4.69,-4.9,-5.2,-5.380001,-5.46,-5.44,-5.309999,-5.04,-4.73,-4.53,-4.12,-3.85,-3.52,-3.25,-2.82,-2.38,-1.87,-1.32,-0.61,-0.17,0.21,0.46,0.8400001,1.23,1.58
1,1.24,1.73,2.18,2.67,3.08,3.58,3.98,4.35,4.61,4.7,4.81,4.91,5.03,5.02,5.11,5.12,5.179999,5.09,4.909999,4.62,4.33,3.88,3.47,2.88,2.64,2.23,1.92,1.29,0.77,0.24,-0.44,-1.03,-1.69,-2.2,-2.71,-3.06,-3.33,-3.57,-3.78,-3.960001,-4.25,-4.59,-4.88,-5.02,-5.259999,-5.430001,-5.380001,-5.41,-5.309999,-5.14,-4.8,-4.4,-3.920001,-3.41,-2.97,-2.61,-2.22,-1.84,-1.51,-1.16,-0.7100001,-0.25,0.26,0.7300001
2,1.45,2.02,2.39,2.84,3.01,3.32,3.53,3.96,4.25,4.68,5.02,5.309999,5.44,5.52,5.47,5.12,5.15,4.91,4.630001,4.31,4.180001,3.93,3.68,3.33,2.87,2.34,1.77,1.09,0.41,-0.2,-0.77,-1.1,-1.49,-1.78,-2.08,-2.35,-2.83,-3.36,-4.09,-4.48,-4.83,-5.07,-5.06,-5.059999,-5.11,-5.13,-5.12,-5.19,-5.16,-4.91,-4.619999,-4.43,-3.98,-3.56,-3.24,-2.86,-2.43,-2.1,-1.72,-1.24,-0.8,-0.25,0.27,1.01
3,0.89,1.5,2.1,2.7,3.39,4.08,4.43,4.58,4.61,4.6,4.57,4.6,4.759999,5.01,5.42,5.64,5.780001,5.7,5.469999,4.909999,4.37,3.6,3.120001,2.67,2.34,1.98,1.78,1.49,1.0,0.41,-0.38,-1.08,-1.77,-2.27,-2.74,-3.06,-3.35,-3.45,-3.72,-4.03,-4.48,-4.84,-5.31,-5.73,-5.76,-5.659999,-5.36,-5.009999,-4.64,-4.45,-4.2,-4.11,-4.02,-3.97,-3.74,-3.29,-2.55,-2.07,-1.43,-0.85,-0.39,0.01,0.32,0.55
4,1.43,1.84,2.21,2.63,2.84,3.15,3.500001,3.840001,4.32,4.73,5.13,5.27,5.49,5.42,5.38,5.199999,5.01,4.73,4.58,4.3,4.0,3.720001,3.5,3.32,2.85,2.28,1.77,1.2,0.5,-0.05,-0.6,-1.04,-1.46,-1.91,-2.36,-2.74,-3.28,-3.78,-4.2,-4.43,-4.659999,-4.76,-4.71,-4.6,-4.579999,-4.76,-4.88,-5.11,-5.17,-5.059999,-4.89,-4.63,-4.22,-3.670001,-3.14,-2.68,-2.24,-1.85,-1.52,-1.16,-0.8,-0.29,0.28,0.92
5,0.9,1.24,1.86,2.45,3.14,3.690001,4.07,4.33,4.61,4.61,4.72,4.8,4.900001,5.05,5.21,5.3,5.28,5.21,4.89,4.55,3.93,3.4,2.88,2.55,2.28,2.09,1.67,1.26,0.8,0.23,-0.4299999,-1.18,-1.76,-2.08,-2.38,-2.72,-2.81,-3.15,-3.45,-3.95,-4.35,-4.79,-5.19,-5.47,-5.550001,-5.52,-5.28,-4.99,-4.72,-4.460001,-4.4,-4.22,-4.04,-3.78,-3.47,-2.96,-2.41,-1.69,-1.14,-0.58,-0.08,0.23,0.39,0.6
6,0.91,1.42,1.92,2.41,2.96,3.46,3.84,4.22,4.47,4.65,4.83,4.99,5.04,5.16,5.18,5.23,5.13,4.87,4.61,4.11,3.73,3.45,3.22,3.07,2.8,2.43,1.94,1.46,0.91,0.12,-0.6599999,-1.44,-2.01,-2.43,-2.66,-2.88,-3.01,-3.26,-3.55,-3.97,-4.3,-4.67,-4.89,-4.93,-4.96,-4.829999,-4.8,-4.78,-4.8,-4.71,-4.7,-4.5,-4.3,-3.88,-3.45,-2.83,-2.18,-1.54,-1.01,-0.5700001,-0.21,0.009999983,0.23,0.48
7,1.44,2.05,2.55,2.92,3.3,3.66,3.86,4.12,4.19,4.4,4.63,4.97,5.11,5.27,5.38,5.3,5.14,4.83,4.55,4.25,4.01,3.6,3.35,2.94,2.58,2.0,1.64,1.17,0.6,-0.01,-0.6700001,-1.16,-1.64,-2.03,-2.49,-2.78,-3.24,-3.54,-3.9,-4.22,-4.67,-4.92,-5.289999,-5.37,-5.41,-5.35,-5.22,-5.05,-4.640001,-4.26,-4.08,-3.900001,-3.68,-3.52,-3.16,-2.84,-2.36,-1.99,-1.53,-1.01,-0.6599999,-0.23,0.33,0.95
8,0.77,1.5,2.13,2.92,3.39,3.93,4.19,4.36,4.38,4.409999,4.509999,4.79,4.99,5.15,5.27,5.3,5.31,4.94,4.71,4.22,3.91,3.58,3.21,2.85,2.44,2.01,1.57,1.1,0.46,0.07999998,-0.47,-0.92,-1.43,-1.8,-2.37,-2.79,-3.41,-3.91,-4.31,-4.590001,-4.77,-4.89,-4.84,-4.81,-4.68,-4.69,-4.74,-4.88,-4.8,-4.96,-4.74,-4.62,-4.1,-3.58,-3.08,-2.65,-2.08,-1.59,-1.23,-0.8599999,-0.58,-0.29,0.01,0.4
9,0.99,1.57,2.05,2.589999,3.12,3.57,3.93,4.18,4.35,4.51,4.690001,4.76,4.98,5.2,5.38,5.36,5.38,4.99,4.61,4.05,3.63,3.26,2.85,2.61,2.399999,2.15,2.0,1.71,1.07,0.36,-0.3899999,-1.06,-1.73,-2.25,-2.7,-2.97,-3.24,-3.5,-3.83,-4.210001,-4.53,-4.86,-4.98,-5.15,-5.11,-5.17,-4.88,-4.77,-4.650001,-4.570001,-4.53,-4.420001,-4.21,-3.87,-3.44,-2.79,-2.26,-1.73,-1.26,-0.72,-0.33,-0.02,0.35,0.6399999
10,1.35,1.76,2.22,2.6,3.04,3.45,3.9,4.15,4.44,4.67,4.840001,4.93,4.98,4.98,4.87,4.87,4.81,4.64,4.55,4.38,4.13,3.78,3.31,2.9,2.29,1.79,1.24,0.68,0.22,-0.09,-0.4299999,-0.83,-1.12,-1.66,-2.16,-2.83,-3.4,-3.94,-4.3,-4.699999,-4.849999,-5.01,-5.11,-4.98,-4.76,-4.710001,-4.51,-4.5,-4.49,-4.44,-4.42,-4.25,-3.870001,-3.41,-3.07,-2.73,-2.4,-1.86,-1.49,-0.98,-0.55,-0.17,0.4,0.79
11,1.23,1.56,1.86,2.26,2.67,3.32,3.820001,4.4,4.75,5.07,5.25,5.33,5.14,5.04,4.880001,4.87,4.900001,4.819999,4.72,4.63,4.6,4.2,3.66,3.1,2.47,1.84,1.28,0.72,0.3,-0.08,-0.43,-0.88,-1.33,-1.77,-2.32,-2.85,-3.3,-3.59,-3.98,-4.25,-4.460001,-4.61,-4.87,-5.04,-5.22,-5.289999,-5.210001,-5.110001,-4.98,-4.77,-4.47,-4.24,-3.910001,-3.66,-3.34,-3.07,-2.68,-2.16,-1.62,-1.09,-0.47,0.07999998,0.61,0.96
12,1.33,1.72,2.11,2.34,2.89,3.2,3.72,4.110001,4.64,4.99,5.3,5.41,5.33,5.23,5.09,4.96,4.77,4.699999,4.4,4.26,3.99,3.76,3.5,3.11,2.67,2.18,1.82,1.22,0.72,0.17,-0.28,-0.9300001,-1.46,-2.04,-2.5,-3.05,-3.34,-3.61,-3.93,-4.15,-4.31,-4.55,-4.84,-4.98,-5.22,-5.38,-5.43,-5.33,-5.22,-4.970001,-4.6,-4.22,-3.87,-3.45,-3.13,-2.7,-2.43,-1.95,-1.52,-1.11,-0.61,2.04891e-08,0.47,0.83
13,1.41,1.83,2.21,2.53,2.95,3.36,3.86,4.19,4.52,4.78,5.03,5.150001,5.280001,5.15,5.05,4.919999,4.809999,4.75,4.47,4.35,4.15,3.91,3.42,2.95,2.39,1.77,1.22,0.9,0.35,-0.02,-0.36,-0.7000001,-1.2,-1.74,-2.31,-2.81,-3.27,-3.87,-4.23,-4.57,-4.67,-4.85,-4.84,-5.01,-5.070001,-5.06,-5.1,-5.06,-4.889999,-4.55,-4.24,-3.93,-3.630001,-3.33,-3.070001,-2.74,-2.44,-1.94,-1.49,-1.07,-0.5599999,-0.07,0.46,0.9800001
14,1.24,1.74,2.25,2.84,3.27,3.63,3.89,4.170001,4.39,4.72,4.85,5.13,5.2,5.23,5.329999,5.16,4.989999,4.63,4.27,3.98,3.8,3.54,3.39,3.16,2.91,2.49,1.95,1.21,0.44,-0.3100001,-1.03,-1.72,-2.1,-2.39,-2.51,-2.56,-2.76,-2.97,-3.43,-3.87,-4.53,-5.1,-5.460001,-5.51,-5.5,-5.639999,-5.19,-4.77,-4.65,-4.4,-4.21,-4.16,-3.910001,-3.74,-3.36,-2.799999,-2.29,-1.8,-1.38,-0.9,-0.41,0.00999999,0.34,0.7900001
15,1.46,1.82,2.2,2.7,3.06,3.43,3.7,4.06,4.35,4.68,4.85,5.0,5.15,5.25,5.14,5.05,4.93,4.79,4.66,4.47,4.08,3.650001,3.21,2.7,2.24,1.71,1.39,1.1,0.74,0.37,-0.15,-0.6599999,-1.27,-1.95,-2.74,-3.28,-3.59,-3.85,-4.04,-4.15,-4.28,-4.26,-4.53,-4.88,-5.06,-5.289999,-5.320001,-5.19,-4.99,-4.71,-4.26,-3.960001,-3.680001,-3.28,-2.97,-2.71,-2.41,-2.21,-1.77,-1.19,-0.72,-0.18,0.3599999,1.01
16,1.04,1.28,1.6,2.24,2.77,3.35,3.79,4.25,4.57,4.87,5.03,5.04,5.07,5.01,4.85,4.71,4.74,4.8,4.77,4.54,4.38,3.97,3.52,2.98,2.47,1.93,1.51,1.06,0.58,0.05,-0.51,-1.01,-1.67,-2.28,-2.71,-2.87,-3.15,-3.3,-3.65,-3.88,-4.33,-4.67,-5.139999,-5.42,-5.47,-5.469999,-5.24,-5.03,-4.610001,-4.3,-4.12,-4.13,-4.06,-3.7,-3.23,-2.82,-2.16,-1.69,-0.9799999,-0.53,-0.19,0.21,0.55,0.8
17,1.14,1.6,2.1,2.61,3.05,3.58,3.940001,4.29,4.51,4.77,4.860001,5.01,5.04,5.11,5.03,5.02,4.96,4.82,4.56,4.190001,3.93,3.55,3.27,2.84,2.55,2.14,1.68,1.21,0.73,0.1,-0.46,-1.0,-1.47,-1.91,-2.3,-2.66,-3.19,-3.620001,-3.99,-4.34,-4.57,-4.77,-5.01,-5.03,-5.18,-5.13,-5.22,-5.03,-4.93,-4.76,-4.55,-4.33,-3.89,-3.6,-3.14,-2.75,-2.27,-1.84,-1.4,-1.12,-0.51,-0.11,0.42,0.8099999
18,1.67,2.26,2.59,2.94,3.19,3.55,3.8,4.1,4.38,4.6,4.83,4.99,5.190001,5.23,5.24,5.12,4.96,4.77,4.56,4.38,4.13,3.82,3.430001,3.0,2.57,2.14,1.66,1.07,0.5299999,0.05,-0.49,-1.04,-1.56,-2.09,-2.49,-2.97,-3.37,-3.65,-4.0,-4.25,-4.55,-4.83,-5.07,-5.29,-5.39,-5.44,-5.429999,-5.28,-5.150001,-4.869999,-4.44,-3.96,-3.550001,-3.16,-2.84,-2.67,-2.37,-2.07,-1.89,-1.44,-0.8700001,-0.12,0.53,1.06
19,1.45,1.74,2.08,2.35,2.8,3.09,3.55,3.95,4.41,4.71,5.03,5.210001,5.26,5.16,5.09,4.9,4.75,4.51,4.300001,4.170001,3.87,3.74,3.42,3.11,2.68,2.31,1.67,1.11,0.56,-0.05,-0.54,-1.17,-1.63,-2.09,-2.48,-2.9,-3.25,-3.62,-3.83,-4.16,-4.38,-4.74,-4.98,-5.059999,-5.18,-5.17,-5.14,-4.95,-4.780001,-4.46,-4.09,-4.0,-3.910001,-3.59,-3.33,-2.9,-2.58,-1.87,-1.4,-0.84,-0.26,0.17,0.63,1.04
20,1.16,1.54,1.88,2.32,2.84,3.34,3.88,4.21,4.5,4.619999,4.829999,4.929999,5.15,5.359999,5.43,5.42,5.41,5.19,4.8,4.31,3.9,3.44,2.96,2.64,2.33,2.14,1.9,1.53,1.03,0.35,-0.41,-1.17,-1.8,-2.44,-2.8,-3.01,-3.14,-3.37,-3.56,-3.87,-4.12,-4.53,-5.01,-5.29,-5.46,-5.360001,-5.28,-5.11,-4.8,-4.5,-4.31,-4.16,-3.99,-3.81,-3.54,-3.12,-2.66,-1.96,-1.32,-0.6599999,-0.2,0.17,0.4900001,0.77
21,1.8,2.27,2.58,2.8,3.15,3.3,3.49,3.7,4.09,4.51,4.85,5.26,5.38,5.53,5.57,5.43,5.17,4.8,4.47,4.11,3.7,3.4,3.16,2.78,2.38,2.01,1.41,0.8599999,0.48,0.06000001,-0.37,-0.78,-1.25,-1.79,-2.38,-2.89,-3.34,-3.990001,-4.210001,-4.47,-4.66,-4.74,-4.76,-4.86,-4.909999,-4.92,-5.04,-5.07,-5.030001,-4.93,-4.58,-4.25,-3.870001,-3.32,-2.94,-2.54,-2.28,-2.01,-1.64,-1.25,-0.71,-0.13,0.5,1.21
22,0.91,1.56,2.19,2.8,3.22,3.66,3.96,4.15,4.32,4.43,4.58,4.84,4.98,5.1,5.09,5.07,5.009999,4.78,4.61,4.44,4.23,3.920001,3.57,3.11,2.57,2.11,1.56,0.9099999,0.32,-0.27,-0.6800001,-1.14,-1.52,-1.89,-2.16,-2.68,-3.13,-3.430001,-3.960001,-4.37,-4.75,-4.95,-5.11,-4.98,-4.99,-4.91,-4.84,-4.88,-4.84,-4.96,-4.77,-4.43,-3.93,-3.53,-2.96,-2.49,-1.94,-1.61,-1.14,-0.9300001,-0.6099999,-0.26,0.04999998,0.43
23,1.23,1.51,1.85,2.27,2.9,3.44,4.15,4.490001,4.79,4.98,5.000001,5.0,4.89,4.74,4.88,5.11,5.19,5.14,5.01,4.73,4.22,3.66,3.06,2.59,2.08,1.6,1.29,1.03,0.7700001,0.39,-0.12,-0.72,-1.38,-2.05,-2.69,-3.27,-3.62,-3.86,-3.96,-4.130001,-4.22,-4.440001,-4.52,-4.94,-5.28,-5.66,-5.69,-5.48,-5.12,-4.72,-4.17,-3.710001,-3.450001,-3.17,-2.94,-2.7,-2.47,-2.09,-1.57,-1.03,-0.48,0.1,0.49,0.8700001
24,1.3,1.8,2.37,2.86,3.27,3.64,3.97,4.11,4.32,4.52,4.67,4.82,4.95,5.17,5.340001,5.379999,5.309999,5.15,4.89,4.42,3.87,3.3,2.78,2.49,2.22,1.96,1.72,1.44,0.99,0.48,-0.3,-1.13,-1.69,-2.27,-2.84,-3.24,-3.53,-3.74,-3.91,-4.16,-4.43,-4.69,-4.9,-5.18,-5.17,-5.2,-5.119999,-4.82,-4.62,-4.41,-4.26,-4.12,-3.86,-3.61,-3.27,-2.85,-2.46,-1.98,-1.51,-0.93,-0.55,-0.05000002,0.36,0.83
25,1.27,1.83,2.35,2.77,3.13,3.49,3.74,4.05,4.280001,4.6,4.81,5.13,5.29,5.43,5.349999,5.26,5.01,4.71,4.33,4.07,3.89,3.71,3.55,3.23,2.91,2.3,1.73,1.06,0.34,-0.35,-0.9400001,-1.42,-1.78,-1.94,-2.12,-2.49,-2.84,-3.38,-3.86,-4.36,-4.79,-4.98,-5.210001,-5.18,-5.11,-5.01,-4.95,-4.79,-4.8,-4.789999,-4.71,-4.54,-4.210001,-3.84,-3.33,-2.79,-2.19,-1.72,-1.21,-0.72,-0.41,-0.1,0.31,0.7
26,1.8,2.16,2.44,2.74,3.04,3.25,3.46,3.76,4.14,4.55,4.91,5.12,5.27,5.28,5.3,5.05,4.84,4.73,4.57,4.48,4.190001,3.960001,3.64,3.21,2.64,2.08,1.51,0.9200001,0.23,-0.34,-0.64,-0.9500001,-1.24,-1.49,-1.78,-2.37,-2.78,-3.35,-3.880001,-4.45,-4.8,-5.089999,-5.21,-5.28,-5.140001,-5.02,-5.0,-5.03,-5.01,-4.88,-4.65,-4.39,-4.06,-3.65,-3.21,-2.87,-2.45,-2.19,-1.79,-1.23,-0.65,-0.08000002,0.6299999,1.28
27,1.26,1.71,2.28,2.84,3.28,3.700001,3.950001,4.190001,4.32,4.45,4.55,4.8,4.99,5.23,5.329999,5.26,5.12,4.89,4.48,4.14,3.7,3.37,3.1,2.77,2.5,2.11,1.75,1.25,0.6300001,-0.06000001,-0.7400001,-1.33,-1.86,-2.22,-2.52,-2.65,-2.95,-3.23,-3.590001,-3.830001,-4.32,-4.630001,-5.0,-5.21,-5.36,-5.33,-5.18,-5.11,-4.88,-4.48,-4.260001,-4.07,-3.73,-3.37,-2.98,-2.59,-2.26,-1.9,-1.41,-1.11,-0.6600001,-0.23,0.23,0.7599999
28,1.01,1.32,1.89,2.41,3.029999,3.570001,4.110001,4.39,4.64,4.79,4.82,4.85,4.9,5.05,5.07,5.09,5.01,4.92,4.61,4.34,3.92,3.52,3.08,2.860001,2.45,2.09,1.67,1.23,0.79,0.18,-0.3900001,-1.07,-1.72,-2.36,-2.72,-3.07,-3.23,-3.45,-3.79,-4.08,-4.45,-4.76,-4.83,-5.0,-5.05,-4.84,-4.849999,-4.58,-4.45,-4.37,-4.39,-4.24,-4.13,-3.85,-3.55,-3.02,-2.42,-1.79,-1.28,-0.71,-0.4,-0.02,0.4,0.65
29,1.23,1.76,2.3,2.81,3.27,3.65,3.96,4.19,4.29,4.42,4.55,4.61,4.78,4.920001,5.11,5.12,5.13,4.95,4.81,4.4,4.130001,3.75,3.27,2.92,2.5,2.05,1.59,1.12,0.51,0.01000001,-0.51,-0.9599999,-1.38,-1.95,-2.44,-2.79,-3.27,-3.63,-4.01,-4.32,-4.56,-4.73,-4.87,-5.03,-5.09,-5.18,-5.099999,-5.17,-5.08,-4.83,-4.550001,-4.18,-3.74,-3.31,-2.9,-2.44,-2.05,-1.7,-1.36,-1.07,-0.77,-0.38,0.06000004,0.6099999
30,1.23,1.55,1.82,2.12,2.33,2.75,3.31,3.79,4.39,4.85,5.22,5.420001,5.5,5.46,5.31,5.1,4.949999,4.599999,4.49,4.17,3.890001,3.53,3.05,2.82,2.35,1.93,1.64,1.34,0.8200001,0.38,-0.18,-0.7,-1.31,-1.88,-2.25,-2.67,-3.06,-3.460001,-3.79,-4.15,-4.44,-4.7,-4.85,-5.02,-4.99,-4.99,-5.01,-4.920001,-4.88,-4.67,-4.47,-4.36,-4.03,-3.75,-3.36,-2.87,-2.46,-1.94,-1.43,-0.7699999,-0.37,0.09000001,0.53,0.93
31,1.56,1.91,2.26,2.59,3.0,3.28,3.6,3.900001,4.23,4.57,4.71,4.91,4.96,5.13,5.07,5.22,5.05,5.0,4.78,4.46,4.150001,3.7,3.29,2.89,2.35,1.87,1.39,0.87,0.49,0.1,-0.24,-0.6799999,-1.11,-1.66,-2.17,-2.77,-3.25,-3.65,-3.87,-4.09,-4.22,-4.54,-4.84,-5.11,-5.34,-5.44,-5.51,-5.3,-5.02,-4.64,-4.24,-3.83,-3.52,-3.32,-3.1,-2.92,-2.59,-2.13,-1.72,-1.29,-0.6500001,-0.03,0.59,1.08
32,1.65,2.11,2.45,2.9,3.22,3.46,3.73,4.080001,4.36,4.58,4.83,5.04,5.24,5.279999,5.26,5.2,5.12,4.9,4.69,4.34,4.0,3.630001,3.21,2.76,2.38,2.02,1.6,1.07,0.59,0.06000001,-0.48,-0.96,-1.53,-1.95,-2.33,-2.72,-3.17,-3.58,-3.85,-4.06,-4.35,-4.58,-4.86,-4.99,-5.21,-5.28,-5.359999,-5.26,-5.03,-4.74,-4.37,-4.08,-3.75,-3.3,-2.94,-2.71,-2.43,-2.11,-1.74,-1.38,-0.94,-0.29,0.34,1.11
33,1.31,1.75,2.34,2.74,3.01,3.35,3.660001,4.09,4.48,4.92,5.07,5.39,5.45,5.41,5.179999,4.88,4.82,4.67,4.45,4.25,4.1,3.870001,3.58,3.23,2.71,2.14,1.49,0.7999998,0.3100001,-0.27,-0.77,-1.07,-1.46,-1.81,-2.19,-2.62,-3.08,-3.6,-4.06,-4.59,-4.81,-5.07,-5.11,-4.98,-4.91,-4.96,-4.81,-4.85,-4.82,-4.79,-4.73,-4.54,-4.19,-3.72,-3.21,-2.650001,-2.06,-1.68,-1.31,-1.04,-0.6099999,-0.18,0.25,0.7300001
34,0.91,1.53,2.09,2.76,3.140001,3.59,3.97,4.36,4.42,4.56,4.76,4.98,5.09,5.22,5.29,5.23,5.09,4.83,4.47,4.23,3.91,3.64,3.33,3.04,2.73,2.3,1.74,1.11,0.5700001,0.1,-0.47,-0.94,-1.41,-1.82,-2.25,-2.71,-3.14,-3.580001,-4.070001,-4.36,-4.73,-4.96,-5.03,-4.99,-4.98,-4.94,-4.929999,-4.82,-4.81,-4.75,-4.64,-4.57,-4.210001,-3.81,-3.220001,-2.66,-1.97,-1.44,-1.14,-0.92,-0.5699999,-0.3,0.06,0.41
35,0.77,1.28,1.95,2.63,3.18,3.680001,4.11,4.35,4.58,4.67,4.78,5.02,5.09,5.15,5.19,5.22,5.06,4.780001,4.46,4.12,3.81,3.46,3.22,2.95,2.76,2.39,1.94,1.24,0.56,-0.15,-0.72,-1.4,-1.88,-2.24,-2.52,-2.72,-2.99,-3.21,-3.56,-3.9,-4.28,-4.66,-4.97,-5.12,-5.210001,-5.26,-5.2,-5.01,-4.84,-4.679999,-4.52,-4.27,-4.02,-3.68,-3.26,-2.77,-2.13,-1.68,-1.11,-0.77,-0.34,0.01,0.33,0.48
36,1.11,1.65,2.03,2.6,3.12,3.46,3.8,3.99,4.31,4.69,4.92,5.05,5.16,5.34,5.31,5.22,5.03,4.86,4.6,4.31,3.88,3.56,3.29,3.04,2.69,2.28,1.71,1.16,0.64,-0.12,-0.67,-1.09,-1.49,-1.92,-2.35,-2.71,-3.11,-3.55,-4.02,-4.37,-4.73,-4.93,-5.070001,-5.110001,-5.04,-4.84,-4.71,-4.74,-4.73,-4.75,-4.64,-4.49,-4.13,-3.700001,-3.21,-2.59,-2.02,-1.56,-1.18,-0.78,-0.45,-0.21,0.19,0.56
37,1.41,1.74,2.12,2.45,2.91,3.26,3.71,4.1,4.400001,4.79,5.03,5.17,5.1,5.13,5.12,4.96,4.76,4.66,4.6,4.35,4.050001,3.800001,3.48,3.14,2.71,2.18,1.57,1.03,0.53,-0.04,-0.6099999,-1.08,-1.62,-1.84,-2.3,-2.58,-2.88,-3.43,-3.83,-4.26,-4.66,-4.949999,-5.06,-5.23,-5.34,-5.27,-5.13,-4.960001,-4.73,-4.59,-4.29,-4.03,-3.87,-3.54,-3.15,-2.86,-2.4,-2.06,-1.55,-0.99,-0.42,0.06999999,0.4800001,1.0
38,1.4,1.8,2.24,2.63,2.93,3.46,3.81,4.009999,4.25,4.49,4.69,4.88,5.02,5.08,5.12,5.19,5.04,4.89,4.56,4.4,4.08,3.79,3.41,3.09,2.69,2.17,1.51,0.96,0.31,-0.27,-0.78,-1.29,-1.69,-1.95,-2.289999,-2.64,-2.93,-3.16,-3.62,-4.170001,-4.64,-5.070001,-5.39,-5.51,-5.309999,-5.139999,-5.0,-4.71,-4.43,-4.29,-4.22,-3.93,-3.77,-3.610001,-3.25,-2.82,-2.45,-1.95,-1.56,-0.98,-0.51,0.04,0.46,1.0
39,1.37,2.03,2.63,3.0,3.29,3.49,3.53,3.59,3.72,4.150001,4.54,4.88,5.23,5.39,5.51,5.429999,5.15,4.7,4.350001,4.04,3.71,3.440001,3.08,2.8,2.45,1.93,1.25,0.7699999,0.23,-0.2,-0.42,-0.79,-1.15,-1.49,-1.88,-2.36,-3.02,-3.71,-4.34,-4.79,-4.989999,-4.91,-4.74,-4.54,-4.41,-4.38,-4.47,-4.68,-4.88,-4.95,-4.96,-4.54,-4.150001,-3.44,-2.79,-2.32,-1.88,-1.59,-1.34,-1.09,-0.8,-0.48,0.04,0.66
40,1.32,1.85,2.4,2.71,3.04,3.19,3.48,3.62,4.1,4.39,4.77,5.1,5.309999,5.36,5.21,4.86,4.67,4.45,4.29,4.19,4.1,4.06,3.8,3.33,2.66,1.98,1.29,0.64,0.14,-0.27,-0.52,-0.63,-1.06,-1.44,-1.9,-2.47,-3.1,-3.8,-4.24,-4.54,-4.64,-4.75,-4.74,-4.68,-4.75,-4.710001,-4.82,-4.98,-4.92,-4.88,-4.81,-4.41,-4.13,-3.58,-3.06,-2.53,-2.15,-1.75,-1.35,-1.01,-0.5900001,-0.18,0.31,0.8200001
41,1.52,2.05,2.38,2.78,3.11,3.33,3.59,3.86,4.17,4.53,4.78,5.03,5.33,5.38,5.25,5.07,4.78,4.53,4.31,4.04,3.83,3.660001,3.36,3.05,2.62,2.09,1.44,1.01,0.36,-0.13,-0.5299999,-1.0,-1.39,-1.89,-2.46,-2.75,-3.28,-3.71,-4.09,-4.41,-4.55,-4.64,-4.670001,-4.91,-4.89,-4.97,-4.95,-4.96,-4.949999,-4.78,-4.51,-4.04,-3.51,-3.07,-2.84,-2.58,-2.37,-2.14,-1.68,-1.16,-0.75,-0.17,0.41,0.94
42,1.22,1.94,2.57,3.08,3.51,3.67,3.79,4.03,4.27,4.59,4.829999,5.08,5.29,5.199999,5.04,4.87,4.58,4.44,4.22,4.11,4.0,3.83,3.65,3.28,2.77,2.12,1.49,0.7600001,0.08000001,-0.47,-0.8700001,-1.23,-1.58,-1.88,-2.29,-2.68,-3.2,-3.62,-4.12,-4.46,-4.650001,-4.800001,-4.92,-4.95,-4.829999,-4.86,-4.8,-4.81,-4.95,-4.82,-4.58,-4.46,-3.96,-3.48,-2.83,-2.32,-1.9,-1.43,-1.06,-0.8,-0.5999999,-0.4,-0.01000001,0.53
43,1.37,1.61,1.85,2.19,2.52,2.92,3.41,3.98,4.37,4.72,5.03,5.09,5.23,5.170001,5.09,4.94,4.840001,4.73,4.54,4.26,3.88,3.54,3.13,2.69,2.26,1.77,1.43,0.99,0.6099999,0.12,-0.35,-0.79,-1.31,-1.8,-2.32,-2.8,-3.24,-3.600001,-3.91,-4.22,-4.38,-4.53,-4.57,-4.73,-4.79,-4.82,-4.93,-4.82,-4.82,-4.64,-4.52,-4.280001,-3.990001,-3.62,-3.28,-2.89,-2.42,-1.86,-1.31,-0.75,-0.19,0.3,0.72,1.12
44,1.04,1.64,2.3,2.94,3.420001,3.82,4.1,4.33,4.559999,4.65,4.71,4.81,4.9,4.93,4.89,4.78,4.66,4.57,4.43,4.39,4.15,3.91,3.66,3.22,2.59,1.92,1.23,0.6,-0.14,-0.64,-0.99,-1.3,-1.56,-1.7,-2.12,-2.5,-2.83,-3.14,-3.69,-4.190001,-4.58,-4.69,-4.920001,-5.1,-5.04,-5.030001,-4.86,-4.82,-4.69,-4.679999,-4.51,-4.38,-3.98,-3.63,-2.97,-2.35,-1.93,-1.55,-1.21,-0.9500001,-0.74,-0.35,0.09000001,0.63
45,1.39,1.9,2.32,2.64,3.01,3.26,3.51,3.75,4.16,4.52,4.9,5.25,5.36,5.44,5.39,5.11,4.93,4.69,4.420001,4.13,3.93,3.65,3.45,3.11,2.61,2.13,1.45,0.8099999,0.28,-0.25,-0.6599998,-0.91,-1.31,-1.71,-2.17,-2.76,-3.35,-3.83,-4.28,-4.62,-4.73,-4.83,-4.75,-4.68,-4.64,-4.61,-4.77,-5.02,-5.19,-5.17,-4.95,-4.53,-4.04,-3.48,-2.96,-2.38,-1.92,-1.62,-1.29,-0.95,-0.5500001,-0.14,0.28,0.8700001
46,1.37,1.72,2.16,2.55,3.01,3.29,3.77,4.05,4.36,4.59,4.829999,4.91,5.09,5.17,5.2,5.13,5.05,4.84,4.48,4.26,3.93,3.49,3.07,2.79,2.4,2.05,1.6,1.25,0.74,0.18,-0.41,-1.02,-1.54,-1.97,-2.34,-2.72,-3.04,-3.41,-3.77,-4.24,-4.619999,-5.0,-5.259999,-5.450001,-5.460001,-5.3,-5.07,-4.820001,-4.48,-4.36,-4.15,-4.05,-3.84,-3.75,-3.560001,-3.18,-2.7,-2.08,-1.46,-0.71,-0.24,0.2900001,0.6699999,1.14
47,1.49,1.96,2.32,2.68,2.95,3.18,3.54,3.91,4.27,4.72,5.13,5.27,5.509999,5.41,5.35,5.04,4.66,4.3,4.04,3.880001,3.68,3.650001,3.56,3.33,3.05,2.57,1.94,1.26,0.43,-0.14,-0.7199999,-1.21,-1.6,-1.93,-2.09,-2.28,-2.65,-3.270001,-3.830001,-4.37,-4.73,-5.23,-5.38,-5.43,-5.29,-5.13,-4.94,-4.889999,-4.78,-4.6,-4.44,-4.2,-3.97,-3.55,-3.18,-2.83,-2.47,-2.01,-1.54,-1.07,-0.5900001,-0.06,0.44,1.0
48,1.33,1.68,2.07,2.42,2.93,3.36,3.81,4.24,4.63,4.74,4.94,5.019999,5.02,4.96,4.87,4.85,4.8,4.85,4.73,4.650001,4.44,4.119999,3.470001,2.86,2.13,1.55,1.05,0.5599999,0.25,-0.02,-0.37,-0.74,-1.29,-1.79,-2.13,-2.67,-3.02,-3.46,-3.79,-4.130001,-4.47,-4.76,-5.079999,-5.27,-5.33,-5.3,-5.089999,-4.74,-4.43,-4.22,-4.04,-3.93,-3.84,-3.65,-3.48,-3.06,-2.62,-2.11,-1.47,-0.87,-0.27,0.2,0.7199999,0.9799999
49,0.86,1.33,1.77,2.55,3.07,3.43,3.91,4.34,4.73,5.049999,5.190001,5.24,5.23,5.06,4.97,4.84,4.62,4.41,4.24,4.05,3.83,3.51,3.26,2.95,2.61,2.28,1.91,1.37,0.81,0.22,-0.34,-0.9699999,-1.6,-2.15,-2.63,-3.04,-3.42,-3.71,-3.97,-4.1,-4.25,-4.36,-4.51,-4.67,-4.77,-4.9,-5.07,-5.05,-5.11,-5.059999,-4.81,-4.48,-4.07,-3.48,-3.02,-2.48,-2.01,-1.52,-1.08,-0.7099999,-0.41,-0.05,0.16,0.54
50,1.16,1.8,2.32,2.86,3.27,3.72,3.99,4.14,4.27,4.4,4.61,4.67,4.86,5.07,5.23,5.1,5.099999,4.84,4.56,4.26,4.0,3.78,3.47,3.05,2.670001,2.21,1.59,0.8900001,0.26,-0.27,-0.8400001,-1.21,-1.7,-1.98,-2.3,-2.63,-3.04,-3.49,-3.890001,-4.21,-4.6,-4.960001,-5.19,-5.27,-5.2,-5.16,-4.94,-4.800001,-4.74,-4.54,-4.48,-4.35,-3.95,-3.54,-3.09,-2.54,-2.0,-1.44,-1.08,-0.7099999,-0.44,-0.23,0.08999998,0.62
51,1.2,1.76,2.37,2.83,3.2,3.450001,3.57,3.69,3.9,4.33,4.74,5.14,5.41,5.63,5.529999,5.369999,4.98,4.570001,4.26,3.97,3.76,3.66,3.47,3.19,2.84,2.28,1.68,1.06,0.43,-0.25,-0.75,-1.23,-1.55,-1.98,-2.41,-2.77,-3.08,-3.61,-4.04,-4.35,-4.5,-4.51,-4.679999,-4.68,-4.82,-4.81,-4.94,-5.13,-5.260001,-5.18,-4.94,-4.48,-3.99,-3.41,-2.75,-2.23,-1.79,-1.53,-1.34,-1.04,-0.6599999,-0.35,0.07999999,0.6400001
52,1.3,1.66,2.01,2.48,2.98,3.43,3.76,4.1,4.48,4.61,4.74,4.8,4.9,5.06,5.14,5.03,5.05,4.93,4.76,4.42,3.95,3.51,3.07,2.6,2.07,1.7,1.34,1.17,0.8200001,0.43,-0.12,-0.6099999,-1.4,-2.02,-2.68,-3.09,-3.42,-3.63,-3.840001,-4.0,-4.23,-4.5,-4.71,-5.1,-5.38,-5.420001,-5.279999,-5.15,-4.79,-4.36,-3.97,-3.75,-3.61,-3.4,-3.29,-2.92,-2.51,-2.05,-1.48,-0.9,-0.35,0.13,0.57,1.01
53,1.24,1.71,2.18,2.67,3.18,3.54,3.99,4.11,4.37,4.51,4.72,4.83,5.06,5.28,5.37,5.360001,5.19,4.88,4.43,3.99,3.48,3.18,2.91,2.75,2.51,2.29,1.91,1.29,0.52,-0.21,-0.9700001,-1.56,-1.89,-2.15,-2.31,-2.62,-2.82,-3.22,-3.710001,-4.33,-4.78,-5.2,-5.36,-5.430001,-5.26,-5.07,-4.78,-4.490001,-4.34,-4.33,-4.33,-4.2,-4.02,-3.81,-3.43,-2.83,-2.22,-1.58,-1.1,-0.54,-0.29,0.06999999,0.3800001,0.77
54,1.23,1.74,2.3,2.74,3.29,3.58,3.85,4.04,4.3,4.37,4.48,4.7,4.97,5.2,5.24,5.23,5.12,4.8,4.460001,4.18,3.78,3.49,3.28,2.950001,2.71,2.47,1.97,1.44,0.85,0.18,-0.53,-1.3,-1.85,-2.36,-2.72,-2.99,-3.13,-3.36,-3.66,-3.96,-4.21,-4.55,-4.78,-5.099999,-5.08,-5.04,-4.969999,-4.86,-4.869999,-4.74,-4.57,-4.31,-4.12,-3.67,-3.22,-2.75,-2.39,-1.85,-1.54,-1.01,-0.5700001,-0.24,0.26,0.74
55,1.33,1.99,2.44,2.87,3.12,3.36,3.700001,3.93,4.27,4.7,5.0,5.16,5.29,5.16,5.08,4.86,4.82,4.79,4.73,4.56,4.32,3.9,3.520001,3.09,2.52,1.98,1.35,0.89,0.32,-0.03000001,-0.42,-0.8200001,-1.31,-1.76,-2.29,-2.81,-3.35,-3.8,-4.04,-4.29,-4.48,-4.66,-4.84,-4.96,-5.02,-5.160001,-5.21,-5.23,-5.14,-5.01,-4.67,-4.2,-3.73,-3.24,-2.86,-2.45,-2.17,-1.8,-1.53,-1.18,-0.91,-0.32,0.18,0.7399999
56,1.2,1.61,2.09,2.559999,3.13,3.51,3.750001,3.96,4.11,4.35,4.5,4.77,5.059999,5.3,5.34,5.34,5.13,4.87,4.51,4.150001,3.76,3.46,3.16,2.95,2.7,2.24,1.82,1.24,0.64,-0.01,-0.5099999,-1.07,-1.58,-2.07,-2.49,-2.87,-3.23,-3.49,-3.67,-4.07,-4.41,-4.57,-4.8,-4.89,-5.05,-4.93,-4.93,-4.84,-4.79,-4.61,-4.38,-4.130001,-3.88,-3.54,-3.14,-2.76,-2.33,-1.9,-1.39,-0.9799999,-0.54,-0.24,0.23,0.67
57,1.22,1.59,2.05,2.44,2.85,3.33,3.86,4.28,4.56,4.9,5.03,5.16,5.18,5.05,4.95,4.88,4.62,4.44,4.28,4.04,3.93,3.68,3.35,3.0,2.77,2.23,1.67,0.98,0.28,-0.27,-0.63,-1.09,-1.53,-1.93,-2.36,-2.79,-3.29,-3.7,-4.06,-4.31,-4.650001,-4.61,-4.85,-4.88,-4.9,-5.0,-5.02,-4.919999,-4.92,-4.83,-4.64,-4.320001,-3.96,-3.56,-3.130001,-2.72,-2.18,-1.77,-1.21,-0.69,-0.3,0.19,0.6700001,0.9600001
58,1.37,1.97,2.45,2.89,3.15,3.4,3.72,3.900001,4.2,4.41,4.64,4.96,5.17,5.02,5.22,5.04,5.01,4.72,4.65,4.35,4.12,3.78,3.43,3.08,2.6,2.16,1.5,1.04,0.41,-0.2,-0.8,-1.28,-1.66,-1.95,-2.32,-2.56,-2.88,-3.19,-3.54,-4.03,-4.38,-4.86,-5.18,-5.41,-5.45,-5.559999,-5.34,-5.16,-4.82,-4.58,-4.27,-3.89,-3.46,-3.22,-3.0,-2.62,-2.41,-1.93,-1.5,-1.05,-0.65,-0.12,0.35,0.8999999
59,1.15,1.8,2.579999,3.16,3.5,3.74,3.9,4.07,4.05,4.210001,4.530001,4.98,5.17,5.429999,5.389999,5.29,5.039999,4.8,4.22,3.84,3.6,3.32,3.08,2.94,2.81,2.56,2.16,1.6,0.9800001,0.09,-0.79,-1.51,-2.14,-2.62,-2.77,-2.83,-3.05,-3.27,-3.57,-3.910001,-4.43,-4.75,-5.139999,-5.26,-5.32,-5.219999,-5.16,-5.12,-4.920001,-4.59,-4.39,-4.14,-3.73,-3.28,-2.8,-2.33,-1.87,-1.58,-1.34,-1.14,-0.86,-0.43,0.01,0.5599999
60,1.46,1.85,2.25,2.73,3.13,3.36,3.7,3.96,4.52,4.98,5.31,5.389999,5.43,5.14,4.96,4.62,4.4,4.41,4.349999,4.32,4.18,4.13,3.74,3.36,2.73,2.11,1.33,0.8100001,0.16,-0.34,-0.91,-1.3,-1.6,-2.0,-2.39,-2.83,-3.1,-3.54,-3.91,-4.35,-4.56,-4.829999,-4.94,-5.04,-5.05,-5.05,-4.99,-4.97,-4.81,-4.670001,-4.48,-4.27,-3.95,-3.44,-2.92,-2.44,-1.99,-1.57,-1.31,-0.93,-0.7100001,-0.2,0.31,0.8
61,0.86,1.4,1.98,2.54,3.21,3.8,4.24,4.45,4.57,4.57,4.65,4.71,4.86,4.89,5.03,5.2,5.29,5.25,5.11,4.75,4.32,3.75,3.2,2.74,2.39,2.04,1.53,1.09,0.62,0.11,-0.44,-1.02,-1.56,-1.97,-2.43,-2.78,-3.09,-3.430001,-3.82,-4.24,-4.71,-5.05,-5.22,-5.25,-5.13,-5.05,-4.78,-4.57,-4.52,-4.45,-4.43,-4.409999,-4.23,-3.94,-3.47,-2.96,-2.36,-1.69,-1.21,-0.73,-0.4099999,-0.03000001,0.23,0.47
62,1.6,1.87,2.14,2.37,2.65,3.1,3.5,3.960001,4.38,4.889999,5.22,5.42,5.48,5.38,5.16,4.87,4.55,4.31,4.1,4.02,3.85,3.75,3.43,3.21,2.73,2.03,1.4,0.7599998,0.11,-0.38,-0.71,-0.9799999,-1.25,-1.65,-2.13,-2.75,-3.32,-3.88,-4.25,-4.56,-4.7,-4.680001,-4.670001,-4.76,-4.81,-4.97,-5.139999,-5.17,-5.24,-4.96,-4.710001,-4.110001,-3.710001,-3.17,-2.96,-2.53,-2.31,-1.93,-1.61,-1.02,-0.46,0.16,0.6599999,1.12
63,1.33,1.5,1.94,2.29,2.82,3.32,3.890001,4.36,4.73,4.9,4.910001,4.82,4.9,4.799999,4.95,5.03,5.119999,5.11,4.92,4.64,4.2,3.61,3.17,2.61,2.08,1.82,1.46,1.12,0.76,0.36,-0.17,-0.76,-1.41,-2.04,-2.63,-3.17,-3.460001,-3.66,-3.87,-4.18,-4.41,-4.71,-4.97,-5.199999,-5.27,-5.220001,-5.08,-4.91,-4.68,-4.48,-4.34,-4.18,-4.1,-3.93,-3.57,-3.2,-2.69,-1.97,-1.23,-0.49,-0.03,0.54,0.85,1.18
64,1.39,1.71,2.08,2.39,2.85,3.32,3.75,4.210001,4.58,4.75,5.01,5.03,5.0,5.0,5.02,4.94,4.94,4.77,4.55,4.33,3.98,3.52,3.07,2.72,2.43,2.08,1.62,1.12,0.63,-0.03,-0.6300001,-1.24,-1.74,-2.18,-2.53,-2.83,-3.12,-3.33,-3.680001,-3.97,-4.32,-4.75,-5.09,-5.32,-5.46,-5.42,-5.28,-5.09,-4.7,-4.3,-4.04,-3.8,-3.65,-3.52,-3.22,-2.96,-2.53,-2.05,-1.42,-0.7399999,-0.14,0.38,0.79,1.12
65,1.2,1.75,2.27,2.76,3.04,3.54,3.87,4.26,4.61,4.920001,5.189999,5.330001,5.22,5.06,4.87,4.71,4.47,4.43,4.25,4.19,4.13,3.89,3.56,3.039999,2.54,1.98,1.27,0.66,0.08999996,-0.36,-0.72,-1.0,-1.47,-1.84,-2.19,-2.61,-3.0,-3.45,-3.96,-4.28,-4.58,-4.9,-5.03,-5.19,-5.16,-5.32,-5.279999,-5.239999,-5.05,-4.74,-4.43,-4.1,-3.56,-3.05,-2.55,-2.23,-1.8,-1.57,-1.37,-1.16,-0.92,-0.4099999,0.14,0.7699999
66,1.29,1.62,2.23,2.65,3.07,3.54,3.880001,4.1,4.27,4.380001,4.52,4.71,4.85,5.1,5.23,5.26,5.12,4.93,4.47,4.19,3.83,3.41,3.12,2.8,2.48,2.14,1.65,1.12,0.54,-0.03999999,-0.56,-1.14,-1.69,-2.13,-2.42,-2.75,-3.03,-3.33,-3.76,-3.92,-4.26,-4.5,-4.68,-4.89,-5.06,-5.07,-5.02,-4.99,-4.77,-4.65,-4.52,-4.27,-3.9,-3.52,-3.13,-2.65,-2.32,-1.85,-1.45,-0.9599998,-0.4599999,-0.05999999,0.39,0.7899999
67,1.45,1.99,2.46,2.8,3.06,3.35,3.57,3.870001,4.17,4.43,4.76,5.09,5.32,5.4,5.33,5.18,5.059999,4.74,4.32,4.1,3.81,3.49,3.21,2.87,2.53,1.98,1.55,1.0,0.5,-0.02,-0.5599999,-1.0,-1.49,-2.05,-2.52,-2.87,-3.38,-3.68,-3.92,-4.210001,-4.35,-4.37,-4.5,-4.66,-4.7,-4.89,-4.96,-5.1,-5.04,-4.900001,-4.67,-4.37,-3.92,-3.58,-2.98,-2.49,-2.05,-1.77,-1.55,-1.09,-0.65,-0.1,0.44,1.01
68,1.29,2.08,2.65,3.31,3.67,3.95,4.04,3.97,3.98,4.14,4.35,4.43,4.76,5.14,5.27,5.389999,5.36,5.14,4.820001,4.32,3.9,3.38,2.93,2.46,2.11,1.56,1.23,0.85,0.41,0.07,-0.29,-0.7100001,-1.15,-1.7,-2.26,-2.76,-3.420001,-3.84,-4.29,-4.55,-4.79,-4.88,-4.89,-4.9,-4.93,-4.87,-4.9,-4.91,-4.789999,-4.76,-4.61,-4.3,-3.85,-3.38,-2.73,-2.24,-1.8,-1.56,-1.23,-1.06,-0.89,-0.59,-0.06,0.53
69,1.48,1.93,2.42,2.87,3.17,3.33,3.71,3.97,4.18,4.55,4.75,4.93,5.02,5.039999,5.14,5.02,4.87,4.83,4.58,4.26,4.090001,3.95,3.6,3.21,2.79,2.14,1.54,0.91,0.39,-0.1300001,-0.6399999,-1.05,-1.36,-1.95,-2.38,-2.720001,-3.2,-3.51,-3.79,-4.14,-4.41,-4.61,-4.829999,-4.97,-5.08,-5.09,-5.079999,-5.18,-5.29,-4.94,-4.64,-4.2,-3.71,-3.17,-2.75,-2.42,-2.1,-1.93,-1.68,-1.38,-0.9300001,-0.4099999,0.12,0.78
70,1.39,1.9,2.34,2.75,3.12,3.36,3.85,4.09,4.45,4.66,4.809999,4.81,4.829999,4.8,4.66,4.58,4.55,4.55,4.54,4.52,4.33,4.12,3.68,3.13,2.45,1.67,1.06,0.5,0.07,-0.3,-0.45,-0.88,-1.31,-1.6,-2.03,-2.48,-2.85,-3.370001,-3.86,-4.3,-4.68,-4.950001,-5.13,-5.25,-5.27,-5.29,-5.33,-5.12,-4.94,-4.66,-4.14,-3.83,-3.33,-2.89,-2.55,-2.16,-1.92,-1.75,-1.45,-1.2,-0.79,-0.4,0.21,0.7599999
71,1.27,1.78,2.27,2.65,3.180001,3.62,4.03,4.2,4.43,4.55,4.719999,4.84,4.97,4.89,4.93,4.93,4.97,4.77,4.67,4.5,4.13,3.8,3.38,3.0,2.45,1.92,1.5,1.07,0.48,-0.07999996,-0.5799999,-1.26,-1.71,-2.18,-2.54,-3.01,-3.07,-3.37,-3.75,-4.15,-4.4,-4.81,-5.170001,-5.31,-5.45,-5.44,-5.3,-5.06,-4.8,-4.53,-4.27,-3.94,-3.82,-3.57,-3.23,-2.62,-2.19,-1.63,-1.09,-0.6,-0.28,0.07999998,0.42,0.9000002
72,1.59,1.94,2.32,2.54,2.79,3.06,3.38,3.78,4.150001,4.61,4.91,5.15,5.27,5.410001,5.23,4.96,4.67,4.58,4.3,4.06,3.83,3.5,3.29,2.92,2.44,1.9,1.34,1.0,0.57,0.11,-0.25,-0.64,-1.17,-1.82,-2.34,-2.88,-3.370001,-3.69,-3.77,-3.94,-4.33,-4.52,-4.71,-4.9,-5.05,-5.02,-5.190001,-5.17,-5.0,-4.78,-4.53,-4.150001,-3.63,-3.23,-2.84,-2.54,-2.26,-1.99,-1.6,-1.17,-0.7,-0.18,0.5199999,1.12
73,1.08,1.55,2.13,2.57,3.03,3.5,3.93,4.24,4.58,4.87,5.05,5.14,5.22,4.98,4.86,4.67,4.57,4.44,4.23,4.16,4.08,3.99,3.6,3.23,2.78,2.21,1.65,1.07,0.45,-0.00999999,-0.44,-0.93,-1.43,-1.99,-2.38,-2.84,-3.2,-3.61,-3.85,-4.12,-4.2,-4.41,-4.54,-4.72,-4.92,-5.21,-5.369999,-5.409999,-5.329999,-4.99,-4.75,-4.2,-3.83,-3.22,-2.74,-2.28,-2.02,-1.7,-1.42,-1.15,-0.78,-0.36,0.12,0.6
74,1.35,1.91,2.36,2.76,3.08,3.41,3.66,3.87,4.04,4.37,4.59,4.79,5.08,5.19,5.339999,5.24,5.03,4.73,4.33,4.1,3.96,3.67,3.17,2.88,2.61,2.01,1.51,0.94,0.27,-0.33,-0.78,-1.25,-1.61,-1.8,-2.07,-2.36,-2.8,-3.14,-3.74,-4.17,-4.66,-4.91,-5.23,-5.22,-5.18,-5.14,-5.04,-4.85,-4.61,-4.39,-4.35,-4.06,-3.77,-3.51,-3.14,-2.78,-2.25,-1.82,-1.33,-0.9400001,-0.54,0.03,0.47,0.9
75,1.25,1.68,2.28,2.75,3.32,3.8,4.09,4.23,4.33,4.530001,4.690001,4.789999,4.849999,4.99,5.11,5.2,5.26,5.18,4.91,4.5,3.9,3.3,2.69,2.29,1.83,1.57,1.4,1.2,0.9799999,0.5599999,0.16,-0.57,-1.27,-2.11,-2.82,-3.57,-3.98,-4.23,-4.38,-4.35,-4.349999,-4.3,-4.36,-4.5,-4.67,-4.79,-5.029999,-5.16,-5.14,-4.859999,-4.66,-4.23,-3.830001,-3.31,-2.89,-2.45,-1.96,-1.57,-1.21,-0.8,-0.5599999,-0.18,0.28,0.75
76,1.51,1.9,2.31,2.6,2.91,3.24,3.61,4.0,4.35,4.66,4.87,5.01,5.09,5.139999,5.039999,4.91,4.79,4.64,4.54,4.37,4.130001,3.710001,3.38,3.0,2.48,2.09,1.57,1.04,0.42,-0.03000001,-0.47,-0.9799999,-1.48,-1.96,-2.34,-2.78,-3.17,-3.52,-3.910001,-4.27,-4.62,-4.92,-5.09,-5.0,-4.88,-4.78,-4.68,-4.74,-4.74,-4.76,-4.63,-4.5,-4.13,-3.72,-3.2,-2.73,-2.17,-1.68,-1.16,-0.7,-0.33,0.12,0.55,1.07
77,1.05,1.55,2.0,2.57,3.06,3.61,3.97,4.29,4.32,4.47,4.56,4.6,4.72,4.89,5.11,5.150001,5.18,4.9,4.680001,4.33,3.99,3.5,3.1,2.73,2.51,2.15,1.84,1.48,0.9600001,0.4,-0.21,-0.9300001,-1.66,-2.32,-2.81,-3.24,-3.560001,-3.76,-3.93,-4.01,-4.26,-4.42,-4.6,-4.86,-4.98,-5.09,-5.069999,-5.049999,-4.95,-4.82,-4.67,-4.26,-3.91,-3.6,-3.19,-2.76,-2.23,-1.67,-1.17,-0.6499999,-0.24,0.04,0.42,0.76
78,1.36,1.71,1.94,2.32,2.62,3.09,3.5,4.04,4.55,5.03,5.39,5.54,5.51,5.3,4.95,4.76,4.550001,4.28,4.29,4.07,3.920001,3.710001,3.550001,3.15,2.66,2.15,1.53,1.0,0.42,0.00999999,-0.55,-1.04,-1.54,-2.07,-2.6,-2.95,-3.35,-3.68,-3.91,-4.05,-4.17,-4.470001,-4.73,-4.81,-5.13,-5.29,-5.38,-5.32,-5.08,-4.88,-4.42,-4.03,-3.62,-3.29,-2.85,-2.64,-2.34,-1.9,-1.52,-0.9800001,-0.42,0.05,0.59,0.99
79,1.2,1.6,2.04,2.52,2.91,3.38,3.78,4.3,4.7,4.82,4.91,4.85,4.97,5.030001,4.99,4.93,4.82,4.68,4.71,4.66,4.3,3.87,3.440001,2.9,2.3,1.75,1.26,0.7699999,0.3,-0.22,-0.45,-0.92,-1.42,-1.93,-2.32,-2.75,-3.07,-3.49,-3.790001,-4.1,-4.44,-4.85,-5.11,-5.31,-5.449999,-5.36,-5.19,-5.029999,-4.75,-4.49,-4.13,-4.06,-3.81,-3.44,-3.06,-2.69,-2.25,-1.73,-1.22,-0.85,-0.45,0.01,0.45,0.8400001
80,1.29,1.9,2.55,3.13,3.52,3.76,3.820001,3.97,4.01,4.2,4.38,4.68,4.91,5.03,5.18,5.299999,5.159999,4.979999,4.77,4.460001,4.04,3.54,3.03,2.69,2.26,1.87,1.47,1.07,0.52,0.05,-0.49,-1.15,-1.59,-2.12,-2.54,-2.96,-3.36,-3.73,-3.87,-4.059999,-4.36,-4.65,-4.79,-4.93,-5.17,-5.219999,-5.239999,-5.05,-4.909999,-4.62,-4.27,-3.96,-3.74,-3.37,-2.98,-2.57,-2.22,-1.72,-1.36,-0.99,-0.69,-0.32,0.2,0.6900001
81,1.4,1.86,2.21,2.45,2.73,3.11,3.55,4.01,4.45,4.79,4.96,5.0,5.02,5.01,5.02,5.05,4.970001,4.9,4.74,4.51,4.23,3.76,3.27,2.96,2.54,2.04,1.65,1.11,0.5,0.01000002,-0.56,-1.1,-1.49,-1.97,-2.39,-2.78,-3.26,-3.56,-3.88,-4.190001,-4.57,-4.75,-5.04,-5.15,-5.13,-5.06,-4.95,-4.829999,-4.72,-4.53,-4.43,-4.25,-4.0,-3.85,-3.529999,-3.04,-2.53,-1.93,-1.27,-0.76,-0.22,0.23,0.6,0.97
82,1.14,1.54,2.04,2.59,3.16,3.510001,3.82,4.06,4.26,4.31,4.45,4.69,4.91,5.0,5.29,5.42,5.34,5.13,4.73,4.26,3.780001,3.320001,2.91,2.76,2.42,2.21,1.75,1.37,0.81,0.27,-0.39,-1.03,-1.64,-2.11,-2.57,-2.92,-3.17,-3.47,-3.820001,-4.27,-4.6,-5.0,-5.21,-5.27,-5.24,-5.12,-4.889999,-4.69,-4.48,-4.4,-4.33,-4.25,-4.22,-3.82,-3.430001,-2.87,-2.42,-1.75,-1.28,-0.72,-0.37,0.02999999,0.35,0.6799999
83,1.26,1.62,2.09,2.42,2.92,3.32,3.99,4.47,4.740001,4.97,5.06,5.150001,5.159999,5.009999,4.88,4.73,4.75,4.639999,4.46,4.34,4.06,3.87,3.5,3.04,2.529999,2.16,1.59,1.11,0.55,-0.12,-0.6100001,-1.13,-1.61,-2.11,-2.56,-2.92,-3.19,-3.460001,-3.7,-3.96,-4.23,-4.49,-4.84,-5.11,-5.340001,-5.51,-5.58,-5.51,-5.26,-4.84,-4.440001,-3.99,-3.52,-2.98,-2.63,-2.27,-1.97,-1.74,-1.51,-1.07,-0.71,-0.27,0.22,0.83
84,0.98,1.47,2.0,2.59,3.12,3.56,3.87,4.170001,4.34,4.48,4.73,4.93,5.16,5.26,5.27,5.09,5.0,4.71,4.37,4.11,3.77,3.32,3.07,2.8,2.53,2.18,1.77,1.31,0.81,0.2,-0.38,-1.02,-1.67,-2.19,-2.61,-3.04,-3.31,-3.68,-3.93,-4.21,-4.380001,-4.66,-4.77,-4.929999,-4.909999,-4.839999,-4.84,-4.78,-4.68,-4.74,-4.58,-4.380001,-4.02,-3.66,-3.22,-2.7,-2.15,-1.57,-1.1,-0.72,-0.38,-0.12,0.3099999,0.55
85,1.76,2.09,2.35,2.68,2.96,3.32,3.53,3.89,4.23,4.48,4.61,4.72,4.86,5.0,5.06,5.11,5.14,4.91,4.73,4.34,3.79,3.25,2.85,2.36,2.07,1.72,1.52,1.25,0.84,0.3,-0.25,-0.95,-1.54,-2.21,-2.73,-3.11,-3.4,-3.57,-3.86,-3.99,-4.23,-4.46,-4.679999,-4.929999,-5.05,-5.06,-5.059999,-4.94,-4.710001,-4.38,-4.02,-3.720001,-3.5,-3.47,-3.17,-2.99,-2.64,-2.23,-1.75,-1.08,-0.45,0.24,0.79,1.41
86,1.42,1.96,2.59,3.02,3.45,3.62,3.86,3.96,4.08,4.150001,4.39,4.64,4.92,5.07,5.24,5.19,5.18,4.91,4.61,4.14,3.710001,3.28,3.0,2.54,2.23,1.85,1.51,1.11,0.58,0.01,-0.57,-1.07,-1.65,-2.16,-2.6,-2.879999,-3.19,-3.47,-3.74,-4.17,-4.57,-4.83,-5.0,-4.97,-4.950001,-4.95,-4.78,-4.670001,-4.54,-4.32,-4.19,-4.13,-4.01,-3.69,-3.18,-2.73,-2.27,-1.77,-1.32,-1.07,-0.5299999,-0.05000002,0.44,1.02
87,1.02,1.46,2.11,2.68,3.13,3.51,3.78,4.03,4.24,4.59,4.7,4.999999,5.27,5.3,5.15,4.95,4.67,4.42,4.07,3.850001,3.720001,3.670001,3.34,3.08,2.72,2.24,1.77,1.11,0.52,-0.16,-0.53,-0.88,-1.28,-1.74,-2.16,-2.56,-3.04,-3.46,-3.98,-4.31,-4.67,-4.8,-4.94,-4.77,-4.82,-4.87,-4.849999,-4.8,-4.859999,-4.78,-4.670001,-4.460001,-4.03,-3.55,-2.97,-2.41,-1.94,-1.49,-1.08,-0.75,-0.41,-0.13,0.17,0.57
88,1.35,1.86,2.2,2.58,2.89,3.19,3.49,3.94,4.34,4.78,5.199999,5.429999,5.52,5.389999,5.159999,5.05,4.8,4.38,4.23,4.030001,3.85,3.650001,3.53,3.21,2.87,2.32,1.76,1.03,0.45,-0.1,-0.56,-1.03,-1.43,-1.7,-2.21,-2.61,-3.12,-3.7,-4.190001,-4.54,-4.79,-4.88,-4.99,-4.96,-4.8,-4.76,-4.7,-4.71,-4.69,-4.7,-4.56,-4.49,-4.07,-3.81,-3.28,-2.84,-2.38,-1.95,-1.41,-0.9800001,-0.53,-0.06,0.46,0.9899998
89,1.16,1.61,2.1,2.49,2.96,3.4,3.690001,4.06,4.42,4.74,4.940001,5.05,5.1,5.099999,5.07,4.949999,4.91,4.71,4.54,4.33,4.04,3.7,3.36,2.96,2.48,1.93,1.39,0.63,0.22,-0.15,-0.56,-0.8700001,-1.16,-1.69,-2.22,-2.64,-3.16,-3.77,-4.29,-4.65,-4.980001,-5.03,-5.06,-4.929999,-4.9,-4.89,-4.74,-4.62,-4.58,-4.47,-4.46,-4.26,-3.9,-3.51,-3.05,-2.54,-2.08,-1.56,-0.98,-0.72,-0.3700001,0.03,0.32,0.75
90,1.13,1.67,2.16,2.71,3.12,3.46,3.8,4.1,4.29,4.53,4.65,4.81,5.02,5.149999,5.18,5.150001,5.119999,4.91,4.74,4.4,3.88,3.51,3.1,2.64,2.31,1.85,1.54,1.17,0.64,0.24,-0.31,-0.83,-1.35,-1.8,-2.27,-2.7,-3.22,-3.61,-3.99,-4.33,-4.62,-4.969999,-5.11,-5.22,-5.09,-4.98,-4.85,-4.72,-4.599999,-4.53,-4.440001,-4.26,-4.02,-3.64,-3.22,-2.79,-2.2,-1.68,-1.3,-0.88,-0.47,-0.1,0.31,0.67
91,1.47,2.19,2.68,3.09,3.33,3.54,3.59,3.78,3.86,4.17,4.6,5.04,5.25,5.399999,5.33,5.19,4.93,4.72,4.52,4.22,4.03,3.830001,3.57,3.18,2.7,2.1,1.51,0.83,0.21,-0.35,-0.7299999,-0.9000001,-1.29,-1.66,-2.07,-2.47,-3.05,-3.640001,-4.18,-4.63,-4.929999,-4.96,-4.93,-4.849999,-4.79,-4.63,-4.61,-4.77,-4.89,-4.93,-4.86,-4.65,-4.23,-3.68,-3.1,-2.5,-1.94,-1.64,-1.42,-1.19,-0.87,-0.46,0.06999999,0.71
92,1.55,2.07,2.47,2.86,3.14,3.46,3.73,3.91,4.22,4.5,4.63,4.73,4.9,4.949999,5.079999,5.129999,5.06,4.990001,4.7,4.34,3.95,3.5,2.99,2.63,2.14,1.75,1.37,1.01,0.5400001,0.06000003,-0.4800001,-1.0,-1.53,-2.02,-2.49,-2.88,-3.25,-3.42,-3.72,-4.0,-4.22,-4.51,-4.68,-5.04,-5.26,-5.42,-5.320001,-5.150001,-4.87,-4.47,-4.05,-3.690001,-3.400001,-3.1,-2.88,-2.53,-2.46,-2.18,-1.82,-1.4,-0.9599999,-0.34,0.22,0.9299999
93,1.2,1.52,1.96,2.4,2.87,3.38,3.96,4.36,4.6,4.87,4.99,4.87,4.62,4.58,4.5,4.57,4.56,4.68,4.670001,4.64,4.32,4.01,3.48,2.84,2.27,1.64,1.05,0.72,0.43,0.11,-0.23,-0.6999999,-1.18,-1.81,-2.48,-3.07,-3.51,-3.820001,-4.070001,-4.130001,-4.38,-4.47,-4.5,-4.63,-4.89,-4.89,-4.97,-4.88,-4.95,-4.79,-4.57,-4.16,-3.65,-3.21,-2.91,-2.54,-2.16,-1.71,-1.36,-0.85,-0.41,-0.05000001,0.38,0.67
94,1.18,1.44,1.79,2.21,2.66,3.13,3.74,4.36,4.74,5.069999,5.24,5.23,5.099999,4.85,4.670001,4.53,4.490001,4.36,4.33,4.2,4.15,3.89,3.49,2.97,2.48,1.95,1.51,1.08,0.76,0.4,-0.05999997,-0.58,-1.23,-1.89,-2.539999,-3.17,-3.64,-3.97,-4.16,-4.190001,-4.27,-4.37,-4.52,-4.69,-4.899999,-5.03,-5.15,-5.15,-5.02,-4.89,-4.69,-4.35,-3.9,-3.52,-3.02,-2.62,-2.16,-1.72,-1.28,-0.76,-0.16,0.31,0.6800001,0.97
95,1.33,1.8,2.07,2.53,2.99,3.37,3.73,4.13,4.400001,4.65,4.930001,5.04,5.14,5.16,5.03,4.940001,4.78,4.54,4.400001,4.18,4.01,3.75,3.4,2.98,2.59,2.05,1.54,0.9799999,0.4199999,-0.11,-0.6999999,-1.25,-1.68,-2.12,-2.63,-3.03,-3.25,-3.56,-3.89,-4.1,-4.34,-4.44,-4.74,-4.89,-4.9,-4.9,-4.859999,-4.77,-4.78,-4.61,-4.510001,-4.23,-4.05,-3.74,-3.38,-2.94,-2.34,-1.69,-1.16,-0.6400001,-0.25,0.18,0.58,0.9799999
96,1.24,1.78,2.32,2.81,3.210001,3.58,3.87,4.03,4.15,4.32,4.48,4.67,4.920001,5.13,5.26,5.17,4.97,4.81,4.57,4.36,4.04,3.71,3.32,2.97,2.69,2.29,1.69,1.04,0.39,-0.23,-0.79,-1.34,-1.77,-2.15,-2.37,-2.61,-2.96,-3.15,-3.4,-3.85,-4.39,-4.72,-5.1,-5.29,-5.36,-5.38,-5.069999,-4.93,-4.79,-4.51,-4.31,-4.04,-3.67,-3.31,-2.95,-2.52,-2.12,-1.79,-1.39,-1.03,-0.63,-0.21,0.21,0.73
97,1.42,1.79,2.1,2.5,2.76,3.06,3.38,3.75,4.150001,4.54,4.81,5.029999,5.13,5.14,5.05,4.960001,4.9,4.690001,4.6,4.39,4.150001,3.7,3.19,2.74,2.15,1.63,1.15,0.71,0.31,-0.24,-0.6000001,-0.95,-1.35,-1.61,-2.06,-2.53,-3.07,-3.46,-3.9,-4.15,-4.37,-4.62,-4.76,-4.91,-4.95,-4.99,-4.91,-4.829999,-4.64,-4.52,-4.28,-4.01,-3.62,-3.39,-3.1,-2.8,-2.45,-1.99,-1.47,-0.89,-0.43,0.02999999,0.57,1.04
98,1.24,1.66,2.02,2.32,2.73,3.14,3.57,3.96,4.29,4.54,4.88,4.96,5.139999,5.1,5.14,5.03,4.91,4.58,4.31,4.01,3.83,3.54,3.2,2.94,2.69,2.26,1.67,1.25,0.6700001,0.12,-0.46,-1.0,-1.6,-2.12,-2.68,-3.11,-3.54,-3.92,-4.1,-4.27,-4.32,-4.44,-4.45,-4.69,-4.8,-4.96,-4.98,-5.03,-4.82,-4.69,-4.35,-3.94,-3.65,-3.28,-2.91,-2.52,-2.11,-1.66,-1.33,-0.83,-0.46,-0.03000001,0.39,0.8199999
99,1.57,1.88,2.29,2.67,2.96,3.27,3.66,3.85,4.1,4.53,4.87,5.07,5.15,5.34,5.21,5.09,4.94,4.840001,4.44,4.25,3.84,3.46,3.07,2.71,2.18,1.74,1.32,0.97,0.62,0.11,-0.27,-0.8599999,-1.34,-2.01,-2.41,-3.02,-3.42,-3.82,-4.18,-4.54,-4.699999,-4.849999,-4.98,-4.93,-4.93,-4.79,-4.76,-4.6,-4.6,-4.48,-4.440001,-4.3,-4.150001,-3.83,-3.39,-2.87,-2.34,-1.76,-1.23,-0.79,-0.27,0.14,0.6499999,1.1
100,1.32,1.73,2.25,2.74,3.25,3.61,3.95,4.18,4.32,4.5,4.63,4.92,5.07,5.33,5.38,5.33,5.15,4.89,4.46,4.01,3.68,3.32,2.96,2.63,2.29,1.98,1.76,1.3,0.94,0.26,-0.45,-1.12,-1.69,-2.29,-2.71,-3.05,-3.37,-3.680001,-3.86,-4.13,-4.42,-4.59,-4.85,-4.83,-4.99,-5.05,-5.14,-5.02,-4.94,-4.81,-4.51,-4.34,-4.0,-3.63,-3.22,-2.75,-2.18,-1.72,-1.11,-0.75,-0.23,0.08000002,0.47,0.95
101,1.06,1.71,2.25,2.83,3.46,3.81,4.12,4.31,4.530001,4.57,4.6,4.659999,4.719999,4.82,4.939999,4.97,4.95,4.81,4.61,4.39,3.93,3.56,3.27,2.94,2.61,2.29,1.84,1.35,0.8199999,0.1,-0.58,-1.09,-1.58,-2.05,-2.44,-2.84,-3.2,-3.54,-3.89,-4.24,-4.55,-4.84,-4.969999,-5.07,-5.1,-5.12,-5.030001,-5.04,-5.039999,-4.99,-4.8,-4.44,-4.05,-3.49,-2.87,-2.18,-1.77,-1.36,-1.06,-0.85,-0.6,-0.32,-0.02,0.58
102,0.93,1.32,1.88,2.39,2.97,3.440001,3.93,4.31,4.62,4.69,4.8,4.79,4.75,4.92,4.91,4.87,4.86,4.96,4.710001,4.51,4.15,3.77,3.31,2.85,2.32,1.78,1.34,0.82,0.4099999,-0.09,-0.5,-0.77,-1.13,-1.62,-2.09,-2.66,-3.15,-3.53,-4.05,-4.41,-4.59,-4.69,-4.75,-4.739999,-4.8,-4.8,-4.84,-4.94,-4.93,-4.759999,-4.61,-4.41,-4.05,-3.66,-3.17,-2.75,-2.19,-1.6,-1.1,-0.6199999,-0.27,-0.02999999,0.2,0.6
103,1.36,1.89,2.39,2.86,3.21,3.6,3.89,4.07,4.19,4.29,4.54,4.75,4.869999,5.0,4.99,4.93,5.04,4.82,4.680001,4.47,4.32,3.76,3.210001,2.73,2.15,1.7,1.23,0.64,0.25,-0.11,-0.6600001,-1.02,-1.46,-1.84,-2.27,-2.72,-3.31,-3.66,-4.06,-4.53,-4.91,-5.06,-5.17,-5.150001,-4.949999,-4.73,-4.62,-4.55,-4.44,-4.449999,-4.35,-4.24,-3.880001,-3.59,-3.16,-2.71,-2.17,-1.68,-1.26,-0.9700001,-0.44,0.1,0.49,0.91
104,1.08,1.45,1.86,2.24,2.8,3.37,3.86,4.22,4.5,4.76,4.829999,4.88,4.85,4.94,5.03,4.95,5.05,4.93,4.75,4.420001,4.07,3.57,3.09,2.68,2.19,1.93,1.77,1.35,0.8900001,0.38,-0.34,-1.01,-1.71,-2.22,-2.72,-3.12,-3.35,-3.49,-3.66,-3.920001,-4.15,-4.41,-4.690001,-4.99,-5.179999,-5.22,-5.09,-4.94,-4.7,-4.55,-4.36,-4.15,-3.92,-3.710001,-3.34,-2.81,-2.309999,-1.84,-1.23,-0.79,-0.21,0.16,0.55,0.78
105,1.2,1.55,2.0,2.46,2.94,3.46,3.94,4.38,4.58,4.69,4.75,4.849999,4.93,4.86,4.96,4.99,4.95,4.84,4.59,4.19,3.900001,3.56,3.14,2.72,2.32,1.83,1.44,0.95,0.5,0.14,-0.5,-1.04,-1.5,-2.03,-2.46,-2.8,-3.19,-3.45,-3.81,-4.14,-4.41,-4.57,-4.82,-4.93,-4.96,-5.03,-5.13,-4.9,-4.82,-4.51,-4.31,-4.11,-3.85,-3.57,-3.28,-2.84,-2.42,-1.86,-1.34,-0.8599999,-0.3,0.22,0.5,0.78
106,1.56,1.81,1.9,2.24,2.65,3.05,3.64,4.23,4.68,5.110001,5.24,5.31,5.09,4.8,4.63,4.47,4.4,4.52,4.53,4.47,4.34,4.02,3.410001,2.920001,2.26,1.79,1.33,0.91,0.55,0.16,-0.22,-0.56,-1.05,-1.62,-2.32,-2.93,-3.410001,-3.900001,-4.32,-4.57,-4.74,-4.8,-4.83,-4.81,-4.81,-4.82,-4.780001,-4.710001,-4.73,-4.64,-4.41,-4.18,-3.97,-3.56,-3.39,-3.02,-2.66,-2.3,-1.64,-0.84,-0.09,0.48,0.9800001,1.39
107,1.08,1.65,2.22,2.84,3.36,3.9,4.16,4.39,4.42,4.63,4.68,4.78,4.83,4.91,4.99,5.09,4.95,4.72,4.489999,4.23,3.93,3.58,3.17,2.76,2.63,2.17,1.62,1.03,0.46,-0.23,-0.8599999,-1.41,-1.83,-2.03,-2.38,-2.59,-3.03,-3.34,-3.6,-3.83,-4.420001,-4.8,-5.070001,-5.24,-5.369999,-5.24,-5.189999,-5.01,-4.75,-4.65,-4.37,-4.08,-3.74,-3.35,-2.92,-2.589999,-2.01,-1.53,-1.16,-0.87,-0.54,-0.29,0.14,0.56
108,1.6,1.99,2.21,2.47,2.81,3.290001,3.56,3.9,4.35,4.75,4.98,5.07,5.240001,5.34,5.37,5.190001,5.01,4.75,4.45,4.2,3.92,3.53,3.08,2.78,2.46,2.08,1.75,1.41,0.93,0.25,-0.4099999,-1.08,-1.89,-2.44,-2.94,-3.27,-3.45,-3.39,-3.47,-3.66,-4.03,-4.4,-4.79,-5.130001,-5.44,-5.62,-5.47,-5.27,-4.86,-4.37,-3.98,-3.64,-3.39,-3.26,-3.1,-2.94,-2.68,-2.35,-1.8,-1.23,-0.58,0.07999999,0.64,1.21
109,1.24,1.38,1.66,2.14,2.47,3.1,3.65,4.280001,4.73,4.99,5.130001,5.150001,5.17,5.05,4.83,4.67,4.74,4.68,4.610001,4.29,4.15,3.92,3.54,3.07,2.53,1.91,1.48,1.0,0.53,0.15,-0.18,-0.71,-1.32,-1.94,-2.58,-2.97,-3.43,-3.65,-3.85,-3.92,-4.16,-4.34,-4.65,-4.8,-4.92,-5.11,-5.329999,-5.39,-5.17,-4.91,-4.56,-4.25,-3.8,-3.56,-3.28,-2.91,-2.52,-2.06,-1.32,-0.73,-0.19,0.32,0.71,1.09
110,0.9099999,1.5,2.06,2.55,3.14,3.64,4.13,4.47,4.68,4.68,4.69,4.71,4.76,4.84,4.9,5.19,5.1,5.02,4.74,4.45,4.0,3.69,3.16,2.75,2.34,1.96,1.55,1.1,0.5699999,0.1,-0.4,-1.02,-1.67,-2.09,-2.56,-2.95,-3.3,-3.66,-3.910001,-4.14,-4.46,-4.75,-4.79,-4.88,-4.86,-4.9,-4.92,-5.0,-4.96,-4.82,-4.63,-4.380001,-4.0,-3.49,-3.05,-2.54,-1.98,-1.42,-1.0,-0.69,-0.32,-0.08999996,0.2,0.45
111,1.67,2.12,2.25,2.47,2.66,2.92,3.28,3.68,4.16,4.57,4.9,5.25,5.3,5.31,5.03,4.77,4.55,4.28,4.33,4.27,4.25,4.070001,3.85,3.43,2.92,2.26,1.55,1.0,0.39,-0.02000001,-0.44,-0.88,-1.3,-1.71,-2.33,-2.75,-3.28,-3.81,-4.150001,-4.47,-4.6,-4.68,-4.74,-4.840001,-4.87,-5.07,-5.16,-5.16,-5.02,-4.9,-4.579999,-4.24,-3.66,-3.33,-2.950001,-2.7,-2.37,-2.08,-1.7,-1.27,-0.72,-0.03999999,0.65,1.24
112,1.53,2.13,2.56,2.92,3.22,3.450001,3.56,3.73,4.04,4.34,4.73,5.04,5.24,5.27,5.18,4.98,4.930001,4.77,4.55,4.210001,4.1,3.79,3.53,3.12,2.55,1.94,1.35,0.9200002,0.35,-0.06,-0.5,-0.7800001,-1.14,-1.57,-2.15,-2.54,-3.1,-3.57,-4.06,-4.39,-4.7,-4.8,-4.81,-4.93,-5.12,-5.26,-5.28,-5.26,-5.17,-4.94,-4.460001,-3.95,-3.52,-2.99,-2.58,-2.31,-2.14,-1.94,-1.71,-1.43,-1.05,-0.4599999,0.06999999,0.87
113,1.12,1.72,2.17,2.65,3.11,3.55,3.85,4.070001,4.31,4.599999,4.889999,4.91,5.149999,5.179999,5.17,5.08,5.1,4.98,4.74,4.490001,4.06,3.74,3.24,2.83,2.38,2.02,1.56,1.22,0.62,0.16,-0.31,-0.7,-1.26,-1.78,-2.22,-2.63,-3.15,-3.69,-4.2,-4.570001,-4.81,-4.96,-4.97,-4.83,-4.77,-4.81,-4.77,-4.74,-4.79,-4.78,-4.79,-4.66,-4.45,-3.96,-3.51,-2.84,-2.33,-1.67,-1.24,-0.6499999,-0.4,-0.16,0.21,0.67
114,1.37,1.88,2.38,2.7,3.07,3.320001,3.590001,3.920001,4.26,4.57,4.93,5.25,5.360001,5.360001,5.300001,5.02,4.78,4.59,4.49,4.24,4.0,3.9,3.49,3.110001,2.55,2.01,1.37,0.7800001,0.26,-0.42,-0.75,-1.09,-1.44,-1.79,-2.12,-2.62,-3.06,-3.54,-3.93,-4.29,-4.64,-4.880001,-4.99,-5.03,-5.14,-5.01,-5.01,-4.949999,-4.89,-4.68,-4.52,-4.210001,-3.85,-3.39,-3.0,-2.58,-2.26,-1.84,-1.52,-1.1,-0.6900001,-0.14,0.35,0.8299999
115,1.31,1.85,2.35,2.81,3.1,3.37,3.73,3.89,4.09,4.41,4.75,4.97,5.14,5.19,5.22,5.029999,4.91,4.68,4.45,4.260001,4.04,3.83,3.47,3.170001,2.74,2.14,1.37,0.84,0.23,-0.33,-0.87,-1.1,-1.57,-1.92,-2.17,-2.49,-2.87,-3.26,-3.660001,-4.030001,-4.31,-4.67,-4.92,-5.09,-5.15,-5.17,-5.04,-5.079999,-4.82,-4.700001,-4.46,-4.190001,-3.830001,-3.43,-2.99,-2.55,-2.17,-1.79,-1.47,-1.17,-0.77,-0.27,0.21,0.81
116,1.51,1.9,2.16,2.6,2.84,3.31,3.76,4.18,4.75,5.01,5.28,5.18,5.1,4.82,4.65,4.47,4.56,4.53,4.7,4.72,4.55,4.08,3.59,2.92,2.15,1.51,0.8700001,0.6000001,0.1,-0.16,-0.54,-0.84,-1.21,-1.57,-2.3,-2.84,-3.4,-3.76,-4.23,-4.46,-4.63,-4.710001,-4.83,-5.079999,-5.14,-5.21,-5.19,-5.12,-4.77,-4.650001,-4.22,-3.83,-3.34,-3.14,-2.83,-2.62,-2.32,-1.91,-1.59,-1.01,-0.6700001,0.05,0.52,1.05
117,1.52,1.95,2.14,2.39,2.58,2.89,3.34,3.88,4.29,4.84,5.16,5.44,5.399999,5.19,4.929999,4.65,4.400001,4.33,4.28,4.34,4.29,4.04,3.610001,3.13,2.54,1.93,1.31,0.78,0.37,-0.16,-0.49,-0.86,-1.08,-1.5,-2.05,-2.63,-3.17,-3.71,-4.19,-4.48,-4.64,-4.690001,-4.69,-4.77,-4.84,-4.9,-5.03,-5.01,-5.0,-4.88,-4.56,-4.24,-3.77,-3.3,-2.9,-2.57,-2.22,-1.97,-1.65,-1.26,-0.68,-0.09,0.5,1.02
118,1.02,1.43,1.84,2.21,2.93,3.51,4.030001,4.29,4.63,4.87,4.98,5.0,5.05,5.07,5.05,5.07,5.0,4.84,4.55,4.3,3.82,3.45,3.05,2.84,2.54,2.32,1.89,1.45,0.87,0.2,-0.52,-1.17,-1.68,-2.29,-2.75,-3.11,-3.39,-3.660001,-3.830001,-4.13,-4.23,-4.51,-4.73,-4.94,-5.17,-5.26,-5.2,-5.07,-4.950001,-4.6,-4.29,-4.09,-3.81,-3.59,-3.25,-2.86,-2.41,-1.76,-1.09,-0.69,-0.22,0.09000004,0.42,0.61
119,1.63,2.0,2.41,2.69,2.93,3.23,3.47,3.58,4.110001,4.46,4.8,5.16,5.38,5.41,5.33,5.309999,5.01,4.71,4.34,4.110001,3.94,3.62,3.31,2.879999,2.44,2.02,1.57,0.99,0.49,-0.02999999,-0.49,-0.9300001,-1.29,-1.81,-2.23,-2.67,-3.12,-3.6,-4.15,-4.63,-4.94,-5.07,-5.25,-5.06,-5.03,-4.89,-4.84,-4.74,-4.86,-4.719999,-4.53,-4.34,-3.940001,-3.56,-3.23,-2.82,-2.34,-1.86,-1.31,-0.84,-0.36,0.07999999,0.6300001,1.11
120,1.3,1.83,2.3,2.74,3.17,3.56,3.81,4.06,4.25,4.440001,4.7,4.86,4.95,5.12,5.15,5.04,4.86,4.73,4.6,4.45,4.23,3.87,3.45,2.99,2.6,2.08,1.58,1.02,0.55,0.06999999,-0.44,-0.9400001,-1.38,-1.89,-2.34,-2.82,-3.22,-3.57,-3.94,-4.17,-4.59,-4.93,-5.08,-5.23,-5.26,-5.09,-4.989999,-4.88,-4.59,-4.45,-4.25,-4.02,-3.81,-3.620001,-3.28,-3.02,-2.58,-2.0,-1.58,-1.1,-0.61,-0.17,0.3,0.81
121,1.08,1.67,2.21,2.62,3.07,3.52,3.89,4.17,4.38,4.58,4.7,4.9,5.0,5.089999,5.1,5.03,4.77,4.619999,4.41,4.17,3.94,3.79,3.7,3.51,3.15,2.67,2.02,1.35,0.6799999,0.14,-0.45,-1.0,-1.49,-2.0,-2.51,-2.92,-3.45,-3.78,-4.05,-4.32,-4.45,-4.5,-4.54,-4.63,-4.720001,-4.88,-5.16,-5.28,-5.27,-5.21,-4.94,-4.4,-4.02,-3.53,-3.05,-2.54,-2.09,-1.7,-1.44,-1.09,-0.73,-0.4,0.09,0.5700001
122,1.43,1.91,2.31,2.81,3.26,3.49,3.7,3.98,4.25,4.360001,4.54,4.77,4.94,4.99,5.08,5.09,5.04,5.02,4.73,4.4,4.09,3.91,3.49,3.01,2.47,2.03,1.46,0.88,0.19,-0.23,-0.79,-1.14,-1.47,-1.9,-2.18,-2.5,-2.86,-3.24,-3.71,-4.28,-4.74,-5.13,-5.38,-5.45,-5.41,-5.25,-5.0,-4.900001,-4.66,-4.44,-4.24,-3.920001,-3.680001,-3.31,-2.99,-2.6,-2.24,-1.8,-1.46,-1.05,-0.7,-0.12,0.36,0.89
123,1.58,1.89,2.15,2.45,2.85,3.44,3.89,4.37,4.75,5.09,5.15,5.19,5.11,5.07,5.02,4.96,4.87,4.71,4.66,4.45,4.21,3.670001,3.22,2.7,2.24,1.73,1.44,1.09,0.72,0.24,-0.36,-1.05,-1.62,-2.07,-2.56,-2.99,-3.35,-3.55,-3.85,-4.07,-4.4,-4.71,-4.98,-5.25,-5.46,-5.599999,-5.47,-5.19,-4.72,-4.39,-4.03,-3.69,-3.59,-3.47,-3.28,-3.03,-2.68,-2.31,-1.65,-1.08,-0.42,0.25,0.74,1.24
124,1.01,1.52,1.94,2.51,3.06,3.57,4.01,4.17,4.42,4.46,4.58,4.68,4.81,4.9,5.11,5.28,5.28,5.11,4.86,4.48,4.03,3.6,3.28,2.94,2.49,2.13,1.68,1.2,0.6099999,0.04000001,-0.58,-1.07,-1.5,-1.99,-2.32,-2.68,-2.89,-3.25,-3.67,-4.14,-4.42,-4.86,-5.18,-5.35,-5.31,-5.199999,-4.9,-4.829999,-4.6,-4.51,-4.25,-4.1,-4.04,-3.77,-3.45,-2.88,-2.52,-1.96,-1.46,-0.96,-0.48,-0.02000001,0.35,0.6999999
125,0.94,1.4,1.91,2.59,3.14,3.73,4.090001,4.42,4.62,4.77,4.69,4.75,4.59,4.66,4.54,4.82,4.78,4.83,4.55,4.42,4.23,3.81,3.57,3.190001,2.77,2.27,1.73,1.04,0.5900001,0.01,-0.54,-1.06,-1.59,-1.96,-2.47,-2.85,-3.16,-3.41,-3.8,-4.05,-4.36,-4.66,-4.8,-4.82,-4.950001,-4.93,-5.07,-4.96,-5.0,-4.84,-4.74,-4.5,-4.2,-3.77,-3.2,-2.67,-2.07,-1.41,-1.0,-0.64,-0.3099999,-0.05999999,0.22,0.47
126,1.05,1.43,1.85,2.28,2.81,3.42,3.830001,4.21,4.45,4.660001,4.85,4.92,4.929999,4.97,5.15,5.27,5.319999,5.21,4.84,4.58,4.0,3.5,3.08,2.58,2.22,1.75,1.42,1.0,0.6799999,0.17,-0.41,-0.92,-1.43,-1.9,-2.35,-2.74,-3.15,-3.46,-3.88,-4.24,-4.63,-4.96,-5.05,-5.079999,-5.15,-4.99,-4.86,-4.68,-4.42,-4.23,-4.06,-3.990001,-4.0,-3.85,-3.54,-3.13,-2.52,-1.87,-1.34,-0.71,-0.17,0.17,0.47,0.7
127,1.08,1.45,1.96,2.52,3.28,3.93,4.39,4.7,4.63,4.559999,4.46,4.4,4.47,4.57,4.74,5.03,5.139999,5.11,4.93,4.599999,4.19,3.650001,3.24,2.62,2.21,1.77,1.33,0.75,0.31,-0.29,-0.74,-1.23,-1.62,-1.86,-2.18,-2.47,-2.87,-3.28,-3.86,-4.37,-4.92,-5.26,-5.55,-5.58,-5.320001,-5.02,-4.659999,-4.22,-4.11,-4.04,-3.910001,-3.880001,-3.91,-3.84,-3.64,-3.23,-2.47,-1.86,-1.11,-0.49,0.07,0.45,0.7399999,0.7800001
128,1.5,1.97,2.539999,2.8,3.19,3.35,3.7,3.870001,4.300001,4.530001,4.89,5.14,5.320001,5.32,5.12,4.960001,4.67,4.639999,4.38,4.24,4.07,3.95,3.61,3.27,2.67,2.03,1.33,0.8000001,0.2,-0.16,-0.36,-0.8000001,-1.16,-1.64,-2.24,-2.88,-3.36,-3.91,-4.17,-4.48,-4.57,-4.66,-4.68,-4.76,-4.75,-4.87,-5.11,-5.18,-5.25,-5.04,-4.87,-4.37,-3.94,-3.32,-2.93,-2.41,-2.11,-1.84,-1.58,-1.23,-0.85,-0.33,0.22,0.87
129,1.37,1.77,2.34,2.72,3.170001,3.49,3.77,3.92,4.14,4.360001,4.78,4.99,5.27,5.420001,5.42,5.31,4.99,4.7,4.280001,3.88,3.43,3.09,2.91,2.8,2.53,2.3,1.67,1.23,0.6399999,0.03,-0.64,-1.18,-1.63,-2.1,-2.309999,-2.67,-2.97,-3.38,-3.79,-4.32,-4.68,-5.09,-5.179999,-5.289999,-5.15,-4.93,-4.7,-4.47,-4.410001,-4.260001,-4.27,-4.13,-4.02,-3.77,-3.28,-2.83,-2.32,-1.79,-1.31,-0.8200001,-0.42,-0.06000004,0.4,0.83
130,1.29,1.78,2.35,2.82,3.24,3.53,3.89,3.97,4.22,4.52,4.94,5.14,5.24,5.24,5.170001,4.95,4.73,4.61,4.41,4.29,4.04,3.92,3.51,3.13,2.61,2.03,1.31,0.75,0.17,-0.28,-0.83,-1.19,-1.61,-1.88,-2.24,-2.76,-3.21,-3.8,-4.130001,-4.56,-4.71,-4.849999,-4.78,-4.78,-4.98,-5.21,-5.26,-5.309999,-5.22,-5.04,-4.72,-4.22,-3.6,-3.02,-2.61,-2.01,-1.69,-1.43,-1.27,-0.92,-0.55,-0.2,0.16,0.69
131,1.36,2.13,2.54,3.09,3.45,3.68,3.84,3.9,3.91,4.04,4.26,4.48,4.78,5.06,5.36,5.459999,5.45,5.159999,4.74,4.3,3.74,3.27,2.85,2.5,2.36,2.07,1.76,1.43,0.8200001,0.27,-0.38,-1.05,-1.64,-2.02,-2.4,-2.8,-3.15,-3.440001,-3.83,-4.18,-4.5,-4.75,-4.86,-5.08,-5.050001,-5.140001,-5.05,-5.01,-4.88,-4.72,-4.49,-4.14,-3.73,-3.31,-2.91,-2.54,-2.09,-1.75,-1.37,-0.9599999,-0.76,-0.35,0.07,0.64
132,1.11,1.58,2.05,2.86,3.39,3.88,4.16,4.35,4.5,4.5,4.35,4.44,4.62,4.92,5.240001,5.46,5.600001,5.429999,5.14,4.51,3.91,3.33,2.75,2.33,2.19,1.97,1.7,1.39,0.99,0.33,-0.39,-1.14,-1.81,-2.28,-2.62,-2.93,-3.13,-3.21,-3.44,-3.890001,-4.44,-4.94,-5.32,-5.5,-5.49,-5.39,-5.08,-4.79,-4.44,-4.18,-4.15,-4.05,-3.93,-3.85,-3.680001,-3.25,-2.61,-1.93,-1.31,-0.7900002,-0.37,0.1,0.42,0.79
133,1.15,1.76,2.29,2.76,3.29,3.64,4.06,4.34,4.400001,4.56,4.65,4.8,4.93,5.12,5.22,5.18,5.08,4.73,4.45,4.05,3.71,3.57,3.37,3.1,2.83,2.4,1.9,1.23,0.6,-0.05,-0.6599999,-1.17,-1.7,-2.1,-2.37,-2.68,-3.02,-3.37,-3.82,-4.14,-4.539999,-4.76,-4.97,-5.039999,-5.08,-5.06,-5.1,-5.02,-4.94,-4.88,-4.68,-4.369999,-4.0,-3.56,-3.13,-2.67,-2.21,-1.77,-1.39,-0.93,-0.65,-0.17,0.18,0.6199999
134,1.58,1.86,2.16,2.6,3.01,3.39,3.77,4.06,4.26,4.45,4.7,4.78,4.8,5.06,5.16,5.26,5.35,5.13,4.96,4.5,4.01,3.440001,2.81,2.39,1.96,1.59,1.29,1.03,0.7,0.19,-0.28,-0.83,-1.48,-2.08,-2.63,-3.03,-3.26,-3.600001,-3.73,-3.99,-4.3,-4.75,-5.09,-5.28,-5.47,-5.4,-5.18,-4.85,-4.48,-4.14,-3.86,-3.67,-3.55,-3.48,-3.390001,-3.11,-2.76,-2.21,-1.63,-1.03,-0.24,0.35,0.83,1.25
135,1.39,1.83,2.24,2.56,2.91,3.3,3.74,4.15,4.43,4.77,4.93,5.009999,4.94,4.72,4.62,4.68,4.57,4.59,4.61,4.590001,4.48,4.21,3.820001,3.23,2.64,1.93,1.24,0.6199999,0.16,-0.26,-0.47,-0.83,-1.23,-1.76,-2.35,-2.82,-3.28,-3.600001,-3.89,-4.14,-4.39,-4.61,-4.81,-4.989999,-5.19,-5.38,-5.4,-5.24,-5.08,-4.73,-4.33,-3.9,-3.390001,-3.08,-2.78,-2.59,-2.26,-1.97,-1.57,-1.17,-0.5900001,0.01,0.5700001,1.05
136,1.12,1.65,2.19,2.61,3.18,3.64,3.89,4.1,4.31,4.46,4.739999,4.86,5.0,5.09,5.15,5.07,4.960001,4.7,4.45,4.210001,3.88,3.64,3.15,2.94,2.52,2.31,1.98,1.44,0.81,0.12,-0.54,-1.21,-1.72,-2.18,-2.48,-2.79,-2.91,-3.26,-3.630001,-4.09,-4.420001,-4.800001,-5.0,-5.219999,-5.199999,-5.119999,-4.96,-4.87,-4.73,-4.55,-4.43,-4.25,-4.01,-3.79,-3.37,-2.77,-2.319999,-1.8,-1.35,-0.84,-0.43,-0.13,0.18,0.64
137,1.32,1.66,2.06,2.52,3.04,3.47,3.99,4.39,4.61,4.9,5.05,5.12,5.05,5.11,5.04,4.94,4.849999,4.699999,4.43,4.38,4.24,4.04,3.73,3.25,2.76,2.15,1.54,0.85,0.22,-0.34,-0.73,-1.02,-1.31,-1.68,-2.19,-2.62,-3.13,-3.74,-4.130001,-4.48,-4.69,-4.84,-5.04,-5.17,-5.21,-5.1,-4.98,-4.910001,-4.92,-4.68,-4.49,-4.210001,-3.990001,-3.63,-3.36,-2.8,-2.37,-1.84,-1.38,-0.8700001,-0.38,0.00999997,0.46,0.84
138,1.66,2.15,2.43,2.68,2.85,3.06,3.42,3.76,4.34,4.79,5.11,5.43,5.650001,5.58,5.46,5.1,4.72,4.47,4.27,4.03,3.92,3.81,3.580001,3.33,2.79,2.2,1.68,1.05,0.4299999,-0.19,-0.64,-0.99,-1.37,-1.88,-2.33,-2.94,-3.43,-3.850001,-4.11,-4.35,-4.47,-4.54,-4.63,-4.82,-4.91,-5.03,-5.24,-5.33,-5.3,-5.08,-4.74,-4.38,-3.79,-3.380001,-3.05,-2.63,-2.34,-1.98,-1.57,-1.12,-0.57,-0.07,0.48,1.05
139,1.09,1.52,1.95,2.46,3.02,3.59,3.88,4.31,4.59,4.71,4.93,5.05,5.06,5.11,5.23,5.14,5.07,4.85,4.64,4.3,3.98,3.57,3.26,2.82,2.55,2.12,1.63,1.13,0.61,0.07,-0.54,-1.11,-1.64,-2.14,-2.619999,-2.87,-3.210001,-3.640001,-4.06,-4.320001,-4.65,-4.86,-4.96,-5.03,-5.08,-5.08,-4.98,-4.83,-4.77,-4.63,-4.39,-4.19,-3.96,-3.7,-3.27,-2.89,-2.31,-1.9,-1.29,-0.74,-0.21,0.21,0.5,0.85
140,1.33,1.78,2.26,2.61,2.99,3.28,3.76,4.140001,4.52,4.64,4.85,5.0,5.17,5.17,5.1,5.09,5.07,4.97,4.81,4.62,4.24,3.92,3.46,2.9,2.34,2.13,1.66,1.1,0.56,0.0,-0.59,-1.12,-1.55,-2.15,-2.48,-2.88,-3.19,-3.51,-3.85,-4.15,-4.39,-4.75,-4.92,-5.12,-5.02,-5.119999,-5.06,-4.93,-4.79,-4.71,-4.61,-4.34,-4.09,-3.68,-3.35,-2.9,-2.46,-1.96,-1.53,-1.14,-0.57,-0.11,0.44,0.8200001
141,1.16,1.65,2.12,2.53,3.01,3.61,4.05,4.37,4.7,4.82,4.89,4.93,4.92,4.95,4.960001,4.92,4.929999,4.859999,4.64,4.54,4.3,3.85,3.49,3.0,2.35,1.77,1.19,0.63,0.14,-0.2400001,-0.5900001,-0.92,-1.36,-1.79,-2.17,-2.7,-3.1,-3.48,-3.9,-4.22,-4.539999,-4.799999,-4.94,-5.2,-5.37,-5.34,-5.31,-5.21,-4.920001,-4.650001,-4.38,-4.02,-3.690001,-3.32,-2.95,-2.49,-2.17,-1.71,-1.38,-0.9200001,-0.5,-0.06999998,0.36,0.73
142,1.46,2.23,2.75,3.23,3.430001,3.61,3.72,3.92,4.08,4.22,4.52,4.85,5.19,5.42,5.49,5.36,5.29,5.09,4.67,4.27,3.960001,3.57,3.28,2.83,2.42,1.98,1.45,0.96,0.48,-0.15,-0.59,-1.12,-1.46,-1.72,-2.17,-2.7,-3.27,-3.75,-4.2,-4.64,-4.86,-5.02,-4.95,-4.89,-4.8,-4.91,-4.97,-4.969999,-4.9,-4.88,-4.68,-4.33,-3.97,-3.54,-3.03,-2.56,-2.21,-1.87,-1.59,-1.26,-0.9800001,-0.52,0.07,0.84
143,1.38,1.84,2.14,2.63,3.11,3.46,3.83,4.2,4.45,4.75,4.9,5.070001,5.16,5.23,5.18,5.02,4.829999,4.65,4.47,4.22,4.04,3.74,3.53,3.22,2.75,2.14,1.52,0.9,0.28,-0.3,-0.81,-1.21,-1.51,-1.78,-2.15,-2.64,-2.92,-3.36,-3.68,-4.08,-4.42,-4.69,-5.06,-5.289999,-5.37,-5.46,-5.41,-5.32,-5.09,-4.81,-4.41,-4.05,-3.58,-3.12,-2.74,-2.44,-2.21,-2.0,-1.66,-1.35,-0.8400001,-0.33,0.24,0.89
144,1.16,1.65,2.16,2.77,3.29,3.66,3.97,4.32,4.46,4.7,4.88,5.15,5.28,5.409999,5.420001,5.27,4.99,4.66,4.35,4.03,3.72,3.48,3.22,3.07,2.78,2.41,1.83,1.04,0.34,-0.43,-1.0,-1.43,-1.71,-1.94,-2.16,-2.4,-2.69,-3.2,-3.76,-4.37,-4.89,-5.25,-5.4,-5.3,-5.13,-4.889999,-4.72,-4.61,-4.62,-4.570001,-4.59,-4.54,-4.21,-3.74,-3.23,-2.74,-2.14,-1.62,-1.12,-0.8400001,-0.49,-0.1,0.28,0.65
145,1.46,1.79,2.08,2.46,2.8,3.27,3.74,4.19,4.7,5.05,5.27,5.18,5.29,5.32,5.12,4.88,4.73,4.54,4.35,4.17,4.05,3.92,3.63,3.16,2.68,2.12,1.52,1.04,0.45,-0.01000001,-0.48,-0.9700001,-1.47,-2.02,-2.47,-2.94,-3.36,-3.72,-3.97,-4.1,-4.37,-4.52,-4.72,-5.009999,-5.18,-5.46,-5.53,-5.449999,-5.21,-4.92,-4.5,-4.1,-3.72,-3.25,-3.01,-2.82,-2.52,-2.17,-1.67,-1.09,-0.48,0.07,0.55,1.1
146,1.58,1.91,2.23,2.47,2.59,2.98,3.29,3.72,4.14,4.49,4.85,5.23,5.47,5.530001,5.409999,5.19,5.039999,4.87,4.49,4.27,4.110001,3.83,3.390001,2.98,2.56,2.0,1.51,1.14,0.7,0.26,-0.14,-0.6299999,-1.16,-1.72,-2.32,-2.91,-3.54,-3.95,-4.32,-4.48,-4.63,-4.66,-4.66,-4.7,-4.74,-4.88,-5.08,-5.14,-5.100001,-4.98,-4.77,-4.460001,-4.150001,-3.7,-3.37,-3.01,-2.539999,-2.16,-1.63,-0.9900002,-0.37,0.07999999,0.6799999,1.21
147,1.43,1.8,2.21,2.63,3.09,3.440001,3.75,4.04,4.3,4.39,4.54,4.76,5.02,5.32,5.52,5.44,5.349999,4.96,4.69,4.23,3.87,3.44,3.1,2.79,2.56,2.11,1.73,1.29,0.7099999,0.1700001,-0.54,-1.03,-1.54,-1.99,-2.48,-2.79,-3.24,-3.63,-3.94,-4.28,-4.63,-4.92,-5.02,-5.07,-5.07,-4.9,-4.84,-4.88,-4.84,-4.78,-4.53,-4.190001,-3.74,-3.56,-3.1,-2.79,-2.32,-1.88,-1.35,-0.86,-0.48,-0.07,0.44,1.04
148,1.31,1.76,2.05,2.58,2.94,3.52,3.91,4.35,4.57,4.79,5.03,5.13,5.179999,5.12,5.32,5.32,5.259999,5.05,4.8,4.59,4.19,3.82,3.43,3.06,2.53,2.15,1.57,1.09,0.48,0.009999973,-0.48,-0.95,-1.51,-1.98,-2.47,-2.97,-3.41,-3.83,-4.12,-4.39,-4.55,-4.69,-4.75,-4.96,-4.940001,-5.03,-5.04,-5.09,-5.07,-5.0,-4.84,-4.48,-4.13,-3.74,-3.25,-2.78,-2.29,-1.87,-1.43,-0.93,-0.55,0.05999999,0.52,0.91
149,1.64,2.23,2.78,3.28,3.560001,3.68,3.75,3.75,3.97,4.1,4.45,4.72,5.06,5.36,5.43,5.34,5.28,5.07,4.74,4.42,4.09,3.8,3.34,2.81,2.26,1.86,1.28,0.8799999,0.5,0.14,-0.22,-0.6800001,-1.22,-1.8,-2.38,-2.88,-3.440001,-3.88,-4.2,-4.38,-4.49,-4.67,-4.69,-4.85,-4.95,-5.07,-5.14,-5.09,-5.1,-4.93,-4.7,-4.24,-3.81,-3.37,-2.98,-2.54,-2.29,-1.85,-1.66,-1.27,-0.8599999,-0.5900001,0.07000002,0.86
150,1.36,1.91,2.3,2.71,3.28,3.61,3.95,4.25,4.57,4.81,4.99,5.0,5.0,4.98,4.84,4.9,4.929999,4.87,4.82,4.66,4.21,3.92,3.4,2.92,2.27,1.77,1.23,0.8700001,0.47,0.01000002,-0.52,-1.02,-1.54,-1.97,-2.45,-2.94,-3.17,-3.53,-3.81,-4.18,-4.45,-4.739999,-4.84,-5.099999,-5.23,-5.34,-5.279999,-5.17,-4.98,-4.72,-4.43,-4.04,-3.84,-3.47,-3.02,-2.62,-2.35,-2.05,-1.64,-1.06,-0.52,-0.03,0.44,0.91
151,1.49,2.2,2.63,3.04,3.19,3.31,3.55,3.84,4.14,4.47,4.89,5.18,5.36,5.599999,5.539999,5.34,5.01,4.66,4.28,3.97,3.8,3.57,3.31,2.94,2.52,2.14,1.53,1.0,0.46,0.03,-0.43,-0.85,-1.35,-1.89,-2.49,-3.03,-3.63,-4.13,-4.45,-4.54,-4.63,-4.67,-4.6,-4.66,-4.74,-4.97,-5.25,-5.37,-5.37,-5.3,-4.92,-4.31,-3.710001,-2.94,-2.39,-2.1,-1.85,-1.73,-1.62,-1.34,-0.91,-0.36,0.27,0.89
152,1.47,2.0,2.42,2.76,3.01,3.2,3.46,3.85,4.26,4.6,5.029999,5.32,5.51,5.5,5.37,5.16,4.82,4.37,4.110001,3.890001,3.91,3.810001,3.660001,3.430001,2.98,2.45,1.64,0.7900001,0.11,-0.42,-0.78,-0.98,-1.37,-1.69,-2.06,-2.54,-3.16,-3.73,-4.3,-4.84,-5.04,-5.159999,-5.02,-4.81,-4.6,-4.51,-4.42,-4.630001,-4.76,-4.89,-4.81,-4.68,-4.26,-3.79,-3.19,-2.74,-2.2,-1.76,-1.42,-1.01,-0.6,-0.14,0.41,1.0
153,1.07,1.73,2.33,2.76,3.14,3.46,3.710001,4.0,4.22,4.5,4.82,4.98,5.23,5.38,5.26,5.07,4.94,4.6,4.420001,4.22,4.07,3.89,3.52,3.180001,2.71,2.14,1.49,0.9700001,0.38,-0.2,-0.62,-1.02,-1.44,-1.68,-2.07,-2.57,-2.97,-3.51,-3.99,-4.400001,-4.6,-4.66,-4.700001,-4.74,-4.710001,-4.77,-4.97,-5.07,-5.17,-5.27,-5.07,-4.61,-4.14,-3.61,-3.06,-2.509999,-1.93,-1.54,-1.19,-0.99,-0.79,-0.39,0.08000001,0.6000001
154,0.86,1.22,1.86,2.46,3.19,3.86,4.28,4.64,4.75,4.8,4.650001,4.49,4.4,4.53,4.63,4.89,5.09,5.21,5.06,4.78,4.21,3.63,2.98,2.4,2.0,1.69,1.41,1.16,0.8799999,0.41,-0.19,-0.88,-1.62,-2.2,-2.71,-3.09,-3.34,-3.42,-3.61,-3.730001,-3.9,-4.19,-4.59,-4.99,-5.27,-5.43,-5.54,-5.26,-4.88,-4.550001,-4.29,-4.02,-3.880001,-3.560001,-3.2,-2.81,-2.36,-1.8,-1.23,-0.6900001,-0.26,0.07,0.28,0.57
155,1.35,1.65,2.07,2.45,2.88,3.34,3.82,4.17,4.55,4.77,4.94,5.03,5.18,5.22,5.2,5.09,4.99,4.809999,4.570001,4.31,4.01,3.58,3.34,3.0,2.59,2.15,1.61,1.09,0.43,-0.13,-0.58,-1.03,-1.39,-1.85,-2.17,-2.69,-3.25,-3.55,-3.91,-4.23,-4.49,-4.66,-4.88,-5.05,-5.21,-5.32,-5.36,-5.23,-5.069999,-4.81,-4.56,-4.21,-3.82,-3.360001,-2.91,-2.55,-2.32,-1.88,-1.52,-0.9699999,-0.4899999,0.11,0.55,0.9899999
156,1.09,1.52,2.03,2.63,3.13,3.6,3.95,4.37,4.5,4.66,4.7,4.779999,4.989999,5.02,5.12,5.16,5.24,5.190001,4.97,4.670001,4.18,3.740001,3.24,2.69,2.3,1.87,1.58,1.21,0.6999999,0.02,-0.61,-1.21,-1.74,-2.12,-2.43,-2.77,-3.0,-3.3,-3.47,-3.93,-4.41,-4.71,-5.27,-5.4,-5.47,-5.3,-5.08,-4.9,-4.7,-4.54,-4.39,-4.24,-4.03,-3.690001,-3.28,-2.85,-2.22,-1.79,-1.24,-0.84,-0.46,-0.07,0.32,0.67
157,1.15,1.55,2.11,2.59,3.01,3.420001,3.69,3.87,4.13,4.24,4.5,4.839999,5.19,5.35,5.35,5.4,5.19,4.960001,4.63,4.34,4.02,3.8,3.45,3.05,2.58,2.47,1.98,1.38,0.8099999,0.15,-0.48,-1.03,-1.48,-1.96,-2.29,-2.67,-3.14,-3.410001,-3.66,-4.07,-4.49,-4.859999,-5.11,-5.34,-5.42,-5.43,-5.370001,-5.180001,-4.99,-4.68,-4.52,-4.190001,-3.77,-3.49,-3.21,-2.79,-2.39,-1.84,-1.42,-1.0,-0.46,-0.09,0.39,0.7
158,1.36,1.5,1.61,1.87,2.35,2.99,3.6,4.25,4.74,5.07,5.28,5.27,5.140001,5.02,4.87,4.71,4.81,4.76,4.86,4.71,4.54,4.13,3.710001,3.19,2.55,2.1,1.7,1.31,0.83,0.28,-0.33,-0.8699999,-1.52,-2.18,-2.67,-3.09,-3.38,-3.48,-3.62,-3.73,-3.990001,-4.43,-4.93,-5.29,-5.72,-5.87,-5.79,-5.45,-5.0,-4.51,-4.08,-3.82,-3.58,-3.58,-3.48,-3.32,-3.12,-2.55,-1.83,-0.94,-0.19,0.42,1.03,1.36
159,1.14,1.57,2.02,2.63,3.38,3.83,4.21,4.34,4.45,4.3,4.3,4.23,4.47,4.87,5.2,5.49,5.559999,5.48,5.210001,4.77,4.11,3.45,2.82,2.34,1.98,1.86,1.63,1.39,1.03,0.43,-0.3,-1.12,-1.85,-2.48,-2.85,-3.11,-3.19,-3.17,-3.29,-3.56,-3.93,-4.42,-4.92,-5.38,-5.62,-5.71,-5.53,-5.23,-4.849999,-4.44,-4.05,-3.640001,-3.460001,-3.31,-3.2,-2.97,-2.59,-2.07,-1.51,-0.96,-0.43,-0.06,0.35,0.73
160,1.22,1.55,1.88,2.37,2.79,3.420001,3.920001,4.300001,4.62,4.86,5.02,5.15,5.33,5.34,5.25,5.13,4.99,4.76,4.59,4.4,4.06,3.8,3.39,2.92,2.44,1.95,1.41,0.94,0.4,0.05,-0.23,-0.73,-1.29,-1.84,-2.47,-2.94,-3.44,-3.81,-4.14,-4.39,-4.56,-4.8,-4.93,-5.13,-5.199999,-5.24,-5.26,-5.09,-4.91,-4.7,-4.47,-4.27,-4.03,-3.77,-3.43,-3.05,-2.58,-1.93,-1.33,-0.64,-0.15,0.31,0.62,0.95
161,1.34,1.9,2.34,2.73,3.120001,3.47,3.72,3.92,4.12,4.37,4.68,4.93,5.11,5.27,5.32,5.24,5.02,4.76,4.5,4.27,4.01,3.73,3.4,2.93,2.55,2.17,1.61,1.14,0.69,0.23,-0.24,-0.86,-1.32,-1.65,-2.15,-2.46,-2.87,-3.34,-3.88,-4.22,-4.66,-4.98,-5.27,-5.29,-5.39,-5.38,-5.27,-5.06,-4.960001,-4.75,-4.37,-4.06,-3.66,-3.27,-2.87,-2.61,-2.34,-2.04,-1.78,-1.4,-0.9700002,-0.46,0.18,0.6900001
162,1.69,2.1,2.41,2.69,3.01,3.34,3.76,4.170001,4.440001,4.83,4.99,5.16,5.139999,5.01,4.94,4.880001,4.900001,4.82,4.74,4.54,4.33,4.02,3.56,2.96,2.41,1.84,1.35,0.79,0.41,0.01,-0.42,-0.86,-1.27,-1.76,-2.36,-2.88,-3.36,-3.81,-4.110001,-4.26,-4.46,-4.63,-4.849999,-4.98,-5.16,-5.3,-5.32,-5.31,-5.1,-4.79,-4.4,-4.01,-3.67,-3.32,-2.93,-2.81,-2.53,-2.25,-1.83,-1.34,-0.7599999,-0.16,0.54,1.13
163,1.39,1.68,1.97,2.25,2.61,2.950001,3.57,3.94,4.35,4.82,5.150001,5.27,5.38,5.21,5.060001,4.87,4.670001,4.53,4.23,4.15,3.91,3.78,3.53,3.27,2.76,2.35,1.85,1.37,0.77,0.2,-0.34,-0.91,-1.47,-1.95,-2.43,-2.93,-3.34,-3.76,-3.92,-4.16,-4.32,-4.5,-4.63,-4.860001,-4.99,-5.05,-5.179999,-5.14,-4.92,-4.77,-4.52,-4.25,-4.05,-3.6,-3.39,-2.84,-2.4,-1.97,-1.5,-0.96,-0.51,0.04,0.53,0.97
164,1.47,1.79,2.12,2.57,2.88,3.34,3.73,4.18,4.46,4.73,4.9,4.99,5.03,5.03,5.0,5.01,4.97,4.909999,4.81,4.43,4.260001,3.86,3.29,2.77,2.3,1.87,1.37,0.86,0.44,-0.07,-0.32,-0.7799999,-1.26,-1.79,-2.34,-2.85,-3.25,-3.62,-4.01,-4.24,-4.55,-4.78,-5.039999,-5.19,-5.22,-5.19,-5.04,-4.81,-4.54,-4.33,-3.99,-3.78,-3.53,-3.36,-3.190001,-2.92,-2.54,-2.11,-1.66,-1.2,-0.52,0.08,0.59,1.06
165,1.45,1.64,1.94,2.24,2.69,3.25,3.78,4.380001,4.840001,5.11,5.19,5.02,4.87,4.65,4.52,4.47,4.65,4.91,5.0,4.92,4.64,4.13,3.41,2.61,2.01,1.43,1.02,0.67,0.51,0.37,0.12,-0.3,-0.9400001,-1.67,-2.44,-3.16,-3.670001,-4.12,-4.29,-4.21,-4.289999,-4.26,-4.42,-4.54,-4.8,-5.049999,-5.31,-5.44,-5.32,-5.01,-4.57,-4.110001,-3.74,-3.24,-2.97,-2.65,-2.4,-2.16,-1.74,-1.28,-0.5,0.15,0.7,1.1
166,1.52,1.96,2.279999,2.55,2.93,3.23,3.650001,4.0,4.4,4.71,4.920001,5.05,5.14,5.16,5.15,4.94,4.8,4.66,4.44,4.28,3.97,3.75,3.370001,3.05,2.48,2.04,1.47,1.05,0.55,0.1,-0.44,-0.76,-1.43,-1.97,-2.46,-2.83,-3.16,-3.53,-3.93,-4.24,-4.4,-4.62,-4.79,-4.97,-5.11,-5.18,-5.26,-5.160001,-4.92,-4.61,-4.35,-4.02,-3.8,-3.52,-3.22,-2.83,-2.59,-2.14,-1.65,-1.07,-0.58,0.04999999,0.51,1.11
167,1.14,1.74,2.13,2.62,2.98,3.44,3.77,4.07,4.33,4.570001,4.87,5.1,5.1,5.3,5.25,5.16,5.08,4.93,4.74,4.3,3.97,3.42,3.02,2.61,2.19,1.86,1.54,1.3,0.8700001,0.38,-0.21,-0.7699999,-1.38,-1.92,-2.51,-2.97,-3.4,-3.72,-4.06,-4.23,-4.4,-4.47,-4.59,-4.67,-4.81,-4.86,-4.84,-4.91,-4.97,-4.94,-4.67,-4.400001,-4.070001,-3.77,-3.31,-2.85,-2.33,-1.82,-1.44,-0.83,-0.4400001,-0.02,0.31,0.6799999
168,1.31,1.6,1.97,2.4,2.92,3.41,3.760001,4.1,4.36,4.57,4.75,4.86,4.96,5.049999,5.16,5.18,5.15,5.02,4.8,4.45,4.01,3.47,2.85,2.53,2.16,1.83,1.6,1.22,0.9099999,0.5,-0.07999998,-0.7199999,-1.51,-2.22,-2.81,-3.24,-3.58,-3.79,-3.93,-4.19,-4.29,-4.43,-4.67,-4.88,-5.07,-5.09,-5.15,-5.12,-4.98,-4.75,-4.41,-4.08,-3.8,-3.58,-3.2,-2.76,-2.38,-1.87,-1.37,-0.8200001,-0.34,0.21,0.61,0.9499999
169,1.67,1.93,2.18,2.32,2.72,3.06,3.600001,4.08,4.63,5.08,5.32,5.39,5.26,5.05,4.89,4.679999,4.57,4.66,4.66,4.61,4.57,4.21,3.67,3.1,2.41,1.84,1.44,1.02,0.49,-0.1,-0.5599999,-1.03,-1.56,-2.05,-2.5,-2.97,-3.38,-3.78,-3.920001,-4.14,-4.25,-4.56,-4.799999,-5.01,-5.21,-5.33,-5.380001,-5.360001,-5.09,-4.69,-4.29,-3.83,-3.49,-3.17,-3.03,-2.81,-2.58,-2.28,-1.82,-1.24,-0.54,0.12,0.7199999,1.31
170,1.12,1.53,1.95,2.35,2.94,3.46,3.89,4.34,4.47,4.63,4.7,4.79,4.8,5.02,5.11,5.25,5.14,5.04,4.66,4.4,3.94,3.52,3.06,2.69,2.46,2.16,1.77,1.33,0.96,0.4,-0.18,-0.8199999,-1.48,-2.04,-2.57,-2.96,-3.25,-3.560001,-3.85,-4.18,-4.55,-4.799999,-4.98,-5.17,-5.31,-5.15,-5.07,-4.93,-4.73,-4.59,-4.45,-4.22,-3.97,-3.63,-3.26,-2.85,-2.29,-1.74,-1.2,-0.74,-0.31,-0.03999999,0.35,0.79
171,0.8700001,1.46,2.15,2.92,3.47,3.900001,4.28,4.29,4.33,4.32,4.47,4.67,5.01,5.21,5.44,5.460001,5.42,5.14,4.73,4.25,3.82,3.53,3.15,2.93,2.59,2.21,1.72,1.16,0.48,-0.13,-0.6700001,-1.25,-1.7,-2.04,-2.34,-2.6,-2.96,-3.41,-3.95,-4.46,-4.66,-5.039999,-5.19,-5.21,-5.150001,-5.03,-4.87,-4.779999,-4.829999,-4.88,-4.869999,-4.840001,-4.58,-4.02,-3.26,-2.45,-1.76,-1.12,-0.65,-0.3600001,-0.19,-0.09,0.09,0.38
172,1.6,2.05,2.47,2.71,3.1,3.38,3.58,3.9,4.33,4.71,5.12,5.52,5.75,5.73,5.45,5.130001,4.66,4.3,4.03,3.89,3.84,3.78,3.62,3.35,2.93,2.23,1.58,0.9099999,0.26,-0.35,-0.73,-1.16,-1.53,-1.99,-2.32,-2.84,-3.35,-3.74,-4.13,-4.37,-4.52,-4.68,-4.73,-4.83,-5.08,-5.16,-5.41,-5.409999,-5.27,-4.92,-4.57,-4.18,-3.65,-3.220001,-2.8,-2.47,-2.18,-1.94,-1.59,-1.2,-0.69,-0.16,0.47,1.09
173,1.32,2.02,2.6,3.04,3.33,3.5,3.64,3.82,4.110001,4.38,4.84,5.11,5.45,5.649999,5.679999,5.45,5.05,4.63,4.18,3.8,3.6,3.54,3.44,3.27,2.98,2.56,1.86,1.09,0.29,-0.41,-0.9800001,-1.48,-1.78,-1.98,-2.09,-2.31,-2.74,-3.28,-3.97,-4.55,-4.88,-5.14,-5.13,-5.21,-5.079999,-5.009999,-4.92,-4.85,-4.85,-4.8,-4.69,-4.47,-4.07,-3.51,-2.82,-2.29,-1.86,-1.53,-1.32,-1.23,-1.0,-0.55,-0.03,0.56
174,1.55,2.06,2.37,2.61,2.86,3.13,3.359999,3.8,4.23,4.77,5.17,5.51,5.58,5.449999,5.23,5.04,4.76,4.5,4.27,4.08,3.96,3.87,3.59,3.2,2.79,2.18,1.51,0.8900001,0.3,-0.28,-0.7,-0.94,-1.22,-1.52,-2.0,-2.53,-3.12,-3.63,-4.17,-4.47,-4.82,-4.9,-4.9,-4.92,-4.92,-4.93,-4.88,-4.78,-4.81,-4.68,-4.48,-4.17,-3.8,-3.51,-3.14,-2.8,-2.42,-2.19,-1.9,-1.37,-0.78,-0.26,0.38,0.99
175,1.18,1.75,2.24,2.85,3.25,3.57,3.77,4.06,4.11,4.38,4.659999,4.82,4.98,5.23,5.26,5.37,5.24,4.88,4.63,4.3,3.93,3.66,3.35,2.98,2.65,2.26,1.64,1.0,0.4099999,-0.17,-0.7799999,-1.18,-1.41,-1.77,-2.12,-2.38,-2.78,-3.17,-3.76,-4.29,-4.72,-4.97,-5.1,-5.1,-5.13,-5.12,-5.010001,-4.84,-4.73,-4.56,-4.44,-4.280001,-3.97,-3.74,-3.27,-2.93,-2.37,-1.93,-1.49,-1.13,-0.6299999,-0.25,0.22,0.65
176,1.5,1.89,2.17,2.35,2.65,3.0,3.470001,3.910001,4.44,4.88,5.26,5.37,5.31,5.2,4.95,4.739999,4.48,4.3,4.16,4.13,3.98,3.81,3.46,3.08,2.52,2.02,1.46,0.99,0.6,0.13,-0.52,-1.0,-1.47,-1.74,-2.31,-2.77,-3.18,-3.52,-3.79,-4.05,-4.21,-4.39,-4.56,-4.83,-5.14,-5.32,-5.35,-5.28,-5.12,-4.75,-4.37,-3.87,-3.54,-3.29,-3.02,-2.77,-2.46,-2.03,-1.7,-1.2,-0.5500001,0.11,0.6099999,1.12
177,1.41,1.85,2.21,2.6,2.91,3.35,3.62,4.06,4.400001,4.8,5.13,5.27,5.3,5.28,5.09,4.92,4.599999,4.549999,4.4,4.25,4.07,3.89,3.63,3.370001,2.75,2.16,1.48,0.83,0.24,-0.17,-0.69,-1.09,-1.48,-1.88,-2.3,-2.69,-3.19,-3.67,-4.07,-4.33,-4.43,-4.55,-4.62,-4.74,-4.94,-5.18,-5.24,-5.46,-5.36,-5.100001,-4.71,-4.18,-3.65,-3.32,-2.96,-2.59,-2.25,-1.85,-1.45,-1.02,-0.3599999,0.08000001,0.54,1.01
178,1.07,1.55,1.95,2.55,3.0,3.54,4.03,4.26,4.46,4.62,4.77,4.83,4.91,4.98,5.01,5.23,5.189999,5.06,4.75,4.47,4.08,3.63,3.2,2.87,2.71,2.23,1.76,1.23,0.73,0.15,-0.37,-1.01,-1.56,-2.05,-2.59,-3.05,-3.5,-3.780001,-3.98,-4.18,-4.32,-4.59,-4.71,-4.93,-5.11,-5.22,-5.29,-5.179999,-5.07,-4.83,-4.53,-4.210001,-3.84,-3.58,-3.26,-2.78,-2.31,-1.81,-1.38,-0.93,-0.43,0.06,0.4,0.74
179,1.34,1.67,2.02,2.58,3.08,3.62,4.01,4.22,4.440001,4.65,4.93,4.98,5.110001,5.1,5.15,5.070001,4.94,4.71,4.559999,4.36,4.03,3.66,3.24,2.88,2.42,2.08,1.58,1.13,0.53,-0.05,-0.6299999,-1.07,-1.69,-2.12,-2.48,-2.86,-3.23,-3.53,-3.86,-4.150001,-4.42,-4.73,-4.95,-5.039999,-5.119999,-5.05,-4.97,-4.849999,-4.57,-4.45,-4.33,-4.210001,-4.01,-3.83,-3.5,-3.03,-2.5,-1.91,-1.39,-0.8700001,-0.35,0.13,0.4900001,0.9400001
180,1.35,1.95,2.39,2.78,3.08,3.23,3.51,3.73,4.07,4.37,4.66,4.77,5.16,5.17,5.209999,5.159999,5.02,4.779999,4.64,4.4,4.21,3.99,3.61,3.09,2.44,1.95,1.24,0.77,0.3,-7.450581e-09,-0.32,-0.58,-1.11,-1.59,-2.08,-2.56,-3.14,-3.74,-4.21,-4.55,-4.65,-4.71,-4.69,-4.77,-4.68,-4.93,-5.200001,-5.3,-5.2,-5.05,-4.77,-4.4,-3.87,-3.23,-2.72,-2.27,-2.03,-1.69,-1.53,-1.16,-0.9099999,-0.38,0.19,0.81
181,1.37,1.87,2.32,2.73,3.08,3.26,3.58,3.86,4.2,4.48,4.76,5.06,5.229999,5.16,5.06,4.94,4.800001,4.68,4.52,4.49,4.31,4.02,3.550001,3.05,2.55,1.99,1.48,1.04,0.67,0.2,-0.25,-0.75,-1.35,-1.9,-2.38,-2.87,-3.29,-3.83,-4.13,-4.35,-4.48,-4.51,-4.55,-4.73,-4.88,-5.08,-5.25,-5.36,-5.31,-5.139999,-4.84,-4.41,-3.87,-3.4,-2.78,-2.34,-2.04,-1.82,-1.47,-1.19,-0.8200001,-0.31,0.29,0.88
182,1.83,2.24,2.56,2.77,2.82,3.0,3.24,3.72,4.23,4.75,5.209999,5.570001,5.71,5.56,5.300001,4.940001,4.59,4.29,4.12,3.94,3.81,3.74,3.49,3.21,2.77,2.06,1.52,0.77,0.24,-0.1,-0.55,-0.8,-1.17,-1.7,-2.2,-2.71,-3.36,-3.96,-4.44,-4.8,-4.95,-5.030001,-5.0,-4.86,-4.85,-4.860001,-4.91,-5.07,-5.12,-4.96,-4.630001,-4.28,-3.79,-3.38,-2.92,-2.5,-2.17,-1.74,-1.43,-1.03,-0.61,-0.03999999,0.59,1.3
183,0.8599998,1.38,2.08,2.82,3.47,3.87,4.16,4.31,4.31,4.37,4.48,4.72,4.99,5.26,5.52,5.65,5.44,5.06,4.54,4.02,3.52,3.13,2.81,2.74,2.54,2.43,2.03,1.6,0.9700001,0.07999998,-0.78,-1.45,-1.99,-2.39,-2.59,-2.8,-2.93,-3.11,-3.47,-3.84,-4.38,-4.88,-5.23,-5.430001,-5.37,-5.18,-4.95,-4.69,-4.65,-4.63,-4.57,-4.57,-4.39,-4.01,-3.350001,-2.6,-1.96,-1.29,-0.77,-0.41,-0.29,-0.17,-0.03000001,0.34
184,1.34,1.8,2.1,2.51,2.94,3.4,3.75,4.13,4.550001,4.84,4.889999,4.889999,4.98,5.06,5.28,5.24,5.3,5.24,5.14,4.85,4.42,3.900001,3.44,2.75,2.34,1.86,1.44,1.09,0.79,0.39,0.11,-0.51,-1.22,-1.98,-2.65,-3.13,-3.539999,-3.76,-3.98,-4.04,-4.18,-4.31,-4.58,-4.86,-5.15,-5.489999,-5.66,-5.73,-5.51,-5.13,-4.71,-4.18,-3.74,-3.45,-3.08,-2.82,-2.62,-2.31,-1.84,-1.31,-0.7,-0.16,0.41,1.02
185,1.39,1.94,2.44,2.85,3.23,3.5,3.71,3.92,4.180001,4.460001,4.76,5.11,5.36,5.449999,5.46,5.389999,5.17,4.99,4.75,4.38,4.12,3.8,3.43,2.99,2.56,1.97,1.48,0.8799999,0.33,-0.15,-0.55,-0.9599999,-1.35,-1.74,-2.21,-2.66,-3.14,-3.63,-4.18,-4.66,-5.0,-5.18,-5.36,-5.349999,-5.170001,-5.06,-4.82,-4.7,-4.620001,-4.57,-4.49,-4.36,-4.06,-3.8,-3.32,-2.91,-2.49,-2.11,-1.57,-1.11,-0.6,-0.03,0.5,0.92
186,1.18,1.71,2.15,2.75,3.17,3.67,3.95,4.23,4.55,4.72,4.87,4.97,5.170001,5.14,5.32,5.279999,5.26,5.0,4.76,4.39,4.09,3.53,3.22,2.850001,2.52,2.14,1.8,1.36,0.7899999,0.17,-0.51,-1.2,-1.68,-2.08,-2.56,-2.88,-3.28,-3.56,-3.94,-4.38,-4.74,-5.099999,-5.28,-5.41,-5.33,-5.19,-4.89,-4.66,-4.510001,-4.510001,-4.340001,-4.360001,-4.170001,-4.01,-3.64,-3.0,-2.36,-1.7,-1.2,-0.77,-0.44,0.06,0.31,0.82
187,1.56,2.15,2.42,2.75,3.08,3.380001,3.84,4.2,4.55,4.84,4.92,5.12,5.18,5.12,5.1,5.050001,4.94,4.76,4.72,4.56,4.49,4.23,3.83,3.290001,2.68,2.0,1.36,0.83,0.33,-0.08000001,-0.32,-0.7599999,-1.35,-1.87,-2.61,-3.1,-3.62,-4.01,-4.18,-4.31,-4.5,-4.58,-4.73,-4.89,-5.0,-5.2,-5.26,-5.32,-5.25,-5.03,-4.66,-4.280001,-3.84,-3.48,-3.070001,-2.67,-2.36,-2.03,-1.75,-1.32,-0.8299999,-0.27,0.3800001,0.99
188,1.36,1.61,2.02,2.49,3.01,3.36,3.8,4.14,4.46,4.68,4.88,5.03,5.08,5.31,5.4,5.36,5.23,5.17,4.9,4.6,4.18,3.86,3.37,2.91,2.39,1.95,1.54,1.09,0.52,0.06,-0.6,-1.02,-1.49,-1.99,-2.38,-2.78,-3.06,-3.44,-3.69,-4.06,-4.35,-4.650001,-5.05,-5.42,-5.52,-5.5,-5.4,-5.14,-4.89,-4.53,-4.33,-3.990001,-3.9,-3.690001,-3.45,-3.090001,-2.67,-2.14,-1.54,-1.0,-0.43,0.14,0.57,0.9299999
189,1.42,1.83,2.13,2.47,2.88,3.25,3.57,4.0,4.450001,4.87,5.27,5.43,5.630001,5.51,5.460001,5.309999,5.17,4.919999,4.73,4.550001,4.12,3.69,3.31,2.92,2.43,1.96,1.56,1.17,0.73,0.26,-0.28,-0.7700001,-1.55,-2.18,-2.9,-3.37,-3.67,-3.88,-3.92,-4.22,-4.29,-4.440001,-4.6,-4.84,-5.06,-5.23,-5.32,-5.34,-5.230001,-5.0,-4.539999,-4.150001,-3.880001,-3.660001,-3.310001,-2.95,-2.65,-2.18,-1.65,-1.02,-0.4099999,0.14,0.6599999,1.11
190,1.17,1.68,2.11,2.74,3.21,3.53,3.75,4.04,4.09,4.26,4.52,4.76,5.119999,5.19,5.48,5.56,5.47,5.16,4.82,4.34,4.1,3.58,3.26,2.82,2.49,2.22,1.8,1.29,0.7599999,0.19,-0.39,-0.92,-1.56,-2.03,-2.53,-2.89,-3.33,-3.74,-4.2,-4.47,-4.78,-4.91,-5.01,-4.99,-4.88,-4.9,-4.72,-4.63,-4.55,-4.58,-4.37,-4.33,-4.08,-3.88,-3.38,-3.06,-2.5,-1.93,-1.41,-0.98,-0.54,-0.06999999,0.29,0.74
191,1.19,1.77,2.38,3.05,3.61,4.05,4.28,4.35,4.43,4.39,4.49,4.59,4.72,5.009999,5.27,5.43,5.320001,5.21,4.89,4.48,4.04,3.62,3.2,2.9,2.51,2.2,1.73,1.07,0.47,-0.26,-0.8700001,-1.52,-1.83,-2.29,-2.46,-2.77,-2.990001,-3.37,-3.76,-4.240001,-4.68,-5.09,-5.36,-5.4,-5.43,-5.34,-5.06,-4.82,-4.71,-4.52,-4.34,-4.24,-4.02,-3.68,-3.32,-2.78,-2.27,-1.75,-1.26,-0.86,-0.46,-0.17,0.16,0.57
192,1.59,2.09,2.55,2.77,3.160001,3.39,3.71,4.02,4.35,4.71,4.95,5.14,5.18,5.11,5.06,5.02,4.9,4.7,4.64,4.62,4.39,4.14,3.79,3.28,2.73,2.06,1.52,0.77,0.25,-0.19,-0.44,-0.86,-1.38,-1.92,-2.44,-3.100001,-3.41,-3.890001,-4.120001,-4.37,-4.51,-4.56,-4.74,-4.829999,-4.92,-5.11,-5.2,-5.28,-5.24,-4.98,-4.58,-4.13,-3.82,-3.320001,-2.98,-2.65,-2.31,-2.14,-1.81,-1.39,-0.86,-0.29,0.37,0.99
193,1.2,1.56,2.01,2.59,2.94,3.6,3.92,4.27,4.44,4.67,4.79,4.880001,5.03,5.27,5.38,5.53,5.56,5.4,5.08,4.59,4.14,3.52,3.07,2.64,2.32,1.97,1.63,1.29,0.89,0.34,-0.35,-0.9300001,-1.55,-2.04,-2.38,-2.720001,-3.21,-3.52,-4.01,-4.45,-4.81,-5.039999,-5.23,-5.219999,-5.27,-5.24,-5.25,-5.139999,-4.92,-4.68,-4.44,-4.26,-3.88,-3.57,-3.15,-2.81,-2.28,-1.95,-1.38,-0.9899999,-0.5,-0.009999994,0.41,0.78
194,1.36,1.75,2.15,2.74,3.15,3.53,3.75,3.98,4.27,4.46,4.79,5.01,5.25,5.15,5.32,5.14,4.98,4.79,4.54,4.38,4.1,3.86,3.52,3.15,2.63,2.18,1.67,1.19,0.63,0.1,-0.47,-0.86,-1.33,-1.86,-2.49,-2.84,-3.22,-3.69,-4.05,-4.46,-4.58,-4.82,-4.85,-4.86,-4.99,-4.99,-4.98,-5.04,-5.179999,-4.95,-4.8,-4.55,-4.23,-3.83,-3.19,-2.69,-2.3,-1.74,-1.42,-0.8599998,-0.5,-0.04999999,0.34,0.7699999
195,1.13,1.56,2.02,2.65,3.02,3.73,4.14,4.51,4.63,4.77,4.82,4.789999,4.82,4.82,4.96,5.02,5.06,5.12,4.97,4.77,4.47,3.99,3.42,2.8,2.29,1.72,1.24,0.67,0.26,-0.01999999,-0.37,-0.8099999,-1.25,-1.63,-2.1,-2.39,-2.86,-3.36,-3.82,-4.31,-4.74,-5.07,-5.37,-5.35,-5.47,-5.32,-5.15,-4.97,-4.66,-4.5,-4.22,-4.180001,-3.9,-3.62,-3.31,-2.86,-2.35,-1.82,-1.36,-0.8799999,-0.3299999,0.06999999,0.42,0.7
196,1.48,1.97,2.62,2.93,3.22,3.47,3.68,3.800001,4.01,4.49,4.880001,5.26,5.469999,5.57,5.66,5.52,5.139999,4.75,4.36,4.03,3.850001,3.69,3.56,3.4,3.0,2.53,1.84,1.11,0.32,-0.4299999,-1.08,-1.45,-1.66,-1.81,-1.99,-2.27,-2.72,-3.32,-4.05,-4.55,-4.91,-5.28,-5.3,-5.389999,-5.25,-5.21,-4.96,-4.9,-4.89,-4.82,-4.78,-4.57,-4.130001,-3.78,-3.1,-2.66,-2.1,-1.75,-1.42,-1.07,-0.6799999,-0.2,0.34,0.93
197,1.16,1.6,2.08,2.66,3.05,3.6,4.0,4.349999,4.63,4.87,4.98,5.16,5.190001,5.3,5.340001,5.29,5.18,4.95,4.63,4.27,4.01,3.66,3.29,3.0,2.63,2.19,1.72,1.15,0.59,-0.17,-0.77,-1.29,-1.72,-2.04,-2.41,-2.72,-3.01,-3.32,-3.72,-4.12,-4.62,-4.89,-5.11,-5.28,-5.27,-5.16,-5.0,-4.92,-4.85,-4.72,-4.58,-4.5,-4.26,-3.95,-3.54,-2.93,-2.36,-1.78,-1.2,-0.75,-0.37,0.1,0.29,0.75
198,1.07,1.83,2.6,3.2,3.57,3.920001,4.050001,4.04,4.17,4.320001,4.63,4.78,5.01,5.15,5.21,5.21,5.0,4.809999,4.52,4.43,4.26,4.1,3.86,3.52,2.95,2.21,1.37,0.58,-0.18,-0.6799999,-1.09,-1.23,-1.22,-1.38,-1.42,-1.96,-2.57,-3.22,-3.92,-4.51,-4.960001,-5.25,-5.24,-5.09,-5.03,-4.9,-4.72,-4.88,-5.04,-5.17,-5.06,-4.79,-4.36,-3.72,-3.05,-2.39,-1.91,-1.43,-1.25,-1.12,-0.8199999,-0.73,-0.16,0.38
199,1.26,1.84,2.26,2.62,2.96,3.29,3.58,3.89,4.31,4.630001,4.95,5.17,5.299999,5.33,5.32,5.179999,5.03,4.75,4.62,4.54,4.46,4.2,3.92,3.440001,2.85,2.29,1.54,0.9499999,0.24,-0.29,-0.8199999,-1.13,-1.3,-1.51,-1.83,-2.33,-2.79,-3.36,-3.95,-4.38,-4.72,-5.16,-5.24,-5.33,-5.289999,-5.3,-5.09,-5.09,-4.96,-4.860001,-4.69,-4.34,-3.95,-3.53,-3.16,-2.82,-2.4,-2.0,-1.65,-1.21,-0.75,-0.23,0.24,0.81
200,1.42,1.79,2.14,2.53,2.84,3.4,3.630001,4.09,4.57,4.95,5.289999,5.45,5.56,5.4,5.31,5.07,4.73,4.57,4.27,4.2,3.96,3.83,3.63,3.32,2.88,2.3,1.84,1.28,0.6099999,0.13,-0.6299999,-1.09,-1.66,-1.94,-2.35,-2.78,-3.15,-3.61,-3.97,-4.38,-4.72,-4.83,-5.01,-5.089999,-5.23,-5.25,-5.22,-5.14,-4.93,-4.86,-4.570001,-4.32,-4.02,-3.620001,-3.29,-2.79,-2.5,-2.05,-1.61,-1.17,-0.65,-0.08000001,0.4900001,0.94
201,1.15,1.52,1.96,2.38,2.9,3.25,3.76,4.16,4.579999,4.72,4.93,5.139999,5.32,5.31,5.31,5.35,5.23,5.05,4.8,4.54,4.26,3.91,3.51,3.23,2.71,2.35,1.82,1.24,0.64,-0.02,-0.55,-1.2,-1.69,-2.16,-2.52,-2.93,-3.24,-3.53,-3.67,-4.05,-4.340001,-4.82,-5.14,-5.37,-5.51,-5.39,-5.18,-4.960001,-4.85,-4.66,-4.58,-4.41,-4.23,-3.9,-3.64,-3.19,-2.63,-1.98,-1.39,-0.8500001,-0.36,0.12,0.52,0.8
202,1.12,1.63,2.05,2.45,3.08,3.45,3.89,4.41,4.85,5.22,5.34,5.36,5.27,5.259999,5.22,4.97,4.86,4.71,4.72,4.5,4.210001,4.02,3.64,3.16,2.57,2.0,1.52,1.09,0.54,-3.72529e-09,-0.5599999,-1.04,-1.61,-2.02,-2.67,-3.04,-3.47,-3.720001,-4.01,-4.31,-4.48,-4.57,-4.57,-4.76,-4.889999,-5.02,-5.34,-5.409999,-5.49,-5.34,-4.91,-4.45,-3.880001,-3.38,-2.82,-2.45,-2.1,-1.73,-1.5,-1.07,-0.8099999,-0.38,0.05,0.6500001
203,1.4,1.92,2.35,2.86,3.41,3.77,4.0,4.27,4.400001,4.48,4.68,4.95,5.07,5.399999,5.45,5.73,5.480001,5.32,4.84,4.5,3.97,3.47,3.09,2.74,2.45,2.32,1.93,1.44,0.85,0.21,-0.54,-1.25,-1.79,-2.35,-2.62,-2.92,-3.23,-3.52,-4.02,-4.34,-4.77,-5.039999,-5.2,-5.400001,-5.39,-5.309999,-5.09,-4.9,-4.79,-4.69,-4.49,-4.21,-4.04,-3.78,-3.42,-2.95,-2.45,-1.98,-1.45,-1.01,-0.49,-0.02999998,0.45,0.84
204,1.15,1.5,1.86,2.42,2.98,3.440001,3.97,4.44,4.69,4.82,5.01,5.01,5.14,5.18,5.31,5.23,5.31,5.190001,5.070001,4.65,4.26,3.84,3.31,2.8,2.32,1.94,1.47,1.18,0.6999999,0.21,-0.37,-0.86,-1.4,-1.91,-2.44,-2.85,-3.299999,-3.61,-4.010001,-4.34,-4.59,-4.94,-5.09,-5.26,-5.280001,-5.4,-5.2,-5.09,-4.9,-4.76,-4.65,-4.51,-4.24,-3.9,-3.450001,-2.94,-2.47,-1.88,-1.23,-0.69,-0.27,0.16,0.5,0.91
205,1.37,1.81,2.14,2.47,3.08,3.44,3.86,4.21,4.61,4.77,5.009999,5.16,5.17,5.09,5.159999,5.009999,4.9,4.69,4.530001,4.380001,4.06,3.84,3.54,3.31,2.85,2.35,1.71,1.16,0.52,-0.1,-0.75,-1.36,-1.75,-2.22,-2.63,-3.05,-3.17,-3.53,-3.76,-3.99,-4.27,-4.64,-5.079999,-5.369999,-5.369999,-5.46,-5.46,-5.23,-4.960001,-4.64,-4.22,-3.75,-3.46,-3.19,-3.07,-2.9,-2.71,-2.26,-1.84,-1.22,-0.6099999,-0.01000001,0.44,0.89
206,1.13,1.68,2.15,2.68,3.06,3.45,3.8,4.190001,4.62,4.94,5.2,5.579999,5.64,5.59,5.520001,5.28,5.2,4.85,4.66,4.31,4.12,3.76,3.41,3.04,2.51,2.15,1.64,1.22,0.69,0.14,-0.3,-0.8799999,-1.43,-1.92,-2.51,-2.92,-3.44,-3.76,-4.27,-4.510001,-4.69,-4.78,-4.809999,-4.88,-4.849999,-4.94,-5.130001,-5.210001,-5.33,-5.29,-5.15,-4.82,-4.4,-3.950001,-3.25,-2.78,-2.25,-1.89,-1.41,-0.97,-0.65,-0.15,0.22,0.64
207,1.18,1.52,1.91,2.46,3.08,3.850001,4.41,4.75,4.98,4.88,4.96,4.89,4.890001,4.86,4.9,4.959999,5.139999,5.12,5.07,4.83,4.520001,3.94,3.52,2.95,2.31,1.8,1.37,0.83,0.39,0.04999998,-0.43,-0.86,-1.44,-1.93,-2.44,-2.92,-3.38,-3.77,-3.98,-4.17,-4.400001,-4.73,-5.049999,-5.199999,-5.349999,-5.38,-5.22,-5.130001,-4.79,-4.7,-4.41,-4.22,-3.960001,-3.740001,-3.51,-3.19,-2.83,-2.27,-1.62,-1.04,-0.33,0.19,0.5899999,1.0
208,1.11,1.58,2.16,2.7,3.14,3.56,4.03,4.35,4.44,4.63,4.78,4.9,4.84,4.91,4.99,5.0,5.06,5.0,4.94,4.73,4.39,3.98,3.41,2.9,2.29,1.86,1.28,0.89,0.53,0.12,-0.3,-0.8400001,-1.36,-1.94,-2.48,-2.96,-3.47,-3.54,-3.75,-3.85,-4.06,-4.45,-4.68,-4.99,-5.24,-5.52,-5.64,-5.5,-5.45,-5.0,-4.69,-4.31,-3.72,-3.3,-2.85,-2.54,-2.06,-1.76,-1.36,-0.9599999,-0.6799999,-0.29,0.1,0.5599999
209,1.25,1.48,1.86,2.31,2.78,3.5,3.96,4.38,4.77,4.91,4.9,4.8,4.78,4.83,4.88,5.0,5.119999,5.22,5.18,4.87,4.530001,4.03,3.52,3.06,2.45,1.9,1.46,1.09,0.58,0.01,-0.45,-1.01,-1.56,-2.11,-2.48,-2.88,-3.15,-3.44,-3.7,-4.13,-4.57,-4.88,-5.22,-5.46,-5.54,-5.5,-5.32,-5.05,-4.81,-4.46,-4.25,-4.13,-3.94,-3.69,-3.43,-3.039999,-2.58,-2.06,-1.46,-0.77,-0.32,0.14,0.6399999,0.95
210,1.28,1.76,2.16,2.649999,3.24,3.630001,4.0,4.440001,4.81,5.0,5.11,5.170001,5.17,5.099999,5.099999,5.039999,4.93,4.84,4.75,4.57,4.32,3.87,3.49,3.04,2.46,1.97,1.44,1.04,0.49,0.05999998,-0.55,-1.02,-1.65,-2.18,-2.71,-3.1,-3.39,-3.670001,-3.97,-4.15,-4.27,-4.52,-4.74,-5.01,-5.16,-5.44,-5.42,-5.43,-5.27,-5.06,-4.63,-4.32,-3.98,-3.62,-3.17,-2.63,-2.18,-1.71,-1.38,-0.83,-0.53,-0.06,0.28,0.7599999
211,1.08,1.45,1.93,2.5,2.9,3.48,3.91,4.37,4.590001,4.74,4.92,5.0,5.07,5.02,5.13,5.21,5.11,4.97,4.81,4.54,4.22,3.78,3.3,2.84,2.47,2.04,1.63,1.18,0.7900001,0.31,-0.29,-0.8300001,-1.41,-2.01,-2.46,-2.86,-3.2,-3.55,-3.85,-4.15,-4.53,-4.79,-5.02,-5.12,-5.29,-5.42,-5.33,-5.079999,-4.97,-4.82,-4.650001,-4.35,-4.06,-3.81,-3.49,-2.98,-2.39,-1.73,-1.14,-0.6999999,-0.31,0.16,0.42,0.74
212,1.2,1.46,1.8,2.43,3.0,3.68,4.190001,4.67,4.91,4.82,4.83,4.67,4.64,4.72,4.96,5.18,5.2,5.32,5.21,5.059999,4.68,4.02,3.44,2.72,2.15,1.67,1.34,1.03,0.7,0.33,-0.24,-0.7,-1.34,-1.83,-2.29,-2.84,-3.21,-3.62,-3.92,-4.37,-4.75,-5.0,-5.28,-5.34,-5.39,-5.29,-5.07,-5.01,-4.78,-4.72,-4.46,-4.34,-4.140001,-3.78,-3.49,-3.0,-2.57,-1.94,-1.4,-0.8299999,-0.26,0.17,0.58,0.85
213,1.41,1.79,2.25,2.45,2.95,3.23,3.7,4.17,4.58,5.059999,5.28,5.43,5.44,5.260001,5.04,4.87,4.75,4.49,4.35,4.36,4.23,4.070001,3.74,3.29,2.83,2.17,1.65,1.15,0.6400001,0.01999999,-0.4,-0.99,-1.55,-2.04,-2.5,-3.0,-3.42,-3.810001,-4.06,-4.33,-4.43,-4.59,-4.63,-4.94,-5.09,-5.23,-5.42,-5.33,-5.26,-5.05,-4.73,-4.460001,-4.02,-3.590001,-3.190001,-2.75,-2.16,-1.86,-1.5,-1.0,-0.54,-0.06000001,0.46,0.9299999
214,1.27,1.72,2.2,2.62,3.03,3.44,3.86,4.27,4.64,5.04,5.319999,5.32,5.330001,5.14,4.97,4.77,4.64,4.63,4.440001,4.42,4.23,4.01,3.56,3.14,2.56,1.91,1.35,0.8499999,0.3,0.01999999,-0.53,-0.94,-1.54,-2.04,-2.55,-2.91,-3.27,-3.71,-3.82,-4.14,-4.35,-4.49,-4.66,-4.89,-5.050001,-5.15,-5.15,-5.259999,-5.07,-4.89,-4.52,-4.3,-3.98,-3.56,-3.16,-2.68,-2.16,-1.74,-1.39,-0.9599999,-0.53,-0.13,0.24,0.74
215,1.11,1.71,2.27,2.79,3.300001,3.68,4.12,4.39,4.62,4.73,4.77,4.879999,4.9,5.03,5.12,5.170001,5.240001,4.949999,4.76,4.43,4.02,3.63,3.17,2.82,2.51,2.32,1.87,1.43,0.92,0.28,-0.37,-1.06,-1.55,-2.14,-2.59,-2.96,-3.35,-3.700001,-3.97,-4.2,-4.41,-4.78,-4.89,-5.08,-5.139999,-5.159999,-5.17,-5.06,-5.05,-4.759999,-4.66,-4.33,-4.14,-3.72,-3.32,-2.86,-2.41,-1.83,-1.47,-1.04,-0.64,-0.17,0.26,0.63
216,0.81,1.33,1.78,2.47,3.09,3.7,4.2,4.630001,4.94,5.12,5.13,5.2,5.26,5.28,5.11,5.12,5.09,5.05,4.9,4.59,4.370001,4.02,3.6,3.1,2.69,2.18,1.66,1.03,0.44,-0.16,-0.5999999,-1.01,-1.47,-1.92,-2.2,-2.61,-3.03,-3.53,-4.0,-4.44,-4.89,-5.2,-5.52,-5.55,-5.45,-5.29,-5.15,-4.98,-4.77,-4.68,-4.65,-4.53,-4.37,-3.97,-3.64,-3.01,-2.37,-1.78,-1.11,-0.64,-0.23,-0.09000001,0.23,0.48
217,1.51,1.91,2.25,2.48,2.88,3.31,3.65,4.05,4.57,4.91,5.24,5.339999,5.34,5.199999,5.12,4.989999,4.89,4.69,4.62,4.54,4.280001,3.97,3.78,3.45,2.92,2.27,1.59,1.01,0.5,-0.05,-0.5099999,-0.91,-1.34,-1.68,-2.11,-2.59,-3.09,-3.46,-3.920001,-4.36,-4.69,-4.99,-5.14,-5.35,-5.33,-5.33,-5.25,-5.13,-4.86,-4.59,-4.44,-4.24,-4.05,-3.82,-3.470001,-3.02,-2.59,-2.12,-1.68,-1.17,-0.6700001,-0.08,0.51,1.02
218,1.48,1.68,2.14,2.45,2.83,3.19,3.57,3.98,4.39,4.85,5.1,5.160001,5.31,5.31,5.46,5.379999,5.36,5.21,4.94,4.57,4.09,3.67,3.21,2.85,2.38,2.03,1.66,1.31,0.91,0.53,-0.14,-0.7,-1.36,-1.97,-2.69,-3.25,-3.69,-4.04,-4.33,-4.59,-4.72,-5.0,-5.11,-5.23,-5.19,-5.21,-5.17,-5.03,-5.08,-4.79,-4.53,-4.25,-4.02,-3.77,-3.34,-2.95,-2.55,-1.96,-1.45,-0.78,-0.32,0.28,0.65,1.09
219,1.59,1.95,2.42,2.75,3.1,3.36,3.63,3.91,4.27,4.69,5.04,5.25,5.45,5.48,5.34,5.13,4.96,4.789999,4.52,4.33,4.12,4.02,3.7,3.32,2.81,2.27,1.69,0.9199999,0.39,-0.15,-0.58,-0.9,-1.13,-1.58,-1.97,-2.53,-2.97,-3.62,-4.08,-4.67,-4.93,-5.24,-5.41,-5.43,-5.43,-5.43,-5.3,-5.139999,-5.07,-4.86,-4.6,-4.26,-3.890001,-3.48,-3.15,-2.75,-2.49,-2.02,-1.6,-1.25,-0.6,-0.09000004,0.54,1.01
220,1.27,1.64,2.05,2.61,2.88,3.4,3.85,4.28,4.67,5.0,5.299999,5.43,5.469999,5.3,5.2,5.070001,4.81,4.75,4.49,4.43,4.31,4.15,3.76,3.23,2.72,2.08,1.47,0.8599999,0.29,-0.16,-0.73,-0.95,-1.33,-1.63,-1.98,-2.35,-2.83,-3.57,-4.13,-4.69,-5.15,-5.37,-5.41,-5.360001,-5.18,-4.94,-4.73,-4.65,-4.63,-4.63,-4.59,-4.73,-4.36,-4.01,-3.5,-2.9,-2.36,-1.79,-1.41,-0.87,-0.45,-0.02,0.3499999,0.71
221,0.9599999,1.59,2.1,2.82,3.37,3.79,4.19,4.38,4.58,4.74,4.95,5.03,5.12,5.18,5.12,5.139999,5.01,5.08,4.76,4.38,4.01,3.57,3.2,2.88,2.53,2.18,1.81,1.38,0.73,0.21,-0.43,-1.0,-1.61,-2.12,-2.48,-2.97,-3.34,-3.66,-3.92,-4.1,-4.43,-4.56,-4.74,-4.83,-4.95,-5.04,-4.94,-4.97,-4.92,-4.91,-4.78,-4.59,-4.32,-3.820001,-3.36,-2.91,-2.31,-1.8,-1.33,-0.92,-0.52,-0.2,0.13,0.51
222,1.07,1.78,2.43,2.99,3.38,3.67,3.98,4.12,4.26,4.48,4.640001,5.01,5.2,5.390001,5.37,5.43,5.32,5.0,4.7,4.39,4.050001,3.720001,3.36,3.15,2.71,2.33,1.86,1.25,0.47,-0.23,-0.9599999,-1.48,-1.55,-1.86,-2.13,-2.3,-2.64,-3.03,-3.48,-3.93,-4.45,-4.84,-5.15,-5.32,-5.3,-5.42,-5.27,-5.11,-5.03,-4.85,-4.659999,-4.38,-4.04,-3.6,-3.23,-2.79,-2.33,-2.1,-1.72,-1.34,-0.87,-0.34,0.03,0.5500001
223,1.22,1.36,1.61,2.03,2.69,3.22,3.89,4.41,4.89,5.14,5.26,5.27,5.11,4.97,4.96,4.969999,5.09,5.07,5.02,4.82,4.63,4.22,3.72,3.08,2.58,2.13,1.65,1.42,1.07,0.54,-0.11,-0.83,-1.45,-2.2,-2.8,-3.23,-3.5,-3.63,-3.69,-3.75,-3.92,-4.220001,-4.62,-5.06,-5.48,-5.75,-5.800001,-5.559999,-5.25,-4.77,-4.320001,-3.89,-3.83,-3.69,-3.63,-3.49,-3.2,-2.59,-1.96,-1.17,-0.3799999,0.28,0.8000001,1.08
224,1.46,1.93,2.34,2.82,3.17,3.51,3.72,3.93,4.22,4.57,4.78,5.0,5.15,5.24,5.22,5.22,5.07,4.91,4.69,4.56,4.300001,4.06,3.78,3.41,3.03,2.44,1.9,1.32,0.58,0.04999999,-0.5,-0.9799999,-1.47,-1.88,-2.32,-2.71,-3.16,-3.55,-3.93,-4.32,-4.65,-4.83,-5.1,-5.19,-5.309999,-5.33,-5.3,-5.31,-5.12,-5.0,-4.65,-4.389999,-4.08,-3.82,-3.42,-3.01,-2.56,-2.06,-1.63,-1.18,-0.7700002,-0.2899999,0.23,0.8
225,1.32,1.82,2.11,2.55,2.92,3.33,3.68,4.03,4.49,4.66,4.9,5.09,5.12,4.960001,4.92,4.89,4.81,4.71,4.74,4.57,4.49,4.07,3.67,3.17,2.57,2.17,1.63,1.31,0.79,0.58,0.08999998,-0.34,-0.9700001,-1.62,-2.32,-3.13,-3.75,-4.19,-4.52,-4.639999,-4.699999,-4.7,-4.75,-4.85,-5.02,-5.24,-5.46,-5.61,-5.52,-5.320001,-4.87,-4.18,-3.64,-3.07,-2.57,-2.23,-1.99,-1.79,-1.54,-1.19,-0.76,-0.28,0.28,0.87
226,1.5,1.82,2.25,2.66,3.05,3.27,3.610001,3.83,4.19,4.52,4.829999,5.06,5.21,5.4,5.53,5.47,5.33,5.12,4.740001,4.41,4.06,3.7,3.3,3.12,2.82,2.6,2.23,1.75,1.11,0.39,-0.42,-1.06,-1.7,-2.25,-2.63,-2.86,-3.15,-3.49,-3.860001,-4.32,-4.69,-5.12,-5.41,-5.61,-5.62,-5.58,-5.32,-5.03,-4.73,-4.41,-4.31,-4.110001,-4.01,-3.79,-3.47,-3.13,-2.61,-2.07,-1.59,-0.8200001,-0.39,0.12,0.48,1.07
227,1.32,1.91,2.44,2.82,3.17,3.37,3.76,4.0,4.35,4.69,4.99,5.21,5.4,5.45,5.27,5.11,4.84,4.66,4.35,4.16,3.98,3.77,3.45,3.27,2.86,2.48,2.07,1.61,1.03,0.52,9.313226e-09,-0.5,-0.97,-1.61,-2.1,-2.68,-3.26,-3.93,-4.34,-4.75,-4.869999,-4.960001,-5.08,-5.23,-5.26,-5.320001,-5.47,-5.539999,-5.57,-5.32,-5.07,-4.779999,-4.25,-3.59,-2.85,-2.17,-1.85,-1.52,-1.35,-1.19,-0.9700001,-0.62,-0.11,0.67
228,1.14,1.54,1.97,2.539999,3.11,3.5,3.94,4.27,4.51,4.74,4.91,5.05,5.11,5.25,5.139999,5.19,5.070001,4.95,4.7,4.52,4.24,3.87,3.56,3.260001,2.77,2.32,1.81,1.31,0.9700001,0.36,-0.22,-0.79,-1.3,-1.93,-2.43,-2.99,-3.49,-3.940001,-4.35,-4.59,-4.83,-4.85,-5.0,-5.05,-5.16,-5.19,-5.24,-5.15,-5.23,-5.02,-4.91,-4.42,-4.14,-3.67,-3.16,-2.69,-2.11,-1.81,-1.42,-0.99,-0.52,-0.18,0.31,0.72
229,1.35,1.98,2.47,2.85,3.27,3.64,3.97,4.08,4.300001,4.54,4.69,5.02,5.2,5.37,5.33,5.18,4.96,4.66,4.45,4.26,4.14,3.86,3.68,3.400001,2.99,2.65,2.12,1.38,0.8400001,0.11,-0.43,-1.04,-1.53,-1.98,-2.51,-2.92,-3.32,-3.680001,-4.2,-4.559999,-4.87,-5.14,-5.329999,-5.39,-5.42,-5.27,-5.18,-4.960001,-4.68,-4.5,-4.19,-3.94,-3.67,-3.5,-3.21,-2.89,-2.51,-2.22,-1.87,-1.42,-0.9700001,-0.46,0.1,0.71
230,1.14,1.5,1.81,2.35,2.84,3.31,4.02,4.47,4.800001,4.89,5.0,5.01,4.95,4.94,4.99,5.02,5.2,5.23,5.110001,4.89,4.53,4.05,3.47,2.95,2.36,1.97,1.45,1.04,0.51,0.06000003,-0.34,-0.8,-1.39,-1.83,-2.32,-2.79,-3.150001,-3.53,-3.95,-4.26,-4.66,-4.99,-5.17,-5.32,-5.21,-5.059999,-4.89,-4.79,-4.53,-4.43,-4.34,-4.2,-4.1,-3.94,-3.67,-3.41,-2.89,-2.23,-1.57,-0.8699999,-0.33,0.18,0.51,0.9
231,1.35,1.82,2.17,2.53,2.77,3.25,3.91,4.31,4.6,4.88,5.03,5.21,5.21,5.09,5.08,4.96,4.97,4.8,4.62,4.46,4.31,3.97,3.51,3.07,2.61,2.17,1.66,1.13,0.5899999,0.11,-0.46,-0.9,-1.47,-1.96,-2.52,-2.96,-3.51,-3.91,-4.26,-4.56,-4.75,-4.96,-5.16,-5.24,-5.24,-5.23,-5.059999,-4.75,-4.51,-4.43,-4.210001,-4.0,-3.72,-3.58,-3.38,-2.99,-2.59,-2.13,-1.73,-1.17,-0.61,0.02,0.51,0.95
232,1.1,1.61,2.06,2.65,3.2,3.64,4.02,4.14,4.28,4.37,4.49,4.56,4.92,5.33,5.569999,5.680001,5.690001,5.329999,4.880001,4.34,3.81,3.28,2.82,2.57,2.46,2.29,1.96,1.71,1.2,0.52,-0.23,-0.96,-1.64,-2.24,-2.72,-3.19,-3.55,-3.86,-4.01,-4.23,-4.52,-4.75,-4.95,-5.17,-5.27,-5.280001,-5.16,-5.03,-4.94,-4.54,-4.36,-4.17,-4.12,-3.9,-3.81,-3.24,-2.54,-1.97,-1.27,-0.61,-0.13,0.23,0.51,0.8200001
233,1.72,2.02,2.17,2.39,2.7,3.02,3.66,4.2,4.67,5.23,5.56,5.62,5.49,5.27,4.97,4.84,4.65,4.49,4.51,4.43,4.41,4.210001,3.83,3.33,2.700001,2.1,1.41,0.95,0.4099999,0.07999998,-0.24,-0.6,-1.02,-1.5,-2.13,-2.75,-3.44,-3.99,-4.42,-4.670001,-4.89,-5.079999,-5.12,-5.27,-5.33,-5.39,-5.35,-5.44,-5.35,-5.22,-4.969999,-4.61,-4.15,-3.65,-3.26,-2.85,-2.5,-2.11,-1.64,-1.06,-0.3900001,0.35,0.94,1.45
234,1.0,1.47,1.98,2.68,3.21,3.76,4.19,4.54,4.72,4.95,5.04,5.0,5.09,5.14,5.2,5.16,5.01,4.85,4.599999,4.29,4.02,3.69,3.339999,3.13,2.74,2.44,1.93,1.35,0.6999999,0.06999999,-0.8800001,-1.47,-1.94,-2.25,-2.37,-2.49,-2.65,-2.86,-3.29,-3.89,-4.49,-5.11,-5.599999,-5.860001,-5.85,-5.65,-5.26,-5.099999,-4.76,-4.58,-4.38,-4.34,-4.11,-3.89,-3.42,-2.96,-2.38,-1.85,-1.31,-0.8499999,-0.49,-0.01000004,0.22,0.61
235,1.47,1.94,2.31,2.58,2.85,3.28,3.79,4.25,4.69,5.09,5.349999,5.4,5.33,5.11,4.88,4.720001,4.73,4.77,4.789999,4.73,4.55,4.260001,3.74,3.26,2.54,1.98,1.51,1.05,0.76,0.43,0.05000002,-0.36,-0.8800001,-1.58,-2.21,-2.87,-3.48,-3.91,-4.27,-4.51,-4.64,-4.76,-5.05,-5.320001,-5.430001,-5.539999,-5.539999,-5.43,-5.21,-4.83,-4.56,-4.12,-3.9,-3.630001,-3.25,-2.96,-2.8,-2.42,-1.86,-1.27,-0.72,-0.09,0.46,1.03
236,1.65,1.97,2.35,2.67,3.01,3.4,3.84,4.17,4.35,4.54,4.86,5.059999,5.15,5.37,5.429999,5.37,5.360001,5.25,4.9,4.59,4.09,3.6,3.17,2.62,2.32,2.05,1.75,1.33,0.94,0.47,-0.2,-0.78,-1.64,-2.27,-2.88,-3.420001,-3.75,-3.92,-4.02,-4.26,-4.52,-4.74,-5.0,-5.07,-5.2,-5.18,-5.25,-5.219999,-4.96,-4.84,-4.6,-4.28,-3.96,-3.76,-3.43,-3.21,-2.66,-2.08,-1.45,-1.01,-0.34,0.14,0.75,1.18
237,1.4,1.81,2.35,2.76,3.15,3.56,3.95,4.380001,4.630001,4.93,5.14,5.22,5.19,5.14,5.0,4.83,4.68,4.73,4.77,4.83,4.68,4.46,3.91,3.21,2.54,1.87,1.28,0.82,0.42,0.1,-0.2,-0.66,-1.15,-1.7,-2.39,-3.19,-3.65,-4.1,-4.24,-4.46,-4.58,-4.599999,-4.76,-5.02,-5.32,-5.48,-5.58,-5.49,-5.39,-5.09,-4.77,-4.21,-3.760001,-3.330001,-2.9,-2.53,-2.14,-1.98,-1.68,-1.37,-0.8,-0.43,0.29,0.79
238,1.03,1.42,1.92,2.47,2.99,3.720001,4.18,4.6,4.78,4.940001,4.94,5.04,5.06,5.06,5.07,5.079999,5.11,4.92,4.76,4.469999,4.07,3.63,3.27,2.89,2.51,2.41,2.03,1.65,1.11,0.53,-0.18,-0.9499999,-1.79,-2.42,-2.910001,-3.23,-3.450001,-3.41,-3.48,-3.75,-4.03,-4.62,-5.08,-5.599999,-5.86,-5.97,-5.7,-5.34,-4.83,-4.36,-4.0,-3.82,-3.58,-3.65,-3.55,-3.25,-2.85,-2.3,-1.65,-0.9599999,-0.4,0.04,0.42,0.6900001
239,1.22,1.63,2.25,2.84,3.23,3.61,3.89,4.11,4.29,4.49,4.59,4.75,4.940001,5.05,5.19,5.13,5.07,5.0,4.909999,4.69,4.51,4.28,3.81,3.38,2.89,2.3,1.71,1.1,0.47,-0.05999999,-0.6100001,-1.0,-1.44,-1.9,-2.3,-2.83,-3.33,-3.79,-4.14,-4.49,-4.68,-4.95,-5.15,-5.35,-5.429999,-5.409999,-5.28,-5.02,-4.83,-4.62,-4.37,-4.2,-3.81,-3.54,-3.23,-2.89,-2.49,-2.06,-1.55,-1.1,-0.6999999,-0.2,0.17,0.69
240,1.17,1.48,1.9,2.35,2.74,3.32,3.88,4.31,4.62,4.8,4.97,4.99,4.94,4.94,4.96,5.08,5.25,5.23,5.129999,4.98,4.61,3.98,3.48,3.01,2.47,2.15,1.77,1.43,0.99,0.48,-0.22,-0.85,-1.51,-2.18,-2.75,-3.19,-3.59,-3.68,-4.04,-4.27,-4.6,-4.95,-5.27,-5.570001,-5.679999,-5.68,-5.31,-5.070001,-4.73,-4.55,-4.34,-4.090001,-3.79,-3.69,-3.4,-3.02,-2.54,-2.0,-1.41,-0.8,-0.29,0.28,0.5,0.86
241,1.02,1.17,1.59,2.19,2.77,3.34,3.900001,4.43,4.75,4.96,5.01,4.960001,4.94,4.84,4.81,4.78,4.85,4.88,4.72,4.6,4.23,3.960001,3.61,3.17,2.72,2.18,1.71,1.16,0.77,0.25,-0.19,-0.75,-1.52,-1.89,-2.38,-2.78,-3.14,-3.48,-3.71,-4.029999,-4.32,-4.67,-4.960001,-5.16,-5.31,-5.4,-5.44,-5.27,-5.02,-4.71,-4.509999,-4.33,-4.05,-3.79,-3.46,-2.9,-2.42,-1.82,-1.22,-0.54,-0.12,0.27,0.6099999,0.77
242,1.51,1.89,2.16,2.38,2.73,3.08,3.61,4.02,4.49,4.869999,5.1,5.29,5.28,5.3,5.16,5.11,5.04,5.03,4.88,4.69,4.49,4.17,3.67,3.13,2.57,2.06,1.57,1.18,0.64,0.17,-0.35,-0.9,-1.41,-2.02,-2.34,-2.74,-3.19,-3.48,-3.870001,-4.24,-4.56,-4.83,-5.099999,-5.349999,-5.409999,-5.58,-5.46,-5.32,-5.0,-4.53,-4.19,-3.710001,-3.49,-3.22,-3.07,-2.96,-2.8,-2.66,-2.23,-1.58,-0.9,-0.25,0.45,1.16
243,1.76,2.27,2.61,2.96,3.18,3.370001,3.590001,3.87,4.3,4.47,4.86,5.08,5.309999,5.37,5.45,5.349999,5.19,5.04,4.79,4.41,4.26,3.79,3.66,3.32,2.95,2.48,1.83,1.17,0.39,-0.08999998,-0.69,-1.13,-1.54,-1.93,-2.29,-2.55,-2.93,-3.43,-3.82,-4.27,-4.65,-5.039999,-5.3,-5.27,-5.41,-5.4,-5.29,-5.160001,-5.05,-4.84,-4.53,-4.329999,-4.09,-3.75,-3.45,-3.04,-2.69,-2.32,-1.89,-1.49,-0.88,-0.21,0.46,1.12
244,1.33,1.91,2.39,2.89,3.28,3.6,3.88,4.12,4.33,4.63,4.9,5.15,5.210001,5.31,5.3,5.19,4.929999,4.71,4.59,4.44,4.27,4.050001,3.8,3.28,2.75,2.21,1.62,1.14,0.8,0.41,2.235174e-08,-0.49,-0.99,-1.59,-2.21,-2.99,-3.59,-4.13,-4.489999,-4.76,-4.95,-5.02,-4.809999,-4.909999,-5.12,-5.369999,-5.4,-5.43,-5.45,-5.38,-5.07,-4.74,-4.23,-3.8,-3.27,-2.71,-2.03,-1.67,-1.28,-0.88,-0.41,-0.08,0.35,0.8199999
245,1.35,1.68,2.1,2.47,2.97,3.32,3.72,4.09,4.33,4.64,4.88,5.14,5.11,5.16,5.33,5.29,5.300001,5.2,5.05,4.77,4.32,3.94,3.520001,2.93,2.47,1.97,1.6,1.1,0.75,0.25,-0.19,-0.6599999,-1.17,-1.6,-1.98,-2.5,-2.85,-3.26,-3.69,-4.070001,-4.51,-5.01,-5.23,-5.5,-5.63,-5.47,-5.35,-5.23,-5.03,-4.81,-4.56,-4.24,-4.07,-3.75,-3.36,-3.07,-2.71,-2.27,-1.73,-1.15,-0.56,1.117587e-08,0.49,0.9
246,1.28,1.72,2.08,2.44,2.64,3.19,3.6,3.98,4.37,4.679999,4.98,5.14,5.21,5.25,5.11,4.98,4.87,4.79,4.599999,4.45,4.42,4.17,3.88,3.35,2.8,2.29,1.79,1.32,0.81,0.43,-0.02000003,-0.54,-1.22,-1.86,-2.56,-3.13,-3.69,-4.1,-4.42,-4.51,-4.68,-4.68,-4.89,-4.91,-5.03,-5.23,-5.41,-5.52,-5.32,-5.11,-4.71,-4.42,-3.92,-3.36,-2.97,-2.61,-2.27,-1.82,-1.49,-1.18,-0.6500001,-0.16,0.32,0.89
247,1.12,1.73,2.3,2.95,3.3,3.72,3.97,4.11,4.27,4.54,4.74,4.84,4.889999,5.139999,5.2,5.3,5.2,5.09,4.77,4.51,4.21,3.88,3.54,3.3,2.94,2.48,1.79,1.15,0.54,-0.32,-0.87,-1.48,-1.79,-2.1,-2.42,-2.65,-2.98,-3.43,-3.920001,-4.35,-4.889999,-5.08,-5.17,-5.21,-5.2,-4.95,-4.89,-4.8,-4.82,-4.71,-4.71,-4.61,-4.39,-3.87,-3.34,-2.66,-2.07,-1.59,-1.16,-0.9099999,-0.6300001,-0.4,0.09,0.53
248,1.13,1.7,2.13,2.66,3.130001,3.5,3.84,4.09,4.4,4.56,4.71,4.95,5.07,5.41,5.55,5.56,5.48,5.1,4.82,4.420001,4.11,3.74,3.41,3.06,2.71,2.36,1.88,1.41,0.9,0.38,-0.22,-0.8900002,-1.32,-1.9,-2.47,-2.99,-3.46,-3.93,-4.36,-4.68,-4.860001,-5.0,-5.02,-5.0,-4.920001,-4.909999,-4.94,-5.049999,-5.089999,-5.059999,-4.95,-4.73,-4.41,-3.82,-3.3,-2.67,-2.24,-1.73,-1.36,-0.95,-0.6500001,-0.28,0.12,0.57
249,1.12,1.61,2.19,2.49,2.95,3.39,3.98,4.29,4.61,4.82,5.18,5.31,5.4,5.409999,5.34,5.3,5.11,4.96,4.74,4.58,4.28,4.04,3.7,3.34,2.78,2.26,1.66,1.05,0.5,-0.06999998,-0.6199999,-1.15,-1.54,-1.89,-2.33,-2.73,-3.18,-3.81,-4.27,-4.67,-4.86,-5.07,-5.08,-5.009999,-5.04,-4.97,-4.81,-4.68,-4.69,-4.599999,-4.55,-4.45,-4.210001,-3.97,-3.6,-3.17,-2.69,-2.06,-1.56,-1.04,-0.6199999,-0.14,0.26,0.68
250,1.16,1.57,2.03,2.36,2.83,3.34,3.98,4.490001,4.86,5.17,5.389999,5.52,5.48,5.28,5.2,5.08,5.14,4.97,4.95,4.84,4.579999,4.3,3.76,3.27,2.49,1.85,1.32,0.8499999,0.45,0.03,-0.19,-0.6300001,-1.21,-1.75,-2.39,-2.9,-3.590001,-4.0,-4.41,-4.710001,-4.68,-4.77,-4.65,-4.63,-4.56,-4.79,-4.93,-5.08,-5.29,-5.32,-5.23,-5.04,-4.6,-4.130001,-3.55,-3.02,-2.42,-1.95,-1.45,-1.0,-0.6299999,-0.06,0.38,0.74
251,1.34,1.88,2.28,2.62,3.08,3.3,3.66,4.02,4.52,4.95,5.38,5.6,5.51,5.34,5.129999,4.92,4.62,4.52,4.35,4.24,4.14,4.03,3.75,3.47,3.03,2.48,1.83,1.25,0.64,0.03999999,-0.47,-1.1,-1.6,-2.24,-2.51,-2.96,-3.23,-3.4,-3.62,-3.92,-4.17,-4.53,-4.88,-5.23,-5.49,-5.64,-5.54,-5.44,-5.2,-4.78,-4.51,-4.16,-3.74,-3.31,-3.03,-2.67,-2.37,-2.12,-1.8,-1.48,-0.95,-0.44,0.11,0.71
252,1.22,1.78,2.46,2.77,3.15,3.45,3.670001,3.900001,4.1,4.400001,4.75,5.06,5.35,5.36,5.61,5.38,5.309999,5.109999,4.789999,4.69,4.5,4.23,3.87,3.44,2.9,2.17,1.75,1.1,0.5900001,-0.02000001,-0.61,-1.12,-1.63,-1.97,-2.51,-2.99,-3.4,-3.78,-4.14,-4.56,-4.76,-4.789999,-4.86,-4.899999,-4.95,-4.96,-5.120001,-5.21,-5.150001,-5.009999,-4.77,-4.320001,-3.910001,-3.33,-2.89,-2.5,-2.22,-2.0,-1.86,-1.5,-1.14,-0.65,-0.15,0.5099999
253,1.07,1.7,2.22,2.8,3.37,3.78,3.97,4.05,4.2,4.32,4.48,4.77,5.16,5.539999,5.77,5.93,5.69,5.33,5.04,4.56,4.14,3.790001,3.44,3.13,2.7,2.28,1.64,1.08,0.35,-0.31,-0.95,-1.36,-1.61,-1.88,-2.15,-2.46,-2.94,-3.41,-4.06,-4.63,-5.02,-5.23,-5.31,-5.21,-4.97,-4.76,-4.55,-4.56,-4.71,-4.86,-4.85,-4.83,-4.63,-4.14,-3.56,-2.91,-2.2,-1.78,-1.25,-0.85,-0.53,-0.19,0.13,0.47
254,0.9900002,1.29,1.72,2.19,2.77,3.28,3.850001,4.39,4.72,5.06,5.13,5.22,5.15,5.06,5.01,4.88,4.89,4.73,4.65,4.57,4.25,3.98,3.6,3.24,2.66,2.12,1.56,1.08,0.69,0.24,-0.07999999,-0.6999999,-1.18,-1.81,-2.39,-2.88,-3.3,-3.69,-4.05,-4.25,-4.51,-4.63,-4.68,-4.7,-4.830001,-4.9,-5.12,-5.26,-5.36,-5.37,-5.219999,-4.84,-4.41,-4.06,-3.56,-3.06,-2.5,-1.81,-1.15,-0.6099999,-0.1,0.23,0.52,0.69
255,1.42,1.95,2.53,2.91,3.34,3.55,3.76,3.87,4.01,4.38,4.66,5.109999,5.539999,5.799999,5.76,5.68,5.289999,4.82,4.32,3.9,3.51,3.34,3.13,3.11,2.83,2.559999,2.13,1.53,0.88,0.07000002,-0.4199999,-0.9400001,-1.35,-1.78,-2.23,-2.64,-3.17,-3.660001,-4.0,-4.44,-4.71,-4.959999,-5.17,-5.42,-5.35,-5.239999,-5.22,-4.999999,-5.0,-4.799999,-4.729999,-4.49,-4.21,-3.85,-3.4,-3.0,-2.33,-1.84,-1.38,-1.01,-0.71,-0.28,0.21,0.8
256,1.4,2.09,2.48,2.99,3.39,3.67,3.92,4.11,4.35,4.65,4.95,5.14,5.17,5.3,5.2,5.02,4.93,4.7,4.71,4.43,4.33,4.01,3.64,3.22,2.75,2.28,1.63,1.02,0.46,-0.03,-0.43,-0.85,-1.26,-1.77,-2.2,-2.65,-3.16,-3.55,-4.02,-4.16,-4.5,-4.82,-5.02,-5.27,-5.4,-5.49,-5.5,-5.59,-5.309999,-5.039999,-4.789999,-4.349999,-3.86,-3.41,-3.02,-2.72,-2.32,-2.09,-1.8,-1.53,-1.03,-0.51,0.02000001,0.89
257,0.87,1.28,1.75,2.39,3.04,3.64,4.02,4.210001,4.32,4.44,4.4,4.610001,4.77,5.13,5.38,5.639999,5.77,5.63,5.35,4.84,4.170001,3.44,2.95,2.38,2.1,1.99,1.85,1.54,1.14,0.55,-0.06999999,-0.68,-1.36,-1.95,-2.47,-2.89,-3.23,-3.52,-3.9,-4.09,-4.43,-4.78,-5.129999,-5.47,-5.54,-5.539999,-5.38,-5.17,-4.85,-4.539999,-4.31,-4.04,-3.86,-3.54,-3.28,-2.99,-2.45,-1.94,-1.36,-0.9,-0.49,-0.02,0.24,0.65
258,0.98,1.52,2.12,2.68,3.22,3.72,4.08,4.37,4.66,4.72,4.85,4.99,5.14,5.159999,5.289999,5.31,5.329999,5.07,4.78,4.43,4.090001,3.690001,3.33,2.93,2.36,2.08,1.68,1.33,0.86,0.37,-0.01,-0.55,-1.13,-1.71,-2.39,-2.95,-3.52,-3.91,-4.27,-4.41,-4.62,-4.77,-4.96,-5.08,-5.11,-5.369999,-5.33,-5.34,-5.19,-5.03,-4.86,-4.51,-4.01,-3.63,-3.05,-2.62,-2.07,-1.66,-1.29,-1.11,-0.88,-0.47,-0.07,0.45
