ID,Latitude,Longitude,Accuracy,Time,Itt,Data1,Data2 ,Data1_Ave7,Data1_Ave11
1975,-34.0249296,150.663221,3.21600008010864,115858,11,59,9.4,58.7142857142857,59.3333333333333
1976,-34.024945,150.6632187,3.21600008010864,115859,12,58,9.42,58.5714285714286,59.6666666666667
1978,-34.0249611,150.6632132,3.21600008010864,115900,13,57,9.44,58.8571428571429,59.75
1980,-34.0249783,150.6632102,3.21600008010864,115901,14,58,9.49,59.1428571428571,60
1981,-34.0249969,150.6632061,3.21600008010864,115902,15,59,9.51,59.7142857142857,60.4166666666667
44.61,-34.0250164,150.6632018,3.21600008010864,115903,16,61,9,60.1428571428571,60.75
1985,-34.0250401,150.663197,3.21600008010864,115904,17,62,9.67,61,60.8333333333333
1986,-34.0250642,150.6631914,3.21600008010864,115905,18,63,9.74,61.8571428571429,60.8333333333333
1988,-34.0250851,150.6631857,3.21600008010864,115906,19,61,9.72,62.5714285714286,60.8333333333333
1990,-34.0251048,150.6631816,3.21600008010864,115907,20,63,9.66,62.4285714285714,60.6666666666667
1991,-34.0251216,150.6631807,3.21600008010864,115908,21,64,9.6,61.8571428571429,60.3333333333333
1993,-34.0251361,150.6631803,3.21600008010864,115909,22,64,9.53,61,59.75
53.41,-34.0251432,150.6631812,3.21600008010864,115910,23,60,9.5,60.2857142857143,59.1666666666667
1997,-34.0251433,150.6631828,3.21600008010864,115911,24,58,9.29,59.1428571428571,58.75
1998,-34.0251397,150.6631829,3.21600008010864,115912,25,57,9.21,57.7142857142857,58.5833333333333
2000,-34.02514,150.6631828,3.21600008010864,115913,26,56,9.12,56.4285714285714,58
2001,-34.0251396,150.6631826,3.21600008010864,115914,27,55,9.09,56.1428571428572,57.5833333333333
2003,-34.0251484,150.6631791,3.21600008010864,115915,28,54,9.12,56.2857142857143,57.25
2005,-34.0251616,150.6631773,3.21600008010864,115916,29,55,9.22,56.1428571428572,57.5833333333333
2007,-34.0251759,150.6631747,3.21600008010864,115917,30,58,9,56.5714285714286,58.0833333333333
2008,-34.0251927,150.6631705,3.21600008010864,115918,31,59,9.46,57.2857142857143,58.5833333333333
2010,-34.0252117,150.663164,3.21600008010864,115919,32,56,9.48,58.7142857142857,59.25
2011,-34.0252338,150.6631557,3.21600008010864,115920,33,59,9.52,60,59.9166666666667
2013,-34.0252555,150.6631472,3.21600008010864,115921,34,60,9.62,60.7142857142857,60.6666666666667
2015,-34.0252766,150.6631386,3.21600008010864,115922,35,64,7.83,61.4285714285714,61.25
2017,-34.0253003,150.663131,3.21600008010864,115923,36,64,7,62.4285714285714,61.5
2018,-34.0253264,150.6631237,3.21600008010864,115924,37,63,7.87,63,61.5833333333333
2020,-34.0253527,150.6631161,3.21600008010864,115925,38,64,7.91,63.2857142857143,61.8333333333333
2021,-34.0253797,150.6631063,3.21600008010864,115926,39,63,7.9,62.8571428571429,61.8333333333333
2023,-34.0254053,150.6630994,3.21600008010864,115927,40,63,7.91,62.2857142857143,61.9166666666667
2025,-34.0254294,150.6630928,3.21600008010864,115928,41,62,7.86,61.7142857142857,61.75
2026,-34.0254528,150.6630869,3.21600008010864,115929,42,61,5.93,61,61.75
2028,-34.0254747,150.6630811,3.21600008010864,115930,43,60,5.89,60.7142857142857,61.8333333333333
2030,-34.025497,150.6630748,3.21600008010864,115931,44,59,7.85,60.5714285714286,62.0833333333333
2031,-34.0255201,150.6630676,3.21600008010864,115932,45,59,9.78,60.8571428571429,62.5
2033,-34.0255433,150.6630614,3.21600008010864,115933,46,61,9.8,61.2857142857143,62.8333333333333
2035,-34.0255661,150.6630541,3.21600008010864,115934,47,62,9.76,62.2857142857143,62.75
2036,-34.0255881,150.6630458,3.21600008010864,115935,48,64,9.7,63.5714285714286,62.75
2038,-34.0256105,150.6630389,3.21600008010864,115936,49,64,7.74,64.7142857142857,62.75
2040,-34.0256342,150.6630324,3.21600008010864,115937,50,67,7.84,64.7142857142857,63.25
2041,-34.0256583,150.6630262,3.21600008010864,115938,51,68,7.94,64.5714285714286,63.5833333333333
2043,-34.025682,150.6630199,3.21600008010864,115939,52,67,7.93,64,63.6666666666667
44.93,-34.0257072,150.6630134,3.21600008010864,115940,53,61,5,64.1428571428571,63.5833333333333
2046,-34.0257323,150.6630056,3.21600008010864,115941,54,61,3.95,63.5714285714286,63.3333333333333
2048,-34.0257567,150.6629973,3.21600008010864,115942,55,60,5.91,62.7142857142857,63.3333333333333
2050,-34.0257802,150.6629897,3.21600008010864,115943,56,65,7.83,61.8571428571429,63.0833333333333
2051,-34.0258034,150.6629805,3.21600008010864,115944,57,63,9.73,61.8571428571429,62.75
2053,-34.0258292,150.6629707,3.21600008010864,115945,58,62,5.83,62.2857142857143,62.5833333333333
2055,-34.025855,150.6629624,3.21600008010864,115946,59,61,5.9,62.8571428571429,63
44.95,-34.0258814,150.6629546,3.21600008010864,115947,60,61,5,62.7142857142857,63.4166666666667
2058,-34.0259087,150.6629482,3.21600008010864,115948,61,64,9.78,63,63.8333333333333
2060,-34.0259341,150.6629419,3.21600008010864,115949,62,64,9.71,63.5714285714286,63.6666666666667
2061,-34.0259608,150.6629357,3.21600008010864,115950,63,64,9.66,64.2857142857143,63.75
2063,-34.0259855,150.6629295,3.21600008010864,115951,64,65,9.7,64.8571428571429,63.8333333333333
2065,-34.0260099,150.6629218,3.21600008010864,115952,65,66,9.7,64.7142857142857,64.1666666666667
2066,-34.0260349,150.6629144,3.21600008010864,115953,66,66,9.72,64.7142857142857,64.4166666666667
2068,-34.02606,150.662909,3.21600008010864,115954,67,65,9.71,64.5714285714286,64.5833333333333
2070,-34.0260863,150.6629042,3.21600008010864,115955,68,63,9.67,64.5714285714286,64.75
2071,-34.0261106,150.6628973,3.21600008010864,115956,69,64,9.7,64.2857142857143,65.0833333333333
2073,-34.0261363,150.6628916,3.21600008010864,115957,70,63,9.68,64.2857142857143,65.4166666666667
2075,-34.0261619,150.6628846,3.21600008010864,115958,71,65,9.7,64.4285714285714,65.5833333333333
2076,-34.0261864,150.6628774,3.21600008010864,115959,72,64,9.64,65.1428571428571,65.75
53.61,-34.0262116,150.6628702,3.21600008010864,120000,73,66,9.59,65.8571428571429,66.0833333333333
44.57,-34.0262376,150.6628626,3.21600008010864,120001,74,66,9,66.5714285714286,66.5
2081,-34.0262628,150.6628558,3.21600008010864,120002,75,68,9.58,67,66.75
2083,-34.0262874,150.6628468,3.21600008010864,120003,76,69,9.6,67.7142857142857,67.0833333333333
2085,-34.0263127,150.6628435,3.21600008010864,120004,77,68,9.58,68,67.0833333333333
2086,-34.0263395,150.662844,3.21600008010864,120005,78,68,9.6,68.1428571428571,67.3333333333333
2088,-34.0263654,150.6628462,3.21600008010864,120006,79,69,9.64,68,67.4166666666667
2090,-34.0263932,150.6628492,3.21600008010864,120007,80,68,9.69,67.4285714285714,67.6666666666667
44.67,-34.0264183,150.6628511,3.21600008010864,120008,81,67,9,67.2857142857143,67.5833333333333
2093,-34.0264418,150.6628513,3.21600008010864,120009,82,67,9.65,67.1428571428571,67.25
2095,-34.0264651,150.6628485,3.21600008010864,120010,83,65,9.66,67.1428571428571,67
2096,-34.0264885,150.662843,3.21600008010864,120011,84,67,9.66,67,66.9166666666667
2098,-34.0265105,150.6628357,3.21600008010864,120012,85,67,9.64,66.7142857142857,66.5833333333333
2100,-34.0265297,150.6628248,3.21600008010864,120013,86,69,9.59,66.4285714285714,66.25
2101,-34.0265431,150.6628085,3.21600008010864,120014,87,67,9.58,66.7142857142857,65.8333333333333
2103,-34.0265515,150.6627869,3.21600008010864,120015,88,65,9.56,66.4285714285714,65.5833333333333
2105,-34.0265501,150.6627623,3.21600008010864,120016,89,65,9.58,66,65.5
2106,-34.02654,150.6627387,3.21600008010864,120017,90,67,9.62,65,65.3333333333333
2108,-34.0265211,150.6627183,3.21600008010864,120018,91,65,9.71,64.5714285714286,65.4166666666667
2110,-34.0264985,150.6627081,3.21600008010864,120019,92,64,9.75,64.4285714285714,65.5833333333333
2111,-34.0264754,150.6627062,3.21600008010864,120020,93,62,9.79,64.4285714285714,65.75
2113,-34.0264511,150.6627114,3.21600008010864,120021,94,64,9.75,64.5714285714286,66.1666666666667
2115,-34.0264282,150.6627185,3.21600008010864,120022,95,64,9.77,65.4285714285714,66.8333333333333
44.68,-34.0264055,150.6627242,3.21600008010864,120023,96,65,9,66.1428571428571,67.5833333333333
2118,-34.0263843,150.6627306,3.21600008010864,120024,97,68,9.67,67.2857142857143,68.9166666666667
2120,-34.0263613,150.6627363,3.21600008010864,120025,98,71,7.78,68.5714285714286,70.4166666666667
2121,-34.0263382,150.6627416,3.21600008010864,120026,99,69,5.92,70.2857142857143,72.3333333333333
2123,-34.0263157,150.6627474,3.21600008010864,120027,100,70,5.96,72.5714285714286,74.25
2125,-34.0262946,150.6627532,3.21600008010864,120028,101,73,7.84,74.5714285714286,76.25
2126,-34.0262722,150.6627584,3.21600008010864,120029,102,76,9.78,76.5714285714286,78
2128,-34.0262489,150.6627668,3.21600008010864,120030,103,81,9.76,79.1428571428571,79.5833333333333
2130,-34.0262249,150.6627724,3.21600008010864,120031,104,82,9.78,81.7142857142857,80.9166666666667
2131,-34.0262032,150.6627769,3.21600008010864,120032,105,85,9.76,83.5714285714286,82.4166666666667
2133,-34.026182,150.6627801,3.21600008010864,120033,106,87,9.76,85.1428571428571,83.6666666666667
53.72,-34.0261616,150.6627837,3.21600008010864,120034,107,88,9.76,86,84.9166666666667
2136,-34.026142,150.6627871,3.21600008010864,120035,108,86,9.71,86.7142857142857,86
2138,-34.0261223,150.6627901,3.21600008010864,120036,109,87,9.68,86.7142857142857,86.3333333333333
2140,-34.0261014,150.6627928,3.21600008010864,120037,110,87,9.67,86.8571428571429,86.3333333333333
2141,-34.0260797,150.6627939,3.21600008010864,120038,111,87,9.68,87,85.5
2143,-34.0260586,150.662797,3.21600008010864,120039,112,85,9.73,86.8571428571429,84.8333333333333
2145,-34.0260385,150.6628026,3.21600008010864,120040,113,88,9.81,86.1428571428571,84
2146,-34.0260179,150.6628075,3.21600008010864,120041,114,89,9.84,84.4285714285714,83.5833333333333
2148,-34.0259973,150.6628098,3.21600008010864,120042,115,85,7.91,83.2857142857143,83.25
2149,-34.0259772,150.6628133,3.21600008010864,120043,116,82,7.86,82.2857142857143,83.5833333333333
2151,-34.0259543,150.6628156,3.21600008010864,120044,117,75,5.96,81.2857142857143,84.4166666666667
44.92,-34.0259339,150.6628204,3.21600008010864,120045,118,79,7,80.4285714285714,85.25
2155,-34.0259136,150.6628267,3.21600008010864,120046,119,78,7.97,81.2857142857143,85.8333333333333
2156,-34.025893,150.6628319,3.21600008010864,120047,120,81,9.91,83.4285714285714,86.0833333333333
2158,-34.025871,150.6628356,3.21600008010864,120048,121,83,9.84,86.2857142857143,87
2160,-34.0258487,150.6628396,3.21600008010864,120049,122,91,9.74,88.5714285714286,88.6666666666667
2161,-34.0258274,150.6628432,3.21600008010864,120050,123,97,9.72,90.5714285714286,90.9166666666667
2163,-34.0258052,150.6628466,3.21600008010864,120051,124,95,7.76,92.7142857142857,92.75
2165,-34.025779,150.6628522,3.21600008010864,120052,125,95,7.81,95.4285714285714,94.5
2166,-34.0257538,150.6628574,3.21600008010864,120053,126,92,7.81,97,95.9166666666667
2168,-34.025731,150.6628643,3.21600008010864,120054,127,96,9.78,97.5714285714286,97.1666666666667
2170,-34.0257096,150.6628721,3.21600008010864,120055,128,102,9.82,98.1428571428571,97.25
2171,-34.0256881,150.6628805,3.21600008010864,120056,129,102,9.83,98.5714285714286,96.6666666666667
2173,-34.0256662,150.6628881,3.21600008010864,120057,130,101,9.81,99.4285714285714,96.25
2175,-34.0256426,150.6628942,3.21600008010864,120058,131,99,9.78,98.8571428571429,95.9166666666667
2176,-34.0256201,150.6628984,3.21600008010864,120059,132,98,9.75,97.1428571428571,96
2178,-34.0255982,150.6629008,3.21600008010864,120100,133,98,9.72,95.4285714285714,95.9166666666667
2180,-34.0255767,150.6629052,3.21600008010864,120101,134,92,9.64,94,95.4166666666667
2181,-34.0255577,150.6629108,3.21600008010864,120102,135,90,9.69,93.1428571428571,94.8333333333333
53.74,-34.0255401,150.6629179,3.21600008010864,120103,136,90,9.69,92.7142857142857,94.5833333333333
2185,-34.0255232,150.6629256,3.21600008010864,120104,137,91,9.76,92.4285714285714,94.4166666666667
2186,-34.0255049,150.6629332,3.21600008010864,120105,138,93,9.75,92.8571428571429,94.4166666666667
2188,-34.0254851,150.6629377,3.21600008010864,120106,139,95,9.75,94,94.4166666666667
2190,-34.0254658,150.6629433,3.21600008010864,120107,140,96,7.83,95,95.1666666666667
2191,-34.0254453,150.6629489,3.21600008010864,120108,141,95,7.78,96,96.3333333333333
2193,-34.0254243,150.6629541,3.21600008010864,120109,142,98,7.79,96.7142857142857,97
2195,-34.0254034,150.662959,3.21600008010864,120110,143,97,9.77,97.5714285714286,97.5833333333333
2196,-34.0253857,150.6629647,3.21600008010864,120111,144,98,9.84,98.7142857142857,97.75
2198,-34.0253666,150.6629694,3.21600008010864,120112,145,98,9.85,99.1428571428571,98.6666666666667
51.9,-34.0253451,150.6629732,3.21600008010864,120113,146,101,9.85,99.1428571428571,99.9166666666667
2201,-34.025323,150.6629777,3.21600008010864,120114,147,104,5.92,98.8571428571429,101.166666666667
2203,-34.0252997,150.6629827,3.21600008010864,120115,148,98,5.9,100,101.25
2205,-34.0252771,150.6629875,3.21600008010864,120116,149,98,7.83,101.857142857143,100.75
2206,-34.0252548,150.6629923,3.21600008010864,120117,150,95,9.78,103.142857142857,100.083333333333
2208,-34.0252329,150.6629966,3.21600008010864,120118,151,106,7.85,102.428571428571,99.3333333333333
2210,-34.0252117,150.6630007,3.21600008010864,120119,152,111,5.92,101.428571428571,97.9166666666667
2211,-34.0251898,150.6630052,3.21600008010864,120120,153,110,5.94,100.285714285714,96.3333333333333
2213,-34.0251686,150.6630103,3.21600008010864,120121,154,99,5.95,99.4285714285714,95.3333333333333
2215,-34.0251473,150.6630157,3.21600008010864,120122,155,91,7.88,96.2857142857143,94.8333333333333
2216,-34.0251271,150.6630209,3.21600008010864,120123,156,90,7.86,92.5714285714286,94.6666666666667
2218,-34.025108,150.6630262,3.21600008010864,120124,157,89,7.85,89.1428571428571,93.5833333333333
2220,-34.0250899,150.6630327,3.21600008010864,120125,158,84,7.84,88.1428571428571,91.9166666666667
2221,-34.025072,150.6630372,3.21600008010864,120126,159,85,7.85,88.4285714285714,90.3333333333333
2223,-34.0250555,150.6630422,3.21600008010864,120127,160,86,7.85,88.8571428571429,89.4166666666667
2225,-34.0250363,150.6630463,3.21600008010864,120128,161,92,7.8,89.1428571428571,88.6666666666667
2226,-34.0250156,150.6630495,3.21600008010864,120129,162,93,7.79,90.1428571428571,88
2228,-34.0249968,150.6630541,3.21600008010864,120130,163,93,9.72,90.5714285714286,86.8333333333333
2230,-34.0249773,150.6630582,3.21600008010864,120131,164,91,9.74,90,85.75
2231,-34.0249575,150.6630617,3.21600008010864,120132,165,91,9.72,88.5714285714286,84.4166666666667
2233,-34.0249392,150.6630662,3.21600008010864,120133,166,88,7.75,86,83.0833333333333
2235,-34.0249206,150.6630703,3.21600008010864,120134,167,82,5.89,82.8571428571429,81.5833333333333
2236,-34.0249028,150.6630728,3.21600008010864,120135,168,82,3.95,79.7142857142857,79.8333333333333
2238,-34.0248855,150.6630728,3.21600008010864,120136,169,75,4,76.7142857142857,78.3333333333333
44.98,-34.0248713,150.6630664,3.21600008010864,120137,170,71,3,74.7142857142857,76.8333333333333
49.95,-34.0248588,150.6630514,3.21600008010864,120138,171,69,3,73.2857142857143,75.3333333333333
2243,-34.0248509,150.6630303,3.21600008010864,120139,172,70,7.84,72.2857142857143,73.9166666666667
2245,-34.0248535,150.6630075,3.21600008010864,120140,173,74,9.76,72,73.1666666666667
2246,-34.0248633,150.6629858,3.21600008010864,120141,174,72,9.73,72.2857142857143,72.6666666666667
2248,-34.0248767,150.6629734,3.21600008010864,120142,175,75,9.76,72.5714285714286,73.3333333333333
53.76,-34.0248939,150.6629657,3.21600008010864,120143,176,73,9.75,73,74.8333333333333
2251,-34.0249118,150.6629638,3.21600008010864,120144,177,73,7.83,73.2857142857143,76.5
2253,-34.024926,150.6629639,3.21600008010864,120145,178,71,7.84,74.8571428571429,78.0833333333333
2255,-34.0249422,150.6629627,3.21600008010864,120146,179,73,5.92,76.8571428571429,79.4166666666667
2256,-34.0249597,150.6629601,3.21600008010864,120147,180,76,7.89,79.1428571428571,80.9166666666667
2258,-34.024978,150.6629572,3.21600008010864,120148,181,83,7.89,81.4285714285714,82.0833333333333
2260,-34.0249967,150.6629538,3.21600008010864,120149,182,89,9.79,84.1428571428571,83
2261,-34.0250137,150.6629497,3.21600008010864,120150,183,89,9.73,86.5714285714286,84.1666666666667
2263,-34.0250328,150.662947,3.21600008010864,120151,184,89,9.68,88.4285714285714,85.9166666666667
2264,-34.0250523,150.6629435,3.21600008010864,120152,185,90,9.69,88.5714285714286,87.5833333333333
44.75,-34.025072,150.6629385,3.21600008010864,120153,186,90,9,88.2857142857143,89.0833333333333
44.74,-34.0250935,150.6629331,3.21600008010864,120154,187,89,9,88.7142857142857,89.5833333333333
2270,-34.0251151,150.6629264,3.21600008010864,120155,188,84,9.72,89.2857142857143,89.6666666666667
44.71,-34.0251362,150.6629188,3.21600008010864,120156,189,87,9,89.8571428571429,89.8333333333333
2273,-34.0251558,150.6629115,3.21600008010864,120157,190,92,7.82,89.7142857142857,90.5
2275,-34.0251756,150.662907,3.21600008010864,120158,191,93,7.79,89.8571428571429,91.25
2276,-34.0251953,150.6629033,3.21600008010864,120159,192,94,7.78,90.8571428571429,91.9166666666667
2278,-34.0252153,150.662898,3.21600008010864,120200,193,89,9.67,92.2857142857143,92.25
2280,-34.0252345,150.6628924,3.21600008010864,120201,194,90,9.72,93.2857142857143,92.5833333333333
2281,-34.0252503,150.6628862,3.21600008010864,120202,195,91,9.74,94,92.6666666666667
2283,-34.025268,150.66288,3.21600008010864,120203,196,97,9.78,93.8571428571429,92.6666666666667
2285,-34.0252867,150.6628743,3.21600008010864,120204,197,99,9.79,93.7142857142857,93
44.77,-34.0253054,150.6628679,3.21600008010864,120205,198,98,9,93.4285714285714,93.3333333333333
2288,-34.0253239,150.6628624,3.21600008010864,120206,199,93,9.79,93.5714285714286,94.3333333333333
2290,-34.025344,150.6628583,3.21600008010864,120207,200,88,9.75,93.5714285714286,94.8333333333333
2291,-34.0253639,150.662855,3.21600008010864,120208,201,88,9.71,93.4285714285714,95.25
2293,-34.0253831,150.662852,3.21600008010864,120209,202,92,7.71,93.8571428571429,94.75
2295,-34.0254021,150.6628469,3.21600008010864,120210,203,97,7.73,94.2857142857143,94.3333333333333
2296,-34.0254216,150.6628414,3.21600008010864,120211,204,98,7.77,95.4285714285714,94.25
2298,-34.025439,150.6628354,3.21600008010864,120212,205,101,9.74,95.8571428571429,94.5
2300,-34.0254575,150.6628302,3.21600008010864,120213,206,96,9.7,96.1428571428571,94.9166666666667
2301,-34.0254762,150.6628256,3.21600008010864,120214,207,96,9.69,96.1428571428571,95
2303,-34.0254937,150.6628216,3.21600008010864,120215,208,91,9.66,95.8571428571429,94.5833333333333
2305,-34.0255116,150.6628176,3.21600008010864,120216,209,94,9.67,94.7142857142857,93.9166666666667
2306,-34.0255302,150.662815,3.21600008010864,120217,210,97,9.7,93.7142857142857,93.1666666666667
2308,-34.0255486,150.6628132,3.21600008010864,120218,211,96,9.76,92.4285714285714,91.9166666666667
2310,-34.0255681,150.6628097,3.21600008010864,120219,212,93,9.75,92.1428571428571,90.5833333333333
2311,-34.0255886,150.6628051,3.21600008010864,120220,213,89,9.74,91.4285714285714,89.1666666666667
2313,-34.0256092,150.6628015,3.21600008010864,120221,214,87,9.7,89.8571428571429,88.5833333333333
2315,-34.0256318,150.6627962,3.21600008010864,120222,215,89,9.73,87.5714285714286,88.25
2316,-34.0256545,150.6627914,3.21600008010864,120223,216,89,9.7,85.5714285714286,87.8333333333333
2318,-34.0256773,150.6627894,3.21600008010864,120224,217,86,9.69,84.8571428571429,87.5
2320,-34.0257,150.6627876,3.21600008010864,120225,218,80,9.68,85.2857142857143,87.3333333333333
53.69,-34.0257199,150.6627857,3.21600008010864,120226,219,79,9.68,85.7142857142857,87.5
2323,-34.0257377,150.6627825,3.21600008010864,120227,220,84,9.72,86.1428571428571,87.8333333333333
2325,-34.0257562,150.6627788,3.21600008010864,120228,221,90,7.79,86.8571428571429,87.9166666666667
2326,-34.0257745,150.6627759,3.21600008010864,120229,222,92,7.81,88.4285714285714,88
2328,-34.0257933,150.6627719,3.21600008010864,120230,223,92,7.77,90.1428571428571,88.3333333333333
51.79,-34.0258118,150.6627658,3.21600008010864,120231,224,91,9.73,91,89.6666666666667
2331,-34.0258312,150.6627594,3.21600008010864,120232,225,91,7.78,91,91
51.85,-34.0258511,150.6627542,3.21600008010864,120233,226,91,7.82,90.7142857142857,91.6666666666667
2335,-34.0258706,150.662751,3.21600008010864,120234,227,90,9.84,91.2857142857143,91.25
2336,-34.0258907,150.6627474,3.21600008010864,120235,228,90,9.87,91.8571428571429,90.3333333333333
2338,-34.0259115,150.6627435,3.21600008010864,120236,229,90,9.86,92,89
2340,-34.0259319,150.6627408,3.21600008010864,120237,230,96,9.81,91.1428571428571,87.75
2341,-34.0259515,150.6627393,3.21600008010864,120238,231,95,9,89.8571428571429,86.5
2343,-34.0259713,150.6627379,3.21600008010864,120239,232,92,9,87.8571428571429,85.6666666666667
2345,-34.0259915,150.6627343,3.21600008010864,120240,233,85,6.03,85.8571428571429,85.0833333333333
2346,-34.0260118,150.6627289,3.21600008010864,120241,234,81,4.08,83,84.4166666666667
2348,-34.0260337,150.6627233,3.21600008010864,120242,235,76,4.1,81,83.5833333333333
50.01,-34.0260563,150.6627165,3.21600008010864,120243,236,76,6.07,79.7142857142857,81.9166666666667
2351,-34.0260776,150.662709,3.21600008010864,120244,237,76,6.05,79.2857142857143,80.5
2353,-34.0260993,150.6627012,3.21600008010864,120245,238,81,6.02,79.1428571428571,79.4166666666667
2354,-34.0261221,150.6626941,3.21600008010864,120246,239,83,6.01,79.1428571428571,79.0833333333333
2356,-34.026144,150.6626862,3.21600008010864,120247,240,82,7.86,79.4285714285714,79
2358,-34.0261637,150.6626778,3.21600008010864,120248,241,80,7.9,79.8571428571429,79.3333333333333
2360,-34.0261848,150.6626709,3.21600008010864,120249,242,76,9.81,79.8571428571429,79.8333333333333
2361,-34.0262053,150.662661,3.21600008010864,120250,243,78,9.78,79.4285714285714,80.5
2363,-34.0262232,150.662652,3.21600008010864,120251,244,79,9.73,79.1428571428571,80.8333333333333
2365,-34.0262417,150.6626425,3.21600008010864,120252,245,81,9.78,79.4285714285714,81.3333333333333
2366,-34.0262603,150.6626333,3.21600008010864,120253,246,80,9.78,80.5714285714286,82.1666666666667
2368,-34.0262799,150.6626234,3.21600008010864,120254,247,80,9.82,81.5714285714286,83.3333333333333
2369,-34.0262989,150.662614,3.21600008010864,120255,248,82,9.82,83,84.4166666666667
2371,-34.0263186,150.6626041,3.21600008010864,120256,249,84,7.89,84.5714285714286,85.1666666666667
2373,-34.026338,150.6625946,3.21600008010864,120257,250,85,7.86,86.5714285714286,86.0833333333333
2375,-34.0263578,150.6625862,3.21600008010864,120258,251,89,7.81,87.8571428571429,86.5
2376,-34.0263788,150.6625808,3.21600008010864,120259,252,92,9.73,88.5714285714286,86.6666666666667
2378,-34.0264004,150.662577,3.21600008010864,120300,253,94,9.7,89.4285714285714,85.8333333333333
2380,-34.0264203,150.6625737,3.21600008010864,120301,254,89,9.68,89.5714285714286,84.25
2381,-34.02644,150.6625708,3.21600008010864,120302,255,87,7.76,88.5714285714286,82.4166666666667
2383,-34.0264602,150.6625681,3.21600008010864,120303,256,90,5.85,85.4285714285714,80.3333333333333
2385,-34.0264789,150.662564,3.21600008010864,120304,257,86,7.88,81,78.0833333333333
2386,-34.0264974,150.6625557,3.21600008010864,120305,258,82,7.9,77.1428571428571,75.8333333333333
2388,-34.0265102,150.6625419,3.21600008010864,120306,259,70,9.84,73.2857142857143,73.5
2390,-34.0265171,150.6625224,3.21600008010864,120307,260,63,9.77,69.2857142857143,71.5833333333333
2391,-34.0265162,150.6624981,3.21600008010864,120308,261,62,9.73,66.2857142857143,69.9166666666667
2393,-34.0265068,150.6624744,3.21600008010864,120309,262,60,9.7,64,68.0833333333333
2394,-34.0264882,150.6624591,3.21600008010864,120310,263,62,9.68,63.4285714285714,66.8333333333333
2396,-34.0264663,150.6624546,3.21600008010864,120311,264,65,9.7,64,66.25
2398,-34.0264455,150.662459,3.21600008010864,120312,265,66,9.72,64.8571428571429,67.25
2400,-34.0264248,150.6624693,3.21600008010864,120313,266,66,9,66.4285714285714,69.0833333333333
2401,-34.0264036,150.6624792,3.21600008010864,120314,267,67,9.76,68.2857142857143,70.9166666666667
2403,-34.0263833,150.6624865,3.21600008010864,120315,268,68,7.82,70.7142857142857,72.5
2405,-34.0263627,150.6624924,3.21600008010864,120316,269,71,7.82,73.4285714285714,74
2406,-34.0263432,150.6625007,3.21600008010864,120317,270,75,7.81,76,75.1666666666667
53.79,-34.0263228,150.6625084,3.21600008010864,120318,271,82,7.84,77.7142857142857,76.5833333333333
2409,-34.0263027,150.6625148,3.21600008010864,120319,272,85,9.81,79.4285714285714,77.75
2411,-34.0262844,150.6625195,3.21600008010864,120320,273,84,9.78,80.5714285714286,78.4166666666667
2413,-34.026265,150.6625251,3.21600008010864,120321,274,79,9.73,81.7142857142857,78.6666666666667
2415,-34.0262456,150.6625326,3.21600008010864,120322,275,80,9.76,81.4285714285714,78.9166666666667
53.75,-34.026226,150.6625393,3.21600008010864,120323,276,79,9.76,80,79.0833333333333
2418,-34.0262057,150.6625446,3.21600008010864,120324,277,83,9.81,78.1428571428571,79.0833333333333
2419,-34.0261848,150.6625495,3.21600008010864,120325,278,80,9.79,77.4285714285714,79.1666666666667
2421,-34.0261652,150.6625549,3.21600008010864,120326,279,75,9.8,77,79.4166666666667
44.77,-34.0261457,150.6625595,3.21600008010864,120327,280,71,9,77.4285714285714,80.4166666666667
2425,-34.0261259,150.6625626,3.21600008010864,120328,281,74,9.81,77.8571428571429,80.9166666666667
2426,-34.0261063,150.6625658,3.21600008010864,120329,282,77,9.76,78.8571428571429,81.75
2428,-34.026085,150.6625699,3.21600008010864,120330,283,82,9.71,81.1428571428571,81.75
2429,-34.0260647,150.6625764,3.21600008010864,120331,284,86,9.69,83.2857142857143,81.6666666666667
2431,-34.0260465,150.6625812,3.21600008010864,120332,285,87,9,85.4285714285714,81.8333333333333
2433,-34.0260272,150.6625858,3.21600008010864,120333,286,91,9.67,86.2857142857143,82.1666666666667
2435,-34.0260092,150.6625901,3.21600008010864,120334,287,86,9.62,85.8571428571429,82.3333333333333
2436,-34.0259909,150.6625975,3.21600008010864,120335,288,89,9.61,84.5714285714286,82.25
2438,-34.0259732,150.6626049,3.21600008010864,120336,289,83,9.66,82.8571428571429,81.6666666666667
2440,-34.0259561,150.6626092,3.21600008010864,120337,290,79,9.65,80.7142857142857,81.0833333333333
2441,-34.0259391,150.6626143,3.21600008010864,120338,291,77,9.67,79.2857142857143,80.8333333333333
2443,-34.0259213,150.6626188,3.21600008010864,120339,292,75,9.67,77.2857142857143,80.9166666666667
2445,-34.0259014,150.6626213,3.21600008010864,120340,293,76,9.74,76.7142857142857,81.6666666666667
2446,-34.0258813,150.6626239,3.21600008010864,120341,294,76,9.72,77.4285714285714,82.5833333333333
53.63,-34.0258629,150.6626251,3.21600008010864,120342,295,75,9.69,79.5714285714286,83.75
2449,-34.0258443,150.6626293,3.21600008010864,120343,296,79,9.61,82.4285714285714,84.9166666666667
2451,-34.025822,150.662632,3.21600008010864,120344,297,84,9.52,85.8571428571429,86.0833333333333
2453,-34.0258004,150.6626348,3.21600008010864,120345,298,92,9.57,88.8571428571429,87.6666666666667
2455,-34.0257801,150.6626396,3.21600008010864,120346,299,95,9,91.4285714285714,89.25
44.62412,-34.0257607,150.662644,3.21600008010864,120347,300,100,7.8,93.1428571428571,90.9166666666667
2458,-34.0257425,150.6626475,3.21600008010864,120348,301,97,7.83,94.5714285714286,92.8333333333333
2459,-34.0257247,150.6626507,3.21600008010864,120349,302,93,7.84,95,94.3333333333333
2461,-34.0257056,150.662652,3.21600008010864,120350,303,91,9.68,95.1428571428571,95.0833333333333
44.66,-34.0256861,150.6626533,3.21600008010864,120351,304,94,9,94.8571428571429,94.8333333333333
2465,-34.0256662,150.662655,3.21600008010864,120352,305,95,9.74,94.8571428571429,94.5
2466,-34.0256472,150.6626581,3.21600008010864,120353,306,96,9.72,94.8571428571429,94
2468,-34.0256298,150.6626621,3.21600008010864,120354,307,98,9.72,94.5714285714286,94.25
2469,-34.0256141,150.6626678,3.21600008010864,120355,308,97,9.7,94.1428571428571,95
2471,-34.0255966,150.6626743,3.21600008010864,120356,309,93,9.67,94,95.6666666666667
2473,-34.0255792,150.6626805,3.21600008010864,120357,310,89,9.65,94.5714285714286,95.75
2475,-34.0255585,150.6626871,3.21600008010864,120358,311,91,9.62,95.1428571428571,95.6666666666667
2476,-34.0255376,150.6626931,3.21600008010864,120359,312,94,9.61,95.4285714285714,95.6666666666667
2478,-34.0255168,150.6626991,3.21600008010864,120400,313,100,9.64,95.7142857142857,95.75
2479,-34.0254965,150.6627035,3.21600008010864,120401,314,102,9.68,96.4285714285714,95.9166666666667
2481,-34.025477,150.6627074,3.21600008010864,120402,315,99,9.65,97.1428571428571,96.4166666666667
2483,-34.0254604,150.6627139,3.21600008010864,120403,316,95,9.68,97.8571428571429,96.6666666666667
2485,-34.025443,150.6627195,3.21600008010864,120404,317,94,9.64,97.7142857142857,96.4166666666667
2486,-34.0254254,150.6627252,3.21600008010864,120405,318,96,9.66,97.2857142857143,95.9166666666667
2488,-34.025408,150.6627293,3.21600008010864,120406,319,99,9.63,96.2857142857143,96
2489,-34.0253891,150.6627322,3.21600008010864,120407,320,99,9.67,95.2857142857143,96
2491,-34.0253675,150.6627357,3.21600008010864,120408,321,99,9.77,94.4285714285714,96.9166666666667
53.75,-34.0253448,150.6627378,3.21600008010864,120409,322,92,9.78,95.1428571428571,97.6666666666667
2495,-34.0253232,150.6627397,3.21600008010864,120410,323,88,9.69,95.5714285714286,98.5
2496,-34.0253024,150.6627425,3.21600008010864,120411,324,88,9.63,97.1428571428571,99
2498,-34.0252828,150.6627449,3.21600008010864,120412,325,101,9.7,97.8571428571429,99.5
2499,-34.0252652,150.6627474,3.21600008010864,120413,326,102,9.71,99.5714285714286,100.25
2501,-34.0252476,150.6627515,3.21600008010864,120414,327,110,9.77,101.571428571429,101.166666666667
2503,-34.0252273,150.6627557,3.21600008010864,120415,328,104,7.76,104,102.166666666667
2507,-34.0252042,150.6627597,3.21600008010864,120417,329,104,7.83,105,102.833333333333
2508,-34.025161,150.6627653,3.21600008010864,120418,330,102,9.76,106.142857142857,103.166666666667
2516,-34.0250536,150.6627777,3.21600008010864,120423,331,105,7.86,105.285714285714,101.833333333333
2518,-34.0250329,150.6627813,3.21600008010864,120424,332,108,7.81,104.142857142857,100.25
51.782475,-34.0250137,150.662786,3.21600008010864,120425,333,110,7.78,102.428571428571,97.9166666666667
53.67,-34.024996,150.6627888,3.21600008010864,120426,334,104,7.78,100,96.4166666666667
2523,-34.0249789,150.6627926,3.21600008010864,120427,335,96,9.68,96.8571428571429,94.9166666666667
2524,-34.0249625,150.6627955,3.21600008010864,120428,336,92,9.65,93.1428571428571,93.75
2526,-34.024947,150.6627989,3.21600008010864,120429,337,85,9.64,89.7142857142857,91.9166666666667
2528,-34.0249296,150.6628021,3.21600008010864,120430,338,83,9.64,87.1428571428571,90
2529,-34.0249123,150.662806,3.21600008010864,120431,339,82,9.65,86,87.25
2531,-34.0248952,150.6628111,3.21600008010864,120432,340,86,9.66,84.7142857142857,85
2533,-34.0248794,150.6628162,3.21600008010864,120433,341,86,9.68,84.7142857142857,83
2534,-34.0248629,150.6628193,3.21600008010864,120434,342,88,9.7,83.8571428571429,81.4166666666667
2536,-34.0248461,150.6628237,3.21600008010864,120435,343,83,9.65,83.1428571428571,80.4166666666667
2538,-34.0248303,150.6628303,3.21600008010864,120436,344,85,9.64,81.1428571428571,79.6666666666667
2540,-34.0248129,150.6628369,3.21600008010864,120437,345,77,9,79.2857142857143,79
44.72497,-34.0247965,150.6628438,3.21600008010864,120438,346,77,9.74,77.1428571428571,78.25
2543,-34.0247786,150.6628471,3.21600008010864,120439,347,72,9.71,75.8571428571429,77.6666666666667
2544,-34.0247619,150.6628416,3.21600008010864,120440,348,73,9.68,74.2857142857143,76.9166666666667
2546,-34.0247503,150.6628267,3.21600008010864,120441,349,73,9.59,74.2857142857143,76.3333333333333
2548,-34.0247465,150.6628067,3.21600008010864,120442,350,74,9.57,74.5714285714286,75.1666666666667
2549,-34.0247545,150.6627831,3.21600008010864,120443,351,74,9.56,75.5714285714286,74.5833333333333
53.53,-34.0247714,150.6627637,3.21600008010864,120444,352,77,9.54,76,74.4166666666667
2553,-34.0247933,150.6627512,3.21600008010864,120445,353,79,9.57,75.7142857142857,75.3333333333333
2554,-34.0248169,150.6627436,3.21600008010864,120446,354,79,9.56,75.1428571428571,76.6666666666667
2556,-34.0248398,150.6627395,3.21600008010864,120447,355,76,9.59,75.2857142857143,77.9166666666667
2558,-34.0248618,150.6627365,3.21600008010864,120448,356,71,9.53,76.1428571428571,79.1666666666667
2559,-34.0248838,150.6627316,3.21600008010864,120449,357,70,9.59,77.5714285714286,80.25
53.62,-34.0249051,150.6627298,3.21600008010864,120450,358,75,9.57,78.8571428571429,81.1666666666667
2563,-34.0249266,150.6627283,3.21600008010864,120451,359,83,9.73,80.7142857142857,81.5833333333333
2564,-34.0249491,150.6627273,3.21600008010864,120452,360,89,9.68,83,82.0833333333333
2566,-34.0249721,150.6627254,3.21600008010864,120453,361,88,9.72,85.5714285714286,82.75
2568,-34.0249919,150.6627245,3.21600008010864,120454,362,89,9.66,86.8571428571429,84
2569,-34.0250116,150.6627257,3.21600008010864,120455,363,87,9.67,87.1428571428571,85.1666666666667
2571,-34.0250326,150.6627258,3.21600008010864,120456,364,88,9.64,86.4285714285714,86.25
44.66,-34.0250548,150.6627259,3.21600008010864,120457,365,84,9,86.1428571428571,86.5833333333333
2574,-34.0250767,150.6627252,3.21600008010864,120458,366,85,9.69,85.4285714285714,86.5833333333333
2576,-34.0250987,150.6627233,3.21600008010864,120459,367,84,9.67,85.5714285714286,86.1666666666667
2578,-34.0251228,150.6627226,3.21600008010864,120500,368,86,9.74,85.4285714285714,85.3333333333333
2579,-34.0251456,150.6627206,3.21600008010864,120501,369,84,9.67,86.1428571428571,84.75
2581,-34.0251646,150.6627174,3.21600008010864,120502,370,88,9.69,85.8571428571429,84.25
44.61,-34.025184,150.6627122,3.21600008010864,120503,371,87,9,85.1428571428571,84.4166666666667
44.62,-34.0252058,150.6627069,3.21600008010864,120504,372,89,9,84.2857142857143,84.5833333333333
2586,-34.0252256,150.6627004,3.21600008010864,120505,373,83,9.61,84,85.1666666666667
2588,-34.0252459,150.6626926,3.21600008010864,120506,374,79,9.61,83.7142857142857,85.9166666666667
2589,-34.0252654,150.6626847,3.21600008010864,120507,375,80,9.67,83.7142857142857,86.9166666666667
2591,-34.0252866,150.6626777,3.21600008010864,120508,376,82,9.65,84,87.5
2593,-34.0253082,150.6626724,3.21600008010864,120509,377,86,9.64,85.7142857142857,88
2594,-34.0253294,150.6626663,3.21600008010864,120510,378,87,9.64,88.1428571428571,88.0833333333333
2596,-34.0253501,150.6626609,3.21600008010864,120511,379,91,9.69,90.2857142857143,88.9166666666667
2598,-34.0253694,150.6626547,3.21600008010864,120512,380,95,9.69,91.8571428571429,90.3333333333333
2599,-34.025388,150.6626483,3.21600008010864,120513,381,96,9.66,92.4285714285714,91.75
2601,-34.0254064,150.6626439,3.21600008010864,120514,382,95,9.66,93.2857142857143,92.6666666666667
2603,-34.0254252,150.6626371,3.21600008010864,120515,383,93,9.61,94,92.9166666666667
2604,-34.0254428,150.6626285,3.21600008010864,120516,384,90,9.63,94.2857142857143,93.1666666666667
2606,-34.0254584,150.6626211,3.21600008010864,120517,385,93,9.63,93.8571428571429,93
2608,-34.0254741,150.6626137,3.21600008010864,120518,386,96,9.62,93,92.5833333333333
2609,-34.0254898,150.6626068,3.21600008010864,120519,387,97,9.57,92.5714285714286,92.0833333333333
2611,-34.0255043,150.6626006,3.21600008010864,120520,388,93,9.54,92.4285714285714,91.8333333333333
2613,-34.0255194,150.6625939,3.21600008010864,120521,389,89,9.57,92,91.6666666666667
2614,-34.025536,150.6625873,3.21600008010864,120522,390,90,9.63,91.1428571428571,91.5833333333333
2616,-34.0255536,150.662581,3.21600008010864,120523,391,89,9.61,90.4285714285714,91.5
2618,-34.0255718,150.6625755,3.21600008010864,120524,392,90,9.61,90.1428571428571,91.8333333333333
2619,-34.025589,150.6625699,3.21600008010864,120525,393,90,9.56,90.1428571428571,92.25
44.55,-34.02561,150.662567,3.21600008010864,120526,394,92,9,90.4285714285714,92.5
2623,-34.0256292,150.6625634,3.21600008010864,120527,395,91,9.53,92,92.5833333333333
2624,-34.0256486,150.6625585,3.21600008010864,120528,396,89,9.54,93.7142857142857,92.4166666666667
2626,-34.0256686,150.6625524,3.21600008010864,120529,397,92,9.55,94.5714285714286,92.3333333333333
2628,-34.025687,150.6625469,3.21600008010864,120530,398,100,9.56,94.2857142857143,91.8333333333333
53.56,-34.025705,150.6625411,3.21600008010864,120531,399,102,9.56,93.8571428571429,91.5
2631,-34.025725,150.6625347,3.21600008010864,120532,400,96,9.62,93.7142857142857,90.9166666666667
44.62589,-34.0257472,150.6625298,3.21600008010864,120533,401,90,9.58,92.5714285714286,90.5833333333333
2634,-34.0257703,150.6625255,3.21600008010864,120534,402,88,9.67,90.5714285714286,90.5833333333333
2636,-34.0257917,150.6625219,3.21600008010864,120535,403,88,9.58,88.1428571428571,90.8333333333333
53.62,-34.0258135,150.662518,3.21600008010864,120536,404,84,9.58,86.8571428571429,89.9166666666667
2639,-34.0258344,150.662512,3.21600008010864,120537,405,86,9.55,86.7142857142857,88.75
2641,-34.0258547,150.6625054,3.21600008010864,120538,406,85,9.6,87.7142857142857,87.0833333333333
2642,-34.0258749,150.6625002,3.21600008010864,120539,407,87,9.56,87.8571428571429,85.75
2644,-34.025894,150.6624945,3.21600008010864,120540,408,89,9.64,88.4285714285714,84.4166666666667
44.65,-34.0259112,150.6624906,3.21600008010864,120541,409,95,9,87,83.4166666666667
2648,-34.0259279,150.6624873,3.21600008010864,120542,410,89,9.66,85.4285714285714,83.3333333333333
44.63,-34.0259455,150.6624828,3.21600008010864,120543,411,88,9,83.2857142857143,83.1666666666667
2651,-34.0259659,150.6624801,3.21600008010864,120544,412,76,9.6,81.4285714285714,83.6666666666667
2653,-34.0259864,150.6624792,3.21600008010864,120545,413,74,9.6,79.7142857142857,84.0833333333333
2654,-34.0260068,150.6624789,3.21600008010864,120546,414,72,9.64,79,84.1666666666667
2656,-34.0260271,150.6624779,3.21600008010864,120547,415,76,9.66,79.4285714285714,83.25
2658,-34.026045,150.6624778,3.21600008010864,120548,416,83,9.62,81.7142857142857,82.0833333333333
2659,-34.0260635,150.6624777,3.21600008010864,120549,417,84,9.62,84,80.8333333333333
2661,-34.0260835,150.6624759,3.21600008010864,120550,418,91,9.6,85.7142857142857,80.3333333333333
2663,-34.0261052,150.6624733,3.21600008010864,120551,419,92,9.58,85.5714285714286,80.0833333333333
2664,-34.0261254,150.662469,3.21600008010864,120552,420,90,9.55,84.1428571428571,80.3333333333333
2666,-34.0261453,150.6624645,3.21600008010864,120553,421,84,9.57,82.1428571428571,80.5833333333333
2668,-34.0261648,150.6624581,3.21600008010864,120554,422,75,9.59,79.2857142857143,80.4166666666667
2669,-34.0261838,150.662451,3.21600008010864,120555,423,73,9.62,76.8571428571429,80.25
2671,-34.026203,150.6624441,3.21600008010864,120556,424,70,9.61,75.2857142857143,79.5833333333333
2673,-34.0262226,150.6624372,3.21600008010864,120557,425,71,9.6,74.8571428571429,78.75
2674,-34.0262421,150.6624317,3.21600008010864,120558,426,75,9.59,75.8571428571429,77.75
2676,-34.0262607,150.6624263,3.21600008010864,120559,427,79,9.61,77.2857142857143,76.8333333333333
2678,-34.0262806,150.6624202,3.21600008010864,120600,428,81,9.59,79,76.5
2679,-34.0263006,150.6624132,3.21600008010864,120601,429,82,9.59,80,76.3333333333333
2681,-34.0263199,150.6624067,3.21600008010864,120602,430,83,9.63,79.7142857142857,76.5833333333333
2683,-34.0263359,150.6623999,3.21600008010864,120603,431,82,9.65,78.5714285714286,76.75
2684,-34.0263529,150.6623918,3.21600008010864,120604,432,78,9.63,77.1428571428571,76.4166666666667
2686,-34.0263687,150.662385,3.21600008010864,120605,433,73,9.52,75.8571428571429,75.3333333333333
2688,-34.0263851,150.6623776,3.21600008010864,120606,434,71,9.52,74.4285714285714,73.75
2689,-34.0264028,150.6623717,3.21600008010864,120607,435,71,9.56,72.8571428571429,72.1666666666667
2691,-34.0264197,150.6623664,3.21600008010864,120608,436,73,9.6,71.1428571428571,70.25
2693,-34.026436,150.6623619,3.21600008010864,120609,437,73,9.61,69.5714285714286,68.4166666666667
2694,-34.0264536,150.6623557,3.21600008010864,120610,438,71,9.58,68.4285714285714,67
2696,-34.0264677,150.6623447,3.21600008010864,120611,439,66,9.61,66.8571428571429,66
2698,-34.0264757,150.6623281,3.21600008010864,120612,440,62,9.63,65,65.1666666666667
2699,-34.0264748,150.6623077,3.21600008010864,120613,441,63,9.63,63.2857142857143,64.25
2701,-34.0264653,150.6622885,3.21600008010864,120614,442,60,9.67,61.8571428571429,63.3333333333333
2703,-34.0264513,150.6622745,3.21600008010864,120615,443,60,9.58,61.1428571428572,62.75
2704,-34.0264326,150.6622671,3.21600008010864,120616,444,61,9,60.8571428571429,62.75
2706,-34.0264126,150.6622663,3.21600008010864,120617,445,61,9.44,60.7142857142857,63.9166666666667
2708,-34.0263921,150.6622714,3.21600008010864,120618,446,61,9.48,61.5714285714286,65.9166666666667
2709,-34.0263727,150.6622787,3.21600008010864,120619,447,60,9.5,63.1428571428572,67.75
2711,-34.0263532,150.6622868,3.21600008010864,120620,448,62,9.64,65.8571428571429,69.4166666666667
2713,-34.026334,150.662293,3.21600008010864,120621,449,66,9.69,69.4285714285714,71
53.65,-34.0263138,150.6622988,3.21600008010864,120622,450,71,9.69,72.8571428571429,72.6666666666667
2716,-34.026294,150.6623028,3.21600008010864,120623,451,80,9.63,75.7142857142857,74.6666666666667
2718,-34.0262739,150.6623047,3.21600008010864,120624,452,86,9.63,78.1428571428571,76.75
2719,-34.0262533,150.6623066,3.21600008010864,120625,453,85,9.62,80.2857142857143,78.75
2721,-34.0262338,150.6623097,3.21600008010864,120626,454,80,9.54,82.2857142857143,80.3333333333333
2723,-34.0262147,150.6623167,3.21600008010864,120627,455,79,9.54,83.1428571428571,81.4166666666667
2724,-34.0261966,150.6623258,3.21600008010864,120628,456,81,9.59,82.8571428571429,82.25
2726,-34.026179,150.6623329,3.21600008010864,120629,457,85,9.66,82.2857142857143,82.3333333333333
2728,-34.0261623,150.6623389,3.21600008010864,120630,458,86,9.64,82.1428571428571,81.9166666666667
2729,-34.0261446,150.6623437,3.21600008010864,120631,459,84,9.61,82.4285714285714,81.5
2731,-34.0261274,150.6623479,3.21600008010864,120632,460,81,9.58,82.4285714285714,82
2732,-34.0261104,150.6623539,3.21600008010864,120633,461,79,9.56,81.8571428571429,82.8333333333333
44.58,-34.026092,150.6623596,3.21600008010864,120634,462,81,9,81,83.75
2736,-34.0260747,150.6623658,3.21600008010864,120635,463,81,9.57,81.2857142857143,84.25
2738,-34.0260567,150.6623718,3.21600008010864,120636,464,81,9.53,82.4285714285714,84.5
53.58,-34.0260379,150.6623779,3.21600008010864,120637,465,80,9.53,84.2857142857143,84.8333333333333
2741,-34.0260164,150.6623825,3.21600008010864,120638,466,86,9.58,85.7142857142857,84.9166666666667
2743,-34.025996,150.6623871,3.21600008010864,120639,467,89,9.53,86.8571428571429,84.75
2744,-34.0259774,150.6623912,3.21600008010864,120640,468,92,9.53,87.8571428571429,84.4166666666667
2746,-34.0259584,150.6623953,3.21600008010864,120641,469,91,9.53,88.1428571428571,84.5833333333333
53.58,-34.0259378,150.6623995,3.21600008010864,120642,470,89,9.54,86.8571428571429,85.0833333333333
2749,-34.0259179,150.6624027,3.21600008010864,120643,471,88,9.56,85.1428571428571,85.75
2751,-34.0258975,150.6624061,3.21600008010864,120644,472,82,9.56,83.8571428571429,85.6666666666667
2753,-34.0258783,150.6624122,3.21600008010864,120645,473,77,9.57,83.2857142857143,85.6666666666667
2754,-34.0258621,150.6624178,3.21600008010864,120646,474,77,9.57,83.1428571428571,85.4166666666667
2756,-34.0258462,150.6624228,3.21600008010864,120647,475,83,9.56,82.7142857142857,85.5833333333333
2758,-34.0258283,150.6624279,3.21600008010864,120648,476,87,9.55,83.7142857142857,85.3333333333333
2759,-34.0258094,150.662432,3.21600008010864,120649,477,88,9.55,85.4285714285714,85.0833333333333
2761,-34.0257949,150.6624381,3.21600008010864,120650,478,85,9.57,87.7142857142857,84.8333333333333
2763,-34.0257789,150.662444,3.21600008010864,120651,479,89,9.6,88.1428571428571,85.3333333333333
2764,-34.0257632,150.662449,3.21600008010864,120652,480,89,9.58,87.8571428571429,85.75
2766,-34.0257462,150.6624519,3.21600008010864,120653,481,93,9.58,86.5714285714286,85.9166666666667
2768,-34.0257272,150.6624563,3.21600008010864,120654,482,86,9.54,86.2857142857143,85.8333333333333
2769,-34.0257087,150.6624626,3.21600008010864,120655,483,85,9.55,85.2857142857143,85.9166666666667
2771,-34.0256914,150.6624677,3.21600008010864,120656,484,79,9.52,84.7142857142857,86.0833333333333
2773,-34.0256739,150.6624726,3.21600008010864,120657,485,83,9.52,83.7142857142857,85.5
2774,-34.0256536,150.6624765,3.21600008010864,120658,486,82,9.52,84.1428571428571,84.9166666666667
2776,-34.0256335,150.6624813,3.21600008010864,120659,487,85,9.51,84.4285714285714,84.5
2778,-34.0256111,150.6624876,3.21600008010864,120700,488,86,9.54,84.8571428571429,84.9166666666667
2779,-34.0255893,150.6624912,3.21600008010864,120701,489,89,9.52,84.7142857142857,85.3333333333333
2781,-34.025567,150.6624938,3.21600008010864,120702,490,87,9.55,85.5714285714286,85.8333333333333
2783,-34.0255484,150.6624976,3.21600008010864,120703,491,82,9.52,86.4285714285714,85.9166666666667
2784,-34.0255318,150.6625024,3.21600008010864,120704,492,82,9.52,87,86.1666666666667
2786,-34.025514,150.6625073,3.21600008010864,120705,493,88,9.51,86.4285714285714,86.1666666666667
44.49,-34.0254969,150.6625172,3.21600008010864,120706,494,91,9,86,86.1666666666667
2789,-34.0254804,150.6625257,3.21600008010864,120707,495,90,9.53,86.4285714285714,85.8333333333333
2791,-34.0254663,150.6625302,3.21600008010864,120708,496,85,9.5,86.8571428571429,86
2793,-34.0254521,150.6625311,3.21600008010864,120709,497,84,9.53,86.5714285714286,86.6666666666667
44.57,-34.0254362,150.6625336,3.21600008010864,120710,498,85,9,85.7142857142857,87.4166666666667
2796,-34.0254192,150.6625389,3.21600008010864,120711,499,85,9.55,85.5714285714286,87.25
2798,-34.0254005,150.6625431,3.21600008010864,120712,500,86,9.51,86.2857142857143,87
2799,-34.0253818,150.6625466,3.21600008010864,120713,501,85,9.48,87.2857142857143,86.6666666666667
2801,-34.0253638,150.6625511,3.21600008010864,120714,502,89,9.52,87.4285714285714,87
2803,-34.0253474,150.6625558,3.21600008010864,120715,503,90,9.56,87.8571428571429,86.8333333333333
2804,-34.0253304,150.6625616,3.21600008010864,120716,504,91,9.56,87.8571428571429,86.75
2806,-34.0253099,150.6625664,3.21600008010864,120717,505,86,9.53,88.4285714285714,86.5833333333333
2807,-34.0252907,150.66257,3.21600008010864,120718,506,88,9.57,87.4285714285714,86.5833333333333
2809,-34.025273,150.6625733,3.21600008010864,120719,507,86,9.56,86.5714285714286,86.3333333333333
2811,-34.0252561,150.6625752,3.21600008010864,120720,508,89,9.59,85.4285714285714,86.0833333333333
2813,-34.0252393,150.6625783,3.21600008010864,120721,509,82,9.51,85.4285714285714,86.0833333333333
2814,-34.0252221,150.6625793,3.21600008010864,120722,510,84,9.53,84.5714285714286,86.0833333333333
2816,-34.0252053,150.6625792,3.21600008010864,120723,511,83,9.58,84.5714285714286,86.5833333333333
2818,-34.0251877,150.6625791,3.21600008010864,120724,512,86,9.61,84.7142857142857,86.75
2819,-34.0251696,150.6625782,3.21600008010864,120725,513,82,9.57,86,87.0833333333333
2821,-34.0251516,150.6625775,3.21600008010864,120726,514,86,9.59,87.1428571428571,87
2823,-34.0251339,150.6625782,3.21600008010864,120727,515,90,9.59,88.1428571428571,87.4166666666667
2824,-34.0251166,150.6625804,3.21600008010864,120728,516,91,9.6,88.7142857142857,87.9166666666667
2826,-34.0250999,150.6625811,3.21600008010864,120729,517,92,9.56,89.5714285714286,88.4166666666667
2828,-34.025082,150.6625825,3.21600008010864,120730,518,90,9.56,89.7142857142857,89
2829,-34.0250639,150.6625829,3.21600008010864,120731,519,90,9.6,89.7142857142857,90
2831,-34.0250467,150.6625838,3.21600008010864,120732,520,88,9.58,89.4285714285714,90.8333333333333
44.67,-34.0250297,150.6625866,3.21600008010864,120733,521,87,9,89.5714285714286,91
2834,-34.0250113,150.6625901,3.21600008010864,120734,522,90,9.71,90.1428571428571,90.9166666666667
2836,-34.0249934,150.6625949,3.21600008010864,120735,523,89,9.8,91,90.4166666666667
2838,-34.0249757,150.6625998,3.21600008010864,120736,524,93,9.74,91.5714285714286,89.5833333333333
2839,-34.0249566,150.6626023,3.21600008010864,120737,525,94,9.7,92,88.1666666666667
44.63,-34.0249382,150.6626044,3.21600008010864,120738,526,96,9,91.4285714285714,87
2843,-34.0249208,150.6626059,3.21600008010864,120739,527,92,9,90.1428571428571,86.25
2844,-34.0249033,150.662611,3.21600008010864,120740,528,90,9.6,87.2857142857143,85.6666666666667
2846,-34.0248878,150.662615,3.21600008010864,120741,529,86,9.57,84.4285714285714,84.5833333333333
2848,-34.0248744,150.6626184,3.21600008010864,120742,530,80,9.53,81.8571428571429,82.9166666666667
2849,-34.0248597,150.6626212,3.21600008010864,120743,531,73,9.56,80.5714285714286,80.5833333333333
2851,-34.0248431,150.6626227,3.21600008010864,120744,532,74,9.57,78.5714285714286,78.1666666666667
2853,-34.0248278,150.6626223,3.21600008010864,120745,533,78,9.57,76.7142857142857,76.1666666666667
2854,-34.0248131,150.6626184,3.21600008010864,120746,534,83,9.57,74.7142857142857,74.4166666666667
2856,-34.0248001,150.6626106,3.21600008010864,120747,535,76,9.63,73.8571428571429,73
2857,-34.0247891,150.6625971,3.21600008010864,120748,536,73,9.62,73,72.5833333333333
2859,-34.0247837,150.6625799,3.21600008010864,120749,537,66,9.59,71.7142857142857,72.6666666666667
2861,-34.0247846,150.6625626,3.21600008010864,120750,538,67,9.52,69.7142857142857,72.75
2863,-34.0247908,150.6625445,3.21600008010864,120751,539,68,9.51,69.5714285714286,72.5833333333333
2864,-34.0248041,150.6625309,3.21600008010864,120752,540,69,9.54,69.7142857142857,72.25
2866,-34.0248212,150.662522,3.21600008010864,120753,541,69,9.53,71,72.3333333333333
2868,-34.02484,150.6625186,3.21600008010864,120754,542,75,9.6,72.2857142857143,72.5833333333333
2869,-34.0248606,150.6625167,3.21600008010864,120755,543,74,9.56,73.8571428571429,73.75
2871,-34.0248818,150.662515,3.21600008010864,120756,544,75,9.57,75,75.3333333333333
2873,-34.0249032,150.6625142,3.21600008010864,120757,545,76,9.58,76,76.75
2874,-34.0249221,150.6625146,3.21600008010864,120758,546,79,9.64,76.7142857142857,77.5833333333333
2876,-34.0249408,150.6625132,3.21600008010864,120759,547,77,9.66,78.4285714285714,78.1666666666667
2878,-34.0249624,150.662513,3.21600008010864,120800,548,76,9.63,79.8571428571429,78.25
2879,-34.0249828,150.6625104,3.21600008010864,120801,549,80,9.64,80.2857142857143,78.75
2881,-34.0250018,150.6625084,3.21600008010864,120802,550,86,9.71,79.8571428571429,79.4166666666667
2883,-34.0250194,150.6625076,3.21600008010864,120803,551,85,9.71,79.7142857142857,80
2884,-34.0250376,150.6625065,3.21600008010864,120804,552,79,9.7,80.2857142857143,80.1666666666667
2886,-34.0250545,150.6625085,3.21600008010864,120805,553,76,9.67,80.7142857142857,80.6666666666667
2888,-34.0250712,150.6625074,3.21600008010864,120806,554,76,9.65,80.2857142857143,81
2889,-34.0250895,150.6625049,3.21600008010864,120807,555,80,9.63,79.7142857142857,80.9166666666667
2891,-34.0251053,150.6625014,3.21600008010864,120808,556,83,9.6,80.2857142857143,80.25
2893,-34.0251194,150.6625002,3.21600008010864,120809,557,83,9.57,80.8571428571429,80.0833333333333
2894,-34.0251341,150.6624983,3.21600008010864,120810,558,81,9,81.2857142857143,80.25
2896,-34.0251491,150.6624998,3.21600008010864,120811,559,83,9.6,81,80.75
2898,-34.0251648,150.6624994,3.21600008010864,120812,560,80,9.61,81,80.5
2899,-34.0251811,150.6624968,3.21600008010864,120813,561,79,9.59,80.7142857142857,80.25
2901,-34.0251966,150.6624937,3.21600008010864,120814,562,78,9.58,80.8571428571429,79.75
2903,-34.0252123,150.6624913,3.21600008010864,120815,563,83,9.66,79.4285714285714,79.75
44.64,-34.0252274,150.6624883,3.21600008010864,120816,564,81,9,79,79.9166666666667
2906,-34.025243,150.6624858,3.21600008010864,120817,565,82,9.63,78.7142857142857,80
2908,-34.0252596,150.6624847,3.21600008010864,120818,566,73,9.63,79.4285714285714,80.1666666666667
2909,-34.025276,150.6624821,3.21600008010864,120819,567,77,9.66,79.4285714285714,80.5833333333333
911,-34.0252931,150.6624792,3.21600008010864,120820,568,77,9.74,79.8571428571429,80.9166666666667
732913,-34.0253114,150.6624789,3.21600008010864,120821,569,83,9,79.8571428571429,81
2914,-34.0253299,150.662475,3.21600008010864,120822,570,83,9,81.4285714285714,81.3333333333333
2916,-34.0253485,150.6624692,3.21600008010864,120823,571,84,9.63,82.1428571428571,82
2917,-34.0253651,150.6624632,3.21600008010864,120824,572,82,9.64,83.1428571428571,83.5
2919,-34.0253824,150.6624577,3.21600008010864,120825,573,84,9.63,83.4285714285714,84.5833333333333
53.63,-34.0253983,150.6624531,3.21600008010864,120826,574,82,9.65,84.4285714285714,85.5833333333333
2923,-34.0254158,150.6624471,3.21600008010864,120827,575,84,9.61,85.4285714285714,86.0833333333333
2924,-34.0254337,150.6624412,3.21600008010864,120828,576,85,9.65,86.5714285714286,86.6666666666667
2926,-34.025451,150.6624359,3.21600008010864,120829,577,90,9.62,87.2857142857143,86.9166666666667
2927,-34.0254685,150.662431,3.21600008010864,120830,578,91,9.63,88.2857142857143,87.3333333333333
2929,-34.0254871,150.6624252,3.21600008010864,120831,579,90,9,89.1428571428571,87.3333333333333
2931,-34.0255042,150.6624185,3.21600008010864,120832,580,89,9.65,89.4285714285714,87.5833333333333
2932,-34.0255215,150.662413,3.21600008010864,120833,581,89,9.64,89,87.6666666666667
2934,-34.0255404,150.6624093,3.21600008010864,120834,582,90,9.59,88,87.8333333333333
2936,-34.0255577,150.6624057,3.21600008010864,120835,583,87,9.61,87.2857142857143,87.5833333333333
2937,-34.0255745,150.6624028,3.21600008010864,120836,584,87,9.65,86.7142857142857,87.3333333333333
2939,-34.0255922,150.6624014,3.21600008010864,120837,585,84,9.77,86.4285714285714,87.1666666666667
2941,-34.0256098,150.6623995,3.21600008010864,120838,586,85,9.77,86,87.1666666666667
2943,-34.0256264,150.6623963,3.21600008010864,120839,587,85,9.71,86.1428571428571,87.0833333333333
2944,-34.0256425,150.6623933,3.21600008010864,120840,588,87,9.65,86.2857142857143,86.9166666666667
2946,-34.0256596,150.66239,3.21600008010864,120841,589,87,9.66,87,87.0833333333333
2947,-34.0256771,150.6623874,3.21600008010864,120842,590,88,9.65,87.4285714285714,87.1666666666667
2949,-34.0256956,150.6623852,3.21600008010864,120843,591,88,9.73,87.8571428571429,87.5
44.74,-34.0257133,150.6623814,3.21600008010864,120844,592,89,9,88.1428571428571,87.5833333333333
2952,-34.0257305,150.6623765,3.21600008010864,120845,593,88,9.77,88.2857142857143,87.75
2954,-34.0257491,150.6623723,3.21600008010864,120846,594,88,9.73,88.2857142857143,87.8333333333333
2956,-34.0257663,150.6623685,3.21600008010864,120847,595,89,9.71,88,88
2957,-34.0257826,150.6623642,3.21600008010864,120848,596,88,9.72,87.7142857142857,88.0833333333333
2959,-34.0257993,150.6623613,3.21600008010864,120849,597,88,9.67,87.7142857142857,88.1666666666667
2961,-34.0258164,150.6623573,3.21600008010864,120850,598,86,9.63,87.8571428571429,88
2963,-34.0258329,150.6623529,3.21600008010864,120851,599,87,9.6,87.8571428571429,87.75
2964,-34.0258509,150.6623481,3.21600008010864,120852,600,88,9.66,88,86.9166666666667
2966,-34.0258684,150.6623433,3.21600008010864,120853,601,89,9.71,87.8571428571429,85.8333333333333
2967,-34.025888,150.6623406,3.21600008010864,120854,602,89,7.81,87.7142857142857,84.9166666666667
44.82,-34.0259081,150.6623368,3.21600008010864,120855,603,89,7,86.4285714285714,84.5
2971,-34.0259248,150.6623338,3.21600008010864,120856,604,87,7.79,84.7142857142857,84.1666666666667
53.73,-34.025942,150.6623309,3.21600008010864,120857,605,85,7.79,83,84.1666666666667
2974,-34.0259606,150.6623281,3.21600008010864,120858,606,78,9.75,82.1428571428571,83.8333333333333
2976,-34.0259798,150.662324,3.21600008010864,120859,607,76,9.84,81.1428571428571,83.6666666666667
2977,-34.0259996,150.6623204,3.21600008010864,120900,608,77,7.89,81.1428571428571,83.3333333333333
2979,-34.0260179,150.6623183,3.21600008010864,120901,609,83,5.91,81,82.75
2981,-34.0260347,150.6623152,3.21600008010864,120902,610,82,5.86,82.2857142857143,82.25
2983,-34.0260529,150.6623113,3.21600008010864,120903,611,87,7.79,83.5714285714286,82.1666666666667
2984,-34.0260709,150.6623071,3.21600008010864,120904,612,84,9.71,84.2857142857143,82.5
2986,-34.02609,150.6623021,3.21600008010864,120905,613,87,9.73,84,82.8333333333333
2987,-34.0261096,150.6622984,3.21600008010864,120906,614,85,9.75,84.2857142857143,83
2989,-34.02613,150.662295,3.21600008010864,120907,615,82,9.75,83.5714285714286,82.8333333333333
2991,-34.0261497,150.6622914,3.21600008010864,120908,616,81,9.68,83,82.75
2993,-34.0261699,150.6622885,3.21600008010864,120909,617,84,9.69,81.8571428571429,82
2994,-34.0261916,150.6622858,3.21600008010864,120910,618,82,9.65,81.2857142857143,81.4166666666667
2996,-34.026211,150.6622814,3.21600008010864,120911,619,80,9.72,81.1428571428571,80.6666666666667
2998,-34.0262279,150.6622782,3.21600008010864,120912,620,79,9,80.7142857142857,80
2999,-34.0262461,150.662273,3.21600008010864,120913,621,81,9.79,79.7142857142857,79.75
3001,-34.0262641,150.6622656,3.21600008010864,120914,622,81,9.77,79.1428571428571,79.6666666666667
3003,-34.026281,150.6622602,3.21600008010864,120915,623,78,9.76,78.7142857142857,79.5833333333333
3004,-34.0262993,150.6622559,3.21600008010864,120916,624,77,9.75,78.7142857142857,79.3333333333333
3006,-34.0263198,150.6622523,3.21600008010864,120917,625,78,9.78,78.5714285714286,78.75
3007,-34.0263389,150.6622511,3.21600008010864,120918,626,77,9.77,78.8571428571429,77.9166666666667
44.84,-34.0263574,150.6622491,3.21600008010864,120919,627,79,9,79,76.75
3011,-34.0263732,150.6622438,3.21600008010864,120920,628,80,9.88,78.4285714285714,75.5
3013,-34.0263875,150.6622329,3.21600008010864,120921,629,83,9.85,77.1428571428571,74.3333333333333
3014,-34.0263979,150.6622167,3.21600008010864,120922,630,79,7.95,75.7142857142857,73.3333333333333
3016,-34.0264018,150.662196,3.21600008010864,120923,631,73,5.97,73.8571428571429,72.3333333333333
3017,-34.0264,150.6621736,3.21600008010864,120924,632,69,5.96,71.5714285714286,71.5
3019,-34.0263914,150.6621529,3.21600008010864,120925,633,67,7.82,69,70.6666666666667
3021,-34.02638,150.6621358,3.21600008010864,120926,634,66,9.68,67.1428571428571,70
3022,-34.0263662,150.6621246,3.21600008010864,120927,635,64,9.67,66.2857142857143,69.5833333333333
3024,-34.0263482,150.6621193,3.21600008010864,120928,636,65,9.62,66.2857142857143,69.4166666666667
3026,-34.0263259,150.6621207,3.21600008010864,120929,637,66,9.65,67,69.6666666666667
3027,-34.0263037,150.6621255,3.21600008010864,120930,638,67,7.73,68.7142857142857,70.0833333333333
3029,-34.0262837,150.6621304,3.21600008010864,120931,639,69,5.85,70.5714285714286,70.8333333333333
3031,-34.0262643,150.6621346,3.21600008010864,120932,640,72,5.93,72.1428571428571,72
3033,-34.0262448,150.6621385,3.21600008010864,120933,641,78,5.96,73.2857142857143,73.4166666666667
3034,-34.0262246,150.6621441,3.21600008010864,120934,642,77,7.88,74.5714285714286,74.8333333333333
3036,-34.0262053,150.662149,3.21600008010864,120935,643,76,7.84,76.1428571428571,76.1666666666667
3038,-34.0261869,150.6621552,3.21600008010864,120936,644,74,9.78,77.4285714285714,77.4166666666667
3039,-34.0261697,150.6621613,3.21600008010864,120937,645,76,9.73,78,78.75
3041,-34.0261518,150.6621674,3.21600008010864,120938,646,80,9.71,78.7142857142857,79.8333333333333
3042,-34.0261342,150.6621736,3.21600008010864,120939,647,81,9.7,79.5714285714286,80.3333333333333
3044,-34.0261159,150.6621798,3.21600008010864,120940,648,82,9.69,81.1428571428571,80.9166666666667
3046,-34.0260973,150.6621843,3.21600008010864,120941,649,82,9.68,82.4285714285714,81.5833333333333
3047,-34.0260793,150.6621874,3.21600008010864,120942,650,82,9.67,83,82.4166666666667
3049,-34.0260627,150.6621883,3.21600008010864,120943,651,85,9.71,83.4285714285714,83.3333333333333
3051,-34.0260454,150.6621904,3.21600008010864,120944,652,85,9.77,83.7142857142857,84.0833333333333
3053,-34.0260279,150.6621942,3.21600008010864,120945,653,84,9.81,84,84.75
3054,-34.0260109,150.6621996,3.21600008010864,120946,654,84,9.8,84.7142857142857,85.0833333333333
3056,-34.0259963,150.6622061,3.21600008010864,120947,655,84,9.79,85.2857142857143,85
3057,-34.0259791,150.66221,3.21600008010864,120948,656,84,9.79,85.8571428571429,84.75
3059,-34.0259609,150.662213,3.21600008010864,120949,657,87,9.84,86.1428571428571,83.9166666666667
3061,-34.0259421,150.6622162,3.21600008010864,120950,658,89,6.02,85.7142857142857,83.3333333333333
993063,-34.0259215,150.6622188,3.21600008010864,120951,659,89,5.99,85,83.5833333333333
49.93,-34.0258999,150.6622216,3.21600008010864,120952,660,86,5.99,83.7142857142857,83.9166666666667
3066,-34.0258802,150.6622239,3.21600008010864,120953,661,81,9.72,82.4285714285714,84.5833333333333
3067,-34.0258614,150.6622255,3.21600008010864,120954,662,79,9.73,82.1428571428571,85.5833333333333
3069,-34.0258436,150.6622283,3.21600008010864,120955,663,75,9.74,82,86.0833333333333
3071,-34.025825,150.6622307,3.21600008010864,120956,664,78,9.75,82.8571428571429,86.3333333333333
3073,-34.0258084,150.6622335,3.21600008010864,120957,665,87,9,85,86.5
44.8303,-34.0257903,150.6622366,3.21600008010864,120958,666,88,9.77,87,86.75
3076,-34.025771,150.6622395,3.21600008010864,120959,667,92,9.73,89.4285714285714,87.4166666666667
3077,-34.0257529,150.6622421,3.21600008010864,121000,668,96,9,91.2857142857143,88.4166666666667
3079,-34.0257366,150.662245,3.21600008010864,121001,669,93,9.7,91.5714285714286,89.8333333333333
3081,-34.0257207,150.6622481,3.21600008010864,121002,670,92,9.7,91.7142857142857,91.1666666666667
3083,-34.0257043,150.6622533,3.21600008010864,121003,671,91,9,91.5714285714286,91.75
3084,-34.0256865,150.6622582,3.21600008010864,121004,672,89,9.72,91,92.6666666666667
53.7,-34.0256675,150.6622608,3.21600008010864,121005,673,89,9,91.1428571428571,93.1666666666667
3087,-34.0256488,150.6622626,3.21600008010864,121006,674,91,9.72,91.4285714285714,93.4166666666667
3089,-34.0256297,150.6622651,3.21600008010864,121007,675,92,9.73,92.5714285714286,93.5833333333333
3091,-34.0256104,150.6622676,3.21600008010864,121008,676,94,9.75,93.8571428571429,93.6666666666667
3092,-34.025589,150.6622677,3.21600008010864,121009,677,94,9.76,95.2857142857143,93.75
53.73,-34.0255664,150.6622682,3.21600008010864,121010,678,99,9.77,95.8571428571429,93.9166666666667
3096,-34.0255444,150.6622698,3.21600008010864,121011,679,98,9.75,96,94.25
3097,-34.0255237,150.6622712,3.21600008010864,121012,680,99,9.71,95.7142857142857,94.25
3099,-34.0255041,150.6622728,3.21600008010864,121013,681,95,9.69,95.2857142857143,94.1666666666667
3101,-34.0254838,150.6622739,3.21600008010864,121014,682,93,9.7,94.4285714285714,94
3102,-34.0254652,150.6622758,3.21600008010864,121015,683,92,9.74,93.4285714285714,94.1666666666667
3104,-34.025446,150.6622786,3.21600008010864,121016,684,91,9.79,92.2857142857143,93.9166666666667
44.77,-34.0254269,150.6622827,3.21600008010864,121017,685,93,9,91.8571428571429,93.3333333333333
3107,-34.0254086,150.6622872,3.21600008010864,121018,686,91,9.72,92.2857142857143,92.4166666666667
3109,-34.0253926,150.6622909,3.21600008010864,121019,687,91,9.72,92.8571428571429,91.75
3111,-34.0253757,150.662294,3.21600008010864,121020,688,92,9.71,92.8571428571429,91.5
3112,-34.0253613,150.6622969,3.21600008010864,121021,689,96,9.73,92.1428571428571,91.5833333333333
3114,-34.0253464,150.6622998,3.21600008010864,121022,690,96,9.73,91.5714285714286,91.75
44.71,-34.025332,150.6623017,3.21600008010864,121023,691,91,9,91.4285714285714,91.9166666666667
3118,-34.0253189,150.6623056,3.21600008010864,121024,692,88,9.69,91.5714285714286,92.0833333333333
3119,-34.0253057,150.6623101,3.21600008010864,121025,693,87,9.64,91.1428571428571,92.0833333333333
3121,-34.0252918,150.6623152,3.21600008010864,121026,694,90,9.65,91,92.25
3122,-34.0252815,150.662321,3.21600008010864,121027,695,93,9.65,91.2857142857143,92.3333333333333
3124,-34.0252713,150.6623273,3.21600008010864,121028,696,93,9.62,91.7142857142857,92.6666666666667
3126,-34.0252615,150.6623319,3.21600008010864,121029,697,95,9.65,92.7142857142857,93.1666666666667
3128,-34.0252496,150.662337,3.21600008010864,121030,698,93,9.65,93.7142857142857,93.5
3129,-34.0252352,150.6623415,3.21600008010864,121031,699,91,9.66,94.7142857142857,93.9166666666667
3131,-34.0252209,150.6623459,3.21600008010864,121032,700,94,9.75,95.2857142857143,94.4166666666667
3132,-34.0252072,150.6623507,3.21600008010864,121033,701,97,9.78,94.8571428571429,94.9166666666667
3134,-34.0251927,150.6623554,3.21600008010864,121034,702,100,9.75,94.7142857142857,95.25
3136,-34.0251773,150.6623591,3.21600008010864,121035,703,97,9.65,95.4285714285714,95.1666666666667
3137,-34.0251596,150.6623627,3.21600008010864,121036,704,92,9.62,96.1428571428571,94.75
3139,-34.0251394,150.6623646,3.21600008010864,121037,705,92,9.63,96.1428571428571,94.3333333333333
3141,-34.0251201,150.662367,3.21600008010864,121038,706,96,9.67,95.2857142857143,93.5
53.73,-34.0251016,150.6623717,3.21600008010864,121039,707,99,9.7,94,92.4166666666667
3144,-34.0250814,150.6623756,3.21600008010864,121040,708,97,9.7,93.1428571428571,91.25
3145,-34.0250627,150.6623785,3.21600008010864,121041,709,94,9.71,92,90.4166666666667
3147,-34.0250428,150.6623802,3.21600008010864,121042,710,88,9.65,90.2857142857143,89.9166666666667
3149,-34.0250229,150.6623826,3.21600008010864,121043,711,86,9.62,88.4285714285714,89.1666666666667
3151,-34.0250043,150.6623851,3.21600008010864,121044,712,84,9.65,87,87.75
3152,-34.0249849,150.6623896,3.21600008010864,121045,713,84,9.64,85.8571428571429,85.5833333333333
3154,-34.0249647,150.6623936,3.21600008010864,121046,714,86,9.68,85.1428571428571,83.3333333333333
3156,-34.0249465,150.6623981,3.21600008010864,121047,715,87,9.68,84.1428571428571,81.0833333333333
3157,-34.0249254,150.662404,3.21600008010864,121048,716,86,9.7,82.5714285714286,79.5
3159,-34.0249041,150.6624088,3.21600008010864,121049,717,83,7.82,80.5714285714286,78.5833333333333
3161,-34.0248824,150.6624159,3.21600008010864,121050,718,79,7.87,77.8571428571429,78
3163,-34.0248613,150.6624211,3.21600008010864,121051,719,73,5.92,75.2857142857143,77.3333333333333
3164,-34.0248406,150.6624251,3.21600008010864,121052,720,70,7.83,73.7142857142857,76.1666666666667
3166,-34.0248202,150.6624284,3.21600008010864,121053,721,67,7.83,72.8571428571429,75
3167,-34.0247993,150.6624324,3.21600008010864,121054,722,69,7.86,72.4285714285714,74.0833333333333
3169,-34.024779,150.6624369,3.21600008010864,121055,723,75,7.94,72.2857142857143,73.25
44.93,-34.0247594,150.6624379,3.21600008010864,121056,724,77,7,72.7142857142857,72.75
3172,-34.0247403,150.6624318,3.21600008010864,121057,725,76,9.8,73.8571428571429,72.75
3174,-34.0247247,150.6624178,3.21600008010864,121058,726,72,9.75,74.4285714285714,73.3333333333333
3176,-34.024718,150.6623971,3.21600008010864,121059,727,73,9.75,74.1428571428571,74.1666666666667
3177,-34.0247221,150.6623722,3.21600008010864,121100,728,75,9.77,73.5714285714286,74.9166666666667
3179,-34.024734,150.662349,3.21600008010864,121101,729,73,9.76,73.7142857142857,75.6666666666667
3181,-34.024753,150.6623322,3.21600008010864,121102,730,73,9.76,74.4285714285714,76.25
3182,-34.0247743,150.6623217,3.21600008010864,121103,731,73,7.82,75.1428571428571,76.6666666666667
3184,-34.0247964,150.662318,3.21600008010864,121104,732,77,5.9,76.4285714285714,76.5
3186,-34.0248178,150.6623177,3.21600008010864,121105,733,77,5.87,78,76.6666666666667
3187,-34.0248377,150.6623182,3.21600008010864,121106,734,78,7.8,79.1428571428571,76.8333333333333
3189,-34.0248578,150.6623159,3.21600008010864,121107,735,84,9.72,78.7142857142857,77.5833333333333
3191,-34.0248775,150.662312,3.21600008010864,121108,736,84,7.85,78.4285714285714,78.8333333333333
3192,-34.0248981,150.6623091,3.21600008010864,121109,737,81,7.89,78.4285714285714,80.1666666666667
3194,-34.0249178,150.6623057,3.21600008010864,121110,738,70,7.91,79,81.4166666666667
3196,-34.0249384,150.6623041,3.21600008010864,121111,739,75,7.87,79.5714285714286,82.25
3197,-34.0249585,150.6623017,3.21600008010864,121112,740,77,7.86,80.2857142857143,82.9166666666667
3199,-34.0249773,150.6623001,3.21600008010864,121113,741,82,7.79,81.8571428571429,83
3201,-34.0249968,150.6622969,3.21600008010864,121114,742,88,9.76,84.2857142857143,82.8333333333333
3202,-34.0250145,150.6622934,3.21600008010864,121115,743,89,7.82,85.8571428571429,82.8333333333333
3204,-34.0250327,150.6622907,3.21600008010864,121116,744,92,5.94,87,83.9166666666667
3206,-34.0250503,150.6622883,3.21600008010864,121117,745,87,5.88,87,84.8333333333333
3207,-34.0250674,150.6622864,3.21600008010864,121118,746,86,7.78,86,86
53.76,-34.0250854,150.6622822,3.21600008010864,121119,747,85,7.81,85.1428571428571,87.25
3211,-34.0251035,150.662278,3.21600008010864,121120,748,82,7.87,84.2857142857143,88.0833333333333
3212,-34.025121,150.6622734,3.21600008010864,121121,749,81,7.91,84.8571428571429,88.6666666666667
3214,-34.0251405,150.6622705,3.21600008010864,121122,750,83,7.84,86.4285714285714,88.4166666666667
3216,-34.0251621,150.6622686,3.21600008010864,121123,751,86,9.75,88.2857142857143,88.5833333333333
3217,-34.0251839,150.6622665,3.21600008010864,121124,752,91,9.73,90.2857142857143,88.6666666666667
3219,-34.0252059,150.6622641,3.21600008010864,121125,753,97,9.8,91.4285714285714,88.8333333333333
3221,-34.0252274,150.6622613,3.21600008010864,121126,754,98,7.87,92.2857142857143,89.75
3222,-34.0252477,150.6622559,3.21600008010864,121127,755,96,7.86,92.4285714285714,90.75
3224,-34.0252701,150.6622509,3.21600008010864,121128,756,89,7.79,91.8571428571429,91.5833333333333
3226,-34.0252921,150.6622465,3.21600008010864,121129,757,89,9.72,91.2857142857143,91.5833333333333
3227,-34.0253133,150.6622425,3.21600008010864,121130,758,87,9.72,90.5714285714286,91.4166666666667
3229,-34.0253359,150.6622383,3.21600008010864,121131,759,87,9.75,90.1428571428571,90.75
44.85,-34.0253562,150.6622365,3.21600008010864,121132,760,93,5,89.7142857142857,90.1666666666667
3232,-34.0253748,150.6622337,3.21600008010864,121133,761,93,5.84,89.7142857142857,89.75
3234,-34.0253935,150.662229,3.21600008010864,121134,762,93,3.9,90,89.8333333333333
3236,-34.0254131,150.6622237,3.21600008010864,121135,763,86,7.78,90.5714285714286,89.75
3237,-34.0254323,150.6622165,3.21600008010864,121136,764,89,7.82,90.2857142857143,89.5
3239,-34.0254525,150.6622101,3.21600008010864,121137,765,89,7.81,89.8571428571429,89.25
3241,-34.0254715,150.662205,3.21600008010864,121138,766,91,7,89.1428571428571,88.3333333333333
3243,-34.0254905,150.6622014,3.21600008010864,121139,767,91,9.82,88.8571428571429,87.5
3244,-34.0255087,150.6621993,3.21600008010864,121140,768,90,9.84,88.1428571428571,86.9166666666667
3246,-34.0255263,150.6621954,3.21600008010864,121141,769,88,9.88,87.1428571428571,87.0833333333333
3247,-34.0255445,150.6621884,3.21600008010864,121142,770,84,9.83,86,87.25
3249,-34.0255632,150.6621849,3.21600008010864,121143,771,84,9.81,85.2857142857143,87.75
44.74,-34.0255824,150.6621804,3.21600008010864,121144,772,82,9,85,88.1666666666667
44.81,-34.0256012,150.6621789,3.21600008010864,121145,773,83,7,85.4285714285714,88.25
3254,-34.0256215,150.6621777,3.21600008010864,121146,774,86,7.79,87,87.8333333333333
3256,-34.025642,150.6621744,3.21600008010864,121147,775,88,7.83,88.7142857142857,87.5833333333333
3257,-34.0256595,150.6621691,3.21600008010864,121148,776,91,9.81,90.1428571428571,88
3259,-34.025678,150.6621642,3.21600008010864,121149,777,95,9.85,90.4285714285714,89.0833333333333
3261,-34.0256978,150.66216,3.21600008010864,121150,778,96,9.86,90.2857142857143,90.3333333333333
3262,-34.0257162,150.6621543,3.21600008010864,121151,779,92,9.85,90.4285714285714,91.5833333333333
3264,-34.0257344,150.6621489,3.21600008010864,121152,780,85,7.86,91.2857142857143,92.4166666666667
863266,-34.0257526,150.662142,3.21600008010864,121153,781,85,7,91.5714285714286,93.0833333333333
44.85,-34.0257683,150.6621352,3.21600008010864,121154,782,89,7,91.8571428571429,93.0833333333333
3269,-34.0257867,150.6621265,3.21600008010864,121155,783,97,9.85,92.4285714285714,92.75
3271,-34.0258063,150.6621178,3.21600008010864,121156,784,97,9.82,94,91.8333333333333
3272,-34.0258278,150.6621101,3.21600008010864,121157,785,98,9.85,94.8571428571429,91.0833333333333
3274,-34.025848,150.6621019,3.21600008010864,121158,786,96,7.91,95.1428571428571,90.25
3276,-34.025866,150.6620964,3.21600008010864,121159,787,96,7.93,93.4285714285714,89.4166666666667
3277,-34.0258843,150.6620947,3.21600008010864,121200,788,91,7.9,91.4285714285714,88.5
3279,-34.0259018,150.6620942,3.21600008010864,121201,789,91,9.84,88.1428571428571,87.1666666666667
3281,-34.0259207,150.6620912,3.21600008010864,121202,790,85,7.94,85.1428571428571,86.0833333333333
3282,-34.0259374,150.6620885,3.21600008010864,121203,791,83,7.96,82.5714285714286,84.75
3284,-34.0259548,150.662085,3.21600008010864,121204,792,75,7.94,81.1428571428571,83.5
3286,-34.0259741,150.6620803,3.21600008010864,121205,793,75,7.93,80.1428571428571,82.1666666666667
51.91,-34.0259923,150.6620756,3.21600008010864,121206,794,78,7.93,79.7142857142857,81.3333333333333
44.93,-34.0260104,150.6620715,3.21600008010864,121207,795,81,7,79.4285714285714,80.8333333333333
3291,-34.0260305,150.6620684,3.21600008010864,121208,796,84,9.84,80.1428571428571,80.9166666666667
3292,-34.0260511,150.662067,3.21600008010864,121209,797,82,9.8,81,81
3294,-34.0260718,150.6620664,3.21600008010864,121210,798,81,9.78,82,81.4166666666667
44.87,-34.0260913,150.6620662,3.21600008010864,121211,799,80,7,82.7142857142857,81.9166666666667
51.89,-34.0261118,150.6620659,3.21600008010864,121212,800,81,7,82.7142857142857,82.3333333333333
3299,-34.026136,150.6620646,3.21600008010864,121213,801,85,7.87,82.4285714285714,82.75
3301,-34.026159,150.6620634,3.21600008010864,121214,802,86,9.79,82.4285714285714,82.9166666666667
3302,-34.0261807,150.6620611,3.21600008010864,121215,803,84,9.77,82.8571428571429,83.0833333333333
3304,-34.0262012,150.662057,3.21600008010864,121216,804,80,9.76,83.5714285714286,82.4166666666667
3306,-34.0262198,150.6620521,3.21600008010864,121217,805,81,9.75,83.7142857142857,80.8333333333333
3307,-34.0262385,150.6620451,3.21600008010864,121218,806,83,9.77,83.4285714285714,79
3309,-34.0262555,150.6620324,3.21600008010864,121219,807,86,9.78,81.8571428571429,76.75
3311,-34.0262685,150.6620147,3.21600008010864,121220,808,86,9.8,79.1428571428571,74.9166666666667
3312,-34.0262733,150.6619902,3.21600008010864,121221,809,84,7.87,76,73.5
3314,-34.0262677,150.6619622,3.21600008010864,121222,810,73,5.96,72.4285714285714,73.1666666666667
3316,-34.0262535,150.6619405,3.21600008010864,121223,811,61,2.13,69.2857142857143,73.1666666666667
3317,-34.026232,150.6619272,3.21600008010864,121224,812,59,2.1,66.5714285714286,73.0833333333333
3319,-34.0262097,150.6619244,3.21600008010864,121225,813,58,2.1,65.4285714285714,72.5833333333333
3321,-34.0261834,150.661927,3.21600008010864,121226,814,64,4.01,66.5714285714286,72
3322,-34.0261571,150.6619316,3.21600008010864,121227,815,67,6,69.5714285714286,71.5833333333333
3324,-34.0261316,150.6619366,3.21600008010864,121228,816,76,7.94,72.5714285714286,72
3326,-34.026108,150.6619416,3.21600008010864,121229,817,81,9.88,75.5714285714286,73.1666666666667
3327,-34.026083,150.6619459,3.21600008010864,121230,818,82,9.83,77.7142857142857,74.5
3329,-34.0260588,150.6619499,3.21600008010864,121231,819,80,9.81,79.2857142857143,75.8333333333333
51.88,-34.0260344,150.6619527,3.21600008010864,121232,820,79,9.81,79.1428571428571,76.5
3332,-34.0260127,150.6619579,3.21600008010864,121233,821,79,5.94,78.2857142857143,76.9166666666667
44.94,-34.0259922,150.6619622,3.21600008010864,121234,822,78,5,77.1428571428571,76.5833333333333
3336,-34.0259712,150.6619665,3.21600008010864,121235,823,75,7.91,76,76
3337,-34.0259508,150.6619711,3.21600008010864,121236,824,75,9.91,75,75
3339,-34.0259309,150.6619745,3.21600008010864,121237,825,74,9.92,74,74.5
3341,-34.0259104,150.6619774,3.21600008010864,121238,826,72,5.96,73.4285714285714,73.8333333333333
3342,-34.0258898,150.6619817,3.21600008010864,121239,827,72,5.95,72.7142857142857,73.5
3344,-34.0258705,150.6619861,3.21600008010864,121240,828,72,3.99,72.5714285714286,73.25
3346,-34.0258517,150.6619909,3.21600008010864,121241,829,74,7.94,72.1428571428571,74
3347,-34.0258315,150.6619968,3.21600008010864,121242,830,70,7.92,72.5714285714286,75
3349,-34.0258117,150.6620037,3.21600008010864,121243,831,74,9.89,73,76.25
3351,-34.0257946,150.6620107,3.21600008010864,121244,832,71,9.8,74.7142857142857,77.4166666666667
3352,-34.0257769,150.6620166,3.21600008010864,121245,833,75,9.83,76.5714285714286,78.5
3354,-34.0257589,150.6620223,3.21600008010864,121246,834,75,9.82,79.2857142857143,80.25
44.87,-34.0257406,150.6620267,3.21600008010864,121247,835,84,9,81,82.1666666666667
3357,-34.0257202,150.6620305,3.21600008010864,121248,836,87,9.82,83,84.75
3359,-34.0256992,150.662035,3.21600008010864,121249,837,89,9.79,85.5714285714286,87.0833333333333
3361,-34.0256789,150.6620399,3.21600008010864,121250,838,86,9.82,88.7142857142857,89.5833333333333
3362,-34.0256591,150.6620436,3.21600008010864,121251,839,85,9.84,91.1428571428571,91.3333333333333
3364,-34.0256411,150.662047,3.21600008010864,121252,840,93,7.92,93.2857142857143,93
3366,-34.0256219,150.6620503,3.21600008010864,121253,841,97,7.91,95,94.0833333333333
3367,-34.0256022,150.6620537,3.21600008010864,121254,842,101,5.97,96.4285714285714,95
51.92,-34.0255831,150.6620578,3.21600008010864,121255,843,102,5.97,97.8571428571429,95.5
3371,-34.0255652,150.6620624,3.21600008010864,121256,844,101,5.92,98.4285714285714,96.4166666666667
3372,-34.025547,150.6620662,3.21600008010864,121257,845,96,7.86,98.5714285714286,97.5833333333333
3374,-34.0255274,150.6620716,3.21600008010864,121258,846,95,7.81,97.7142857142857,98.1666666666667
3376,-34.0255067,150.6620764,3.21600008010864,121259,847,97,9.78,97,98.3333333333333
3377,-34.0254857,150.6620825,3.21600008010864,121300,848,98,9.77,96.7142857142857,97.9166666666667
44.71,-34.0254656,150.6620895,3.21600008010864,121301,849,95,9,97.2857142857143,97.6666666666667
3381,-34.0254474,150.662098,3.21600008010864,121302,850,97,9.69,97.8571428571429,97.25
3382,-34.0254312,150.6621061,3.21600008010864,121303,851,99,9.72,97.7142857142857,97.25
3384,-34.0254153,150.6621128,3.21600008010864,121304,852,100,9.8,97.8571428571429,96.9166666666667
3386,-34.0253989,150.6621172,3.21600008010864,121305,853,99,9.79,98,96.5833333333333
3387,-34.0253831,150.6621205,3.21600008010864,121306,854,96,9.78,97.8571428571429,96.0833333333333
783389,-34.0253665,150.662124,3.21600008010864,121307,855,99,9.82,96.7142857142857,95.9166666666667
3391,-34.0253495,150.6621264,3.21600008010864,121308,856,96,9.83,95.7142857142857,95.9166666666667
3392,-34.0253307,150.6621277,3.21600008010864,121309,857,96,9.8,94.7142857142857,95.6666666666667
3394,-34.0253117,150.6621298,3.21600008010864,121310,858,91,9.71,94.2857142857143,95.3333333333333
3396,-34.0252936,150.6621328,3.21600008010864,121311,859,93,9.69,94,94.6666666666667
44.68,-34.0252749,150.6621355,3.21600008010864,121312,860,92,9,94,94.4166666666667
3399,-34.0252563,150.6621391,3.21600008010864,121313,861,93,9.72,94,93.9166666666667
3401,-34.0252391,150.6621435,3.21600008010864,121314,862,97,9.74,94,93.75
3402,-34.0252218,150.6621475,3.21600008010864,121315,863,96,9.73,94,93.6666666666667
3404,-34.0252059,150.6621523,3.21600008010864,121316,864,96,9.67,94.1428571428571,94.3333333333333
3406,-34.0251882,150.6621577,3.21600008010864,121317,865,91,9.62,94.2857142857143,94.3333333333333
3407,-34.0251702,150.6621627,3.21600008010864,121318,866,93,9.62,94,94.6666666666667
3409,-34.0251535,150.6621673,3.21600008010864,121319,867,93,9.64,94.4285714285714,94.3333333333333
3411,-34.0251345,150.6621713,3.21600008010864,121320,868,94,9.75,94,94.4166666666667
3412,-34.0251152,150.6621758,3.21600008010864,121321,869,95,9.76,94.7142857142857,94.5
3414,-34.0250962,150.662182,3.21600008010864,121322,870,99,9.78,94.1428571428571,94.6666666666667
3416,-34.0250758,150.6621881,3.21600008010864,121323,871,93,9.8,94.8571428571429,95.0833333333333
3417,-34.0250555,150.6621947,3.21600008010864,121324,872,96,9.85,95.2857142857143,95.0833333333333
3419,-34.0250363,150.6622011,3.21600008010864,121325,873,89,9.83,95.7142857142857,95.25
3421,-34.0250172,150.662208,3.21600008010864,121326,874,98,9.85,95.2857142857143,95.3333333333333
3422,-34.0249977,150.6622151,3.21600008010864,121327,875,97,9.8,95.2857142857143,95.25
53.85,-34.0249766,150.6622204,3.21600008010864,121328,876,98,9.83,95.1428571428571,95.1666666666667
3426,-34.0249542,150.6622254,3.21600008010864,121329,877,96,9.78,96,95.5833333333333
3427,-34.024931,150.6622301,3.21600008010864,121330,878,93,9.82,95.4285714285714,95.8333333333333
3429,-34.0249084,150.662235,3.21600008010864,121331,879,95,9.74,95.5714285714286,96.25
3431,-34.0248883,150.6622411,3.21600008010864,121332,880,95,9.8,95.5714285714286,95.8333333333333
3432,-34.0248696,150.6622459,3.21600008010864,121333,881,94,9.76,96,95.25
3434,-34.0248518,150.6622502,3.21600008010864,121334,882,98,9.85,96.1428571428571,94.5833333333333
3436,-34.0248339,150.6622534,3.21600008010864,121335,883,98,9.81,95.8571428571429,94.1666666666667
3437,-34.024818,150.6622552,3.21600008010864,121336,884,99,9.78,95.1428571428571,94
3439,-34.0248079,150.6622595,3.21600008010864,121337,885,94,9.68,94.5714285714286,93.5833333333333
3440,-34.024801,150.6622621,3.21600008010864,121338,886,93,9.65,93.5714285714286,92.8333333333333
3442,-34.0247954,150.6622654,3.21600008010864,121339,887,90,9.59,92.5714285714286,92.3333333333333
3444,-34.0247914,150.6622685,3.21600008010864,121340,888,90,9.55,91.2857142857143,91.4166666666667
3446,-34.0247868,150.662271,3.21600008010864,121341,889,91,9.49,90.1428571428571,90.6666666666667
3447,-34.0247808,150.6622738,3.21600008010864,121342,890,91,9.5,89.4285714285714,89.75
3449,-34.0247737,150.6622784,3.21600008010864,121343,891,90,9.51,89,89.25
3451,-34.0247681,150.662284,3.21600008010864,121344,892,86,9.56,88.8571428571429,88.8333333333333
53.59,-34.0247689,150.6622922,3.21600008010864,121345,893,88,9.56,88.4285714285714,88.6666666666667
44.56,-34.024771,150.6622962,3.21600008010864,121346,894,87,9,88,88.5
44.49,-34.0247715,150.6622965,3.21600008010864,121347,895,89,9,87.7142857142857,88.3333333333333
3457,-34.0247724,150.6622974,3.21600008010864,121348,896,88,9.45,88,88.1666666666667
3459,-34.0247726,150.6622968,3.21600008010864,121349,897,88,9.46,88,88.0833333333333
3461,-34.0247736,150.6622966,3.21600008010864,121350,898,88,9.46,88.2857142857143,88.3333333333333
3462,-34.0247735,150.6622967,3.21600008010864,121351,899,88,9.47,88.2857142857143,88.4166666666667
3464,-34.024773,150.6622965,3.21600008010864,121352,900,88,9.46,88.4285714285714,88.5833333333333
3466,-34.0247728,150.6622969,3.21600008010864,121353,901,89,9.46,88.5714285714286,88.5833333333333
3467,-34.0247724,150.6622965,3.21600008010864,121354,902,89,9.46,88.7142857142857,88.6666666666667
3469,-34.0247724,150.6622961,3.21600008010864,121355,903,89,9.46,88.8571428571429,88.75
3471,-34.024772,150.6622957,3.21600008010864,121356,904,89,9.46,89,88.75
3472,-34.0247718,150.6622955,3.21600008010864,121357,905,89,9.45,89,88.6666666666667
3474,-34.0247716,150.6622954,3.21600008010864,121358,906,89,9.46,89,88.5833333333333
3476,-34.0247715,150.6622953,3.21600008010864,121359,907,89,9.46,88.8571428571429,88.4166666666667
3477,-34.0247715,150.6622953,3.21600008010864,121400,908,89,9.46,88.5714285714286,87.9166666666667
3479,-34.0247714,150.6622953,3.21600008010864,121401,909,89,9.45,88.2857142857143,87.1666666666667
3480,-34.0247714,150.6622952,3.21600008010864,121402,910,88,9.45,88,85.75
44.443,-34.0247713,150.6622951,3.21600008010864,121406,911,87,9.443438,87.1428571428571,84.25
3491,-34.0247713,150.6622951,3.21600008010864,121408,912,87,9,85.8571428571429,82.6666666666667
44.45,-34.0247671,150.6622975,3.21600008010864,121409,913,87,9,83.4285714285714,81.0833333333333
494,-34.0247589,150.6623011,3.21600008010864,121410,914,83,9.48,81,79.5833333333333
3495,-34.0247476,150.6623093,3.21600008010864,121411,915,80,9.49,78.5714285714286,78.1666666666667
3497,-34.0247363,150.6623165,3.21600008010864,121412,916,72,9.54,76.1428571428571,77.0833333333333
3498,-34.0247289,150.6623268,3.21600008010864,121413,917,71,9.52,73.8571428571429,76.1666666666667
3501,-34.0247244,150.6623382,3.21600008010864,121414,918,70,9.57,72.2857142857143,75.4166666666667
3502,-34.0247223,150.6623514,3.21600008010864,121415,919,70,9.56,71.5714285714286,74.75
3504,-34.0247216,150.6623677,3.21600008010864,121416,920,71,9.65,72.1428571428571,74.3333333333333
3505,-34.0247234,150.6623843,3.21600008010864,121417,921,72,9.67,73.1428571428571,74.25
3507,-34.0247228,150.6623998,3.21600008010864,121418,922,75,9.78,74.4285714285714,74.5
3509,-34.0247215,150.6624143,3.21600008010864,121419,923,76,9.71,75.5714285714286,74.5
3511,-34.0247211,150.6624287,3.21600008010864,121420,924,78,9.68,76.7142857142857,74.5833333333333
3512,-34.0247213,150.6624431,3.21600008010864,121421,925,79,9.67,77.1428571428571,74.6666666666667
3514,-34.0247225,150.6624566,3.21600008010864,121422,926,78,9.69,76.5714285714286,74.6666666666667
3516,-34.0247224,150.6624668,3.21600008010864,121423,927,79,9.7,75.8571428571429,74.5833333333333
44.58,-34.0247144,150.6624707,3.21600008010864,121429,928,75,9,74.8571428571429,74.25
3527,-34.024713,150.66247,3.21600008010864,121430,929,71,9.4,73.7142857142857,73.8333333333333
3529,-34.0247125,150.662469,3.21600008010864,121431,930,71,9.39,72.7142857142857,73.25
3531,-34.0247126,150.662468,3.21600008010864,121432,931,71,9.4,71.5714285714286,72.5833333333333
3532,-34.0247128,150.6624685,3.21600008010864,121433,932,71,9.4,71,72
3534,-34.0247132,150.6624687,3.21600008010864,121434,933,71,9.42,71,71.3333333333333
3536,-34.0247136,150.6624689,3.21600008010864,121435,934,71,9,71,71.0833333333333
3537,-34.024714,150.6624687,3.21600008010864,121436,935,71,9.42,71,71.1666666666667
53.41,-34.0247143,150.6624687,3.21600008010864,121437,936,71,9.41,71,71.1666666666667
3540,-34.0247145,150.6624687,3.21600008010864,121438,937,71,9.4,71.1428571428571,71.25
44.43498,-34.0247145,150.6624687,3.21600008010864,121439,938,71,9,71.2857142857143,71.3333333333333
3544,-34.0247145,150.6624687,3.21600008010864,121440,939,71,9.41,71.2857142857143,71.3333333333333
3546,-34.0247145,150.6624688,3.21600008010864,121441,940,72,9.41,71.4285714285714,71.25
3547,-34.0247144,150.6624689,3.21600008010864,121442,941,72,9.41,71.5714285714286,71.1666666666667
3549,-34.0247144,150.6624689,3.21600008010864,121443,942,71,9.4,71.5714285714286,71.25
53.41,-34.0247144,150.6624689,3.21600008010864,121444,943,72,9.4,71.4285714285714,71.6666666666667
3552,-34.0247144,150.662469,3.21600008010864,121445,944,72,9.39,71.1428571428571,72.3333333333333
44.39,-34.0247144,150.662469,3.21600008010864,121446,945,71,9,71.1428571428571,73.1666666666667
3556,-34.0247149,150.6624711,3.21600008010864,121447,946,70,9.39,71.8571428571429,73.6666666666667
3557,-34.0247168,150.6624818,3.21600008010864,121448,947,70,9.41,72.8571428571429,73.9166666666667
3559,-34.0247194,150.6624959,3.21600008010864,121449,948,72,9.51,74.1428571428571,74.4166666666667
3561,-34.0247214,150.6625102,3.21600008010864,121450,949,76,9.64,75.1428571428571,75.25
3562,-34.0247244,150.6625234,3.21600008010864,121451,950,79,9.67,75.8571428571429,76
3564,-34.0247252,150.6625396,3.21600008010864,121452,951,81,9.69,76.8571428571429,76.25
3566,-34.0247271,150.6625556,3.21600008010864,121453,952,78,9.72,78.2857142857143,76.4166666666667
3567,-34.0247296,150.6625703,3.21600008010864,121454,953,75,9.72,79,76.6666666666667
3569,-34.0247317,150.6625889,3.21600008010864,121455,954,77,9.78,78.2857142857143,77.0833333333333
3571,-34.0247328,150.6626089,3.21600008010864,121456,955,82,9.8,77,77.4166666666667
3572,-34.0247335,150.6626319,3.21600008010864,121457,956,81,9.83,76.2857142857143,77.75
3574,-34.0247333,150.6626559,3.21600008010864,121458,957,74,9.82,76.5714285714286,78
44.85,-34.0247329,150.6626793,3.21600008010864,121459,958,72,9,77,78.5
3577,-34.0247322,150.6627028,3.21600008010864,121500,959,73,9.85,77.1428571428571,79.1666666666667
3579,-34.0247334,150.6627268,3.21600008010864,121501,960,77,9.85,77.5714285714286,79.6666666666667
3581,-34.0247336,150.6627502,3.21600008010864,121502,961,80,7.86,79,79.9166666666667
3582,-34.024733,150.6627729,3.21600008010864,121503,962,83,7.84,80.5714285714286,80.3333333333333
3584,-34.0247348,150.6627983,3.21600008010864,121504,963,84,7.81,82,81.6666666666667
3586,-34.0247381,150.6628227,3.21600008010864,121505,964,84,7.82,83.1428571428571,82.9166666666667
3587,-34.0247411,150.6628494,3.21600008010864,121506,965,83,7.84,84,83.9166666666667
3589,-34.0247453,150.6628776,3.21600008010864,121507,966,83,5.94,85,84.25
3591,-34.0247488,150.6629064,3.21600008010864,121508,967,85,7.9,85.4285714285714,84.3333333333333
3592,-34.0247526,150.6629376,3.21600008010864,121509,968,86,7.9,85.5714285714286,84
3594,-34.0247575,150.6629662,3.21600008010864,121510,969,90,9.86,85.2857142857143,83.6666666666667
3596,-34.0247603,150.6629995,3.21600008010864,121511,970,87,9.89,85,83.0833333333333
3597,-34.0247632,150.6630289,3.21600008010864,121512,971,85,9.9,84.1428571428571,82.5833333333333
3599,-34.0247666,150.6630579,3.21600008010864,121513,972,81,9.9,83.2857142857143,81.9166666666667
3601,-34.0247705,150.6630869,3.21600008010864,121514,973,81,7.96,81.4285714285714,80.9166666666667
3602,-34.0247736,150.6631153,3.21600008010864,121515,974,79,7.94,80,79.9166666666667
3604,-34.0247774,150.6631424,3.21600008010864,121516,975,80,5.97,78.5714285714286,78.0833333333333
3606,-34.0247863,150.6631705,3.21600008010864,121517,976,77,5.96,77.4285714285714,76.25
3607,-34.024802,150.6631954,3.21600008010864,121518,977,77,4.01,76.4285714285714,74.3333333333333
3610,-34.0248221,150.6632124,3.21600008010864,121519,978,75,5.96,74.8571428571429,72.6666666666667
3611,-34.0248484,150.6632226,3.21600008010864,121520,979,73,7.9,72.7142857142857,70.9166666666667
3612,-34.024875,150.6632277,3.21600008010864,121521,980,74,7.91,70.5714285714286,69.3333333333333
