,Time,Lon,Lat,1mHCPcon,2mHCPcon,1mHCPmag,2mHCPmag,1mPRPcon,2mPRPcon,1mPRPmag,2mPRPmag,1.5mHCPcon
0,6,150.6636333,-34.0232817,5.7,3.2,0.67,3.61,18.2,10,-3.05,-5.75,4.45
1,10,150.6636333,-34.0232817,5.7,3.3,0.68,3.59,18,9.6,-3.05,-5.74,4.5
2,14,150.6636367,-34.0232867,5.9,3.4,0.67,3.6,18,9.6,-3.05,-5.75,4.65
3,18,150.6636367,-34.0232867,6.3,3.4,0.68,3.61,18,10.1,-3.05,-5.77,4.85
4,22,150.6636367,-34.0232867,6.2,3.5,0.68,3.61,17.9,9.9,-3.05,-5.75,4.85
5,26,150.6636367,-34.0232867,6,3.1,0.67,3.59,17.9,9.9,-3.05,-5.73,4.55
6,30,150.6636367,-34.0232867,6.4,3.3,0.67,3.58,17.9,10,-3.05,-5.73,4.85
7,34,150.6636367,-34.0232867,6,3.1,0.67,3.6,18,9.7,-3.05,-5.75,4.55
8,38,150.6636367,-34.0232867,6.2,3.4,0.67,3.59,18,9.9,-3.05,-5.72,4.8
9,42,150.6636367,-34.0232867,6.4,3.2,0.67,3.58,17.9,9.4,-3.05,-5.75,4.8
10,46,150.6636367,-34.0232867,6.2,3.3,0.67,3.56,17.9,9.8,-3.05,-5.73,4.75
11,50,150.6636367,-34.0232867,6.4,3.4,0.67,3.58,18,9.9,-3.05,-5.74,4.9
12,54,150.6636367,-34.0232867,6.2,3.4,0.67,3.56,17.9,9.7,-3.05,-5.76,4.8
13,58,150.6636367,-34.0232867,6.5,3.2,0.67,3.58,17.9,9.5,-3.05,-5.75,4.85
14,62,150.6636367,-34.0232867,6.4,3,0.67,3.62,18.1,10,-3.05,-5.77,4.7
15,66,150.6636367,-34.0232867,6.2,3,0.67,3.57,17.8,10,-3.05,-5.75,4.6
16,70,150.6636367,-34.0232867,6,3,0.67,3.57,17.7,9.9,-3.05,-5.74,4.5
17,74,150.6636367,-34.0232867,6.3,3.2,0.66,3.59,18,9.9,-3.05,-5.74,4.75
18,78,150.6636367,-34.023285,6.1,3.7,0.66,3.61,17.8,10,-3.05,-5.74,4.9
19,82,150.6636367,-34.023285,6.4,3,0.66,3.58,18.1,9.8,-3.05,-5.76,4.7
20,86,150.6636367,-34.023285,6.1,3.2,0.66,3.59,17.8,9.7,-3.05,-5.76,4.65
21,90,150.6636367,-34.023285,6.1,3.1,0.66,3.58,17.7,9.8,-3.05,-5.74,4.6
22,94,150.6636367,-34.023285,5.8,3.5,0.66,3.58,17.9,9.9,-3.05,-5.78,4.65
23,98,150.6636367,-34.023285,5.9,3.4,0.67,3.59,18,9.9,-3.05,-5.75,4.65
24,102,150.6636367,-34.023285,5.8,2.9,0.66,3.6,17.9,10,-3.05,-5.76,4.35
25,106,150.6636367,-34.023285,5.7,3.2,0.66,3.57,17.9,9.9,-3.05,-5.77,4.45
26,110,150.6636367,-34.023285,6.3,3.6,0.66,3.59,18,10,-3.04,-5.73,4.95
27,114,150.6636367,-34.023285,5.7,3.5,0.66,3.59,17.8,10.1,-3.05,-5.75,4.6
28,118,150.6636367,-34.023285,5.7,3.3,0.66,3.58,18,9.7,-3.04,-5.78,4.5
29,122,150.6636367,-34.023285,5.9,3.3,0.65,3.59,18.2,9.7,-3.05,-5.76,4.6
30,126,150.6636367,-34.023285,5.6,3.3,0.66,3.59,18.1,9.9,-3.05,-5.77,4.45
31,130,150.6636367,-34.023285,5.8,3.1,0.66,3.57,18,9.7,-3.04,-5.77,4.45
32,134,150.6636367,-34.0232833,6,3.3,0.66,3.56,17.9,9.9,-3.05,-5.75,4.65
33,138,150.6636367,-34.0232833,5.9,3,0.66,3.59,18,9.6,-3.05,-5.75,4.45
34,142,150.6636367,-34.0232833,6.1,3.1,0.66,3.57,18,9.8,-3.04,-5.76,4.6
35,146,150.6636367,-34.0232833,5.9,3.7,0.66,3.57,17.9,10,-3.05,-5.76,4.8
36,150,150.6636367,-34.0232833,6.1,3.2,0.65,3.57,17.8,9.8,-3.05,-5.77,4.65
37,154,150.6636367,-34.0232833,5.9,3.2,0.65,3.57,18.2,9.7,-3.05,-5.75,4.55
38,158,150.6636367,-34.0232833,5.9,3.3,0.66,3.59,18.1,9.8,-3.04,-5.8,4.6
39,162,150.6636367,-34.023285,6.3,3.5,0.65,3.58,17.9,9.7,-3.04,-5.77,4.9
40,166,150.6636367,-34.023285,6.5,3.1,0.62,3.53,18,9.9,-3.03,-5.78,4.8
41,170,150.6636367,-34.023285,6.2,3.2,0.62,3.53,17.9,9.4,-3.03,-5.76,4.7
42,174,150.6636367,-34.0232833,6.3,3.1,0.62,3.54,18.1,9.4,-3.04,-5.76,4.7
43,178,150.663635,-34.023285,6.5,3.3,0.62,3.55,18.2,9.5,-3.03,-5.79,4.9
44,182,150.6636333,-34.0232933,6.5,2.8,0.58,3.54,18.1,9.7,-3.07,-5.81,4.65
45,186,150.6636317,-34.0233067,6.4,2.3,0.58,3.65,18.7,10,-3.2,-5.97,4.35
46,190,150.6636283,-34.02332,6,2.5,0.63,3.84,19.6,10,-3.4,-6.16,4.25
47,194,150.663625,-34.0233333,6.9,2.9,0.43,3.96,20.1,10,-3.55,-6.47,4.9
48,198,150.6636233,-34.02335,6.7,2.5,0.39,3.91,20.5,10,-3.6,-6.64,4.6
49,202,150.66362,-34.02337,6.8,2.9,0.24,4,20.8,10.2,-3.78,-6.93,4.85
50,206,150.6636167,-34.0233883,7.3,3,0.24,4.01,20.9,10,-3.85,-7.11,5.15
51,210,150.6636133,-34.0234083,7.3,3.1,0.34,4.15,22.6,11,-4.09,-7.43,5.2
52,214,150.6636083,-34.0234283,6.3,2.2,0.5,4.54,24.3,11.8,-4.36,-7.66,4.25
53,218,150.6636017,-34.02345,5.7,1.7,0.57,4.69,24.5,11.8,-4.41,-7.71,3.7
54,222,150.6635933,-34.0234717,5.5,1.8,0.59,4.84,24.5,11.5,-4.59,-7.85,3.65
55,226,150.6635883,-34.0234933,5.8,1.7,0.6,4.99,26.8,12.1,-4.78,-7.96,3.75
56,230,150.6635817,-34.0235167,0.3,-1.4,0.59,4.92,31,12.5,-4.74,-8.04,-0.55
57,234,150.663575,-34.02354,6.3,2.1,0.64,4.85,25.1,13.3,-4.53,-7.9,4.2
58,238,150.6635667,-34.0235617,6,2.8,0.61,4.64,24.2,12.9,-4.27,-7.75,4.4
59,242,150.6635583,-34.0235833,6.8,2.8,0.47,4.3,24,12.9,-4.17,-7.98,4.8
60,246,150.66355,-34.0236067,8.1,3.3,0.18,3.88,22.5,12.6,-3.95,-8.2,5.7
61,250,150.6635433,-34.0236283,8.9,3.3,-0.04,3.33,22.2,12.9,-3.87,-8.64,6.1
62,254,150.663535,-34.0236517,9.4,3.3,-0.13,3.02,21.7,12.9,-3.72,-8.83,6.35
63,258,150.6635267,-34.0236733,10.1,3.8,-0.21,2.82,22.2,14.3,-3.7,-9.01,6.95
64,262,150.66352,-34.0236967,10.8,5.4,-0.17,2.5,20.6,14.5,-3.46,-9.03,8.1
65,266,150.66351,-34.0237167,11.6,6.2,-0.2,2.3,21.2,15,-3.47,-9.1,8.9
66,270,150.6635,-34.02374,13.7,6.7,-0.4,2.33,23.2,16.6,-3.72,-9.56,10.2
67,274,150.6634883,-34.0237633,14.9,8,-0.54,2.2,23.1,17.5,-3.66,-9.75,11.45
68,278,150.66348,-34.0237867,14.7,7.9,-0.4,2.17,23.4,18.4,-3.67,-9.75,11.3
69,282,150.6634717,-34.0238117,14.1,7.8,-0.16,2.4,24.4,18,-3.69,-9.63,10.95
70,286,150.663465,-34.0238383,14.2,7.6,-0.1,2.52,24.1,18.9,-3.56,-9.23,10.9
71,290,150.6634583,-34.0238667,13.2,8.2,-0.08,2.27,21.5,16.6,-3.31,-8.95,10.7
72,294,150.66345,-34.0238967,12.3,7.7,-0.02,2.12,20.5,15.7,-3.2,-8.61,10
73,298,150.6634417,-34.0239267,10.5,6.5,0.16,2.22,18.8,14.2,-2.95,-8.03,8.5
74,302,150.6634333,-34.0239583,10.1,6.3,0.15,2.14,18.2,13.2,-2.86,-7.73,8.2
75,306,150.663425,-34.02399,10.1,5.6,0.12,2.21,18.5,13.4,-2.88,-7.76,7.85
76,310,150.6634167,-34.0240217,9.9,5.7,0.13,2.25,18.6,13.2,-2.88,-7.7,7.8
77,314,150.6634083,-34.024055,10.3,5.7,0.06,2.18,18.8,13.7,-2.92,-7.88,8
78,318,150.6634,-34.024085,10.9,5.9,-0.1,2.12,19.3,13.8,-3.05,-8.24,8.4
79,322,150.6633933,-34.0241167,11.6,5.9,-0.13,2.01,19.6,14.3,-3.08,-8.41,8.75
80,326,150.663385,-34.0241467,17,7.6,0.01,1.84,48.4,28.2,-1.51,-6.14,12.3
83,338,150.6633583,-34.024245,12,6.2,-0.27,2.05,21.5,15.4,-3.47,-9.26,9.1
84,342,150.66335,-34.02428,12.3,6.6,-0.31,2.07,22.2,16,-3.61,-9.53,9.45
85,346,150.66334,-34.0243167,13.9,7.2,-0.44,2.14,23.5,17.1,-3.83,-10.1,10.55
86,350,150.66333,-34.024355,13.4,8.1,-0.41,2,22.1,16.9,-3.66,-9.89,10.75
87,354,150.66332,-34.0243917,13.9,8.9,-0.5,1.81,21.3,16.9,-3.56,-9.91,11.4
88,358,150.66331,-34.02443,12.9,8.9,-0.39,1.78,20.3,16.6,-3.5,-9.75,10.9
89,362,150.6632983,-34.0244683,12.8,9.1,-0.35,1.99,21.3,16.6,-3.61,-9.67,10.95
90,366,150.6632883,-34.0245067,12.7,9,-0.35,2.25,22.2,16.8,-3.83,-9.82,10.85
91,370,150.6632783,-34.024545,11.9,8.5,-0.16,2.49,22.9,16.9,-3.92,-9.65,10.2
92,374,150.6632667,-34.0245833,11.8,7.8,-0.21,2.92,25.4,16.9,-4.46,-10.18,9.8
93,378,150.6632567,-34.0246233,11.2,6.9,-0.06,3.37,27.1,17,-4.87,-10.48,9.05
94,382,150.6632467,-34.0246633,10.2,7,0.1,3.68,27.3,17,-5.08,-10.45,8.6
95,386,150.663235,-34.0247033,11,5.7,-0.03,3.57,28.3,16.6,-5.1,-10.44,8.35
96,390,150.6632233,-34.024745,9.9,4.9,-0.05,3.63,26.3,14.8,-5.02,-10.04,7.4
97,394,150.663215,-34.0247867,9.1,3.5,0.06,4.14,27.1,14.4,-5.24,-9.83,6.3
98,398,150.6632083,-34.02483,7,2.2,0.22,4.34,24.9,13,-4.98,-9.12,4.6
99,402,150.6632,-34.0248717,6.2,1,0.25,4.02,23,10.7,-4.59,-8.6,3.6
100,406,150.66319,-34.024915,6.1,0.4,0.27,4.04,23.5,11.1,-4.62,-8.81,3.25
101,410,150.6631783,-34.02496,7.3,1,0.19,4.11,25.5,12.8,-4.99,-9.59,4.15
102,414,150.6631667,-34.025005,8.1,1.9,0.01,4.08,26.6,13.9,-5.4,-10.38,5
103,418,150.6631567,-34.02505,8.6,3,-0.02,4.06,26.6,13.9,-5.42,-10.44,5.8
104,422,150.6631467,-34.0250967,8.3,4,0.12,3.56,22.8,12.9,-4.5,-9.32,6.15
105,426,150.663135,-34.0251433,6.2,6.1,0.58,2.73,17.3,11.5,-3.19,-7.4,6.15
106,430,150.6631233,-34.02519,7,8.7,0.72,2.23,14.6,11.7,-2.46,-6.3,7.85
107,434,150.66311,-34.02524,8.9,10.5,0.62,1.79,13.8,12,-2.16,-6.04,9.7
108,438,150.6630967,-34.0252883,8.2,10,0.67,1.96,14.2,11.5,-2.31,-6.06,9.1
109,442,150.6630833,-34.0253383,6.4,8.2,0.67,2.28,14.3,10.5,-2.55,-6.26,7.3
110,446,150.66307,-34.0253883,7.2,9.5,0.66,1.89,13.3,10.6,-2.15,-5.96,8.35
111,450,150.6630583,-34.0254367,8.2,10.2,0.68,1.59,12.4,11.1,-1.93,-5.73,9.2
112,454,150.6630467,-34.0254867,8.6,9.8,0.5,1.93,14.9,11.9,-2.57,-6.64,9.2
113,458,150.6630333,-34.025535,8.6,6.8,0.32,2.54,18.3,11.9,-3.4,-7.79,7.7
114,462,150.66302,-34.0255833,7,5.9,0.47,2.97,19.2,11.5,-3.63,-7.56,6.45
115,466,150.6630067,-34.0256333,7,5.8,0.53,3.04,18.5,11.3,-3.47,-7.06,6.4
116,470,150.6629933,-34.0256833,6.7,6.4,0.64,2.83,17.4,10.9,-3.07,-6.4,6.55
117,474,150.6629817,-34.0257317,6.7,7.5,0.79,2.79,16.5,10.7,-2.75,-5.67,7.1
118,478,150.6629683,-34.0257817,6,7.9,0.86,2.69,14.5,9.5,-2.4,-4.97,6.95
119,482,150.6629567,-34.0258317,5.4,8.2,0.9,2.38,12.3,7.9,-1.99,-4.5,6.8
120,486,150.662945,-34.0258817,5.5,7.6,0.82,2.28,11.8,8,-1.87,-4.49,6.55
121,490,150.6629333,-34.0259317,5.6,7.1,0.78,2.19,11.6,8.1,-1.84,-4.42,6.35
122,494,150.66292,-34.02598,5.7,6.7,0.64,2.01,11.3,7.6,-1.83,-4.66,6.2
123,498,150.6629083,-34.02603,4.8,5.3,0.66,2.21,11.8,7.3,-1.99,-4.79,5.05
124,502,150.662895,-34.0260783,4,4.2,0.71,2.49,11.8,6.8,-2.09,-4.65,4.1
125,506,150.6628817,-34.0261267,4.7,3.8,0.55,2.4,11.4,6.3,-2.07,-4.8,4.25
126,510,150.66287,-34.026175,4.1,3.5,0.53,2.28,10.9,6.4,-1.95,-4.68,3.8
127,514,150.6628583,-34.026225,4.4,3.1,0.5,2.26,10.5,6,-1.88,-4.67,3.75
128,518,150.6628483,-34.0262717,4.3,3.2,0.45,2.04,10,5.8,-1.81,-4.73,3.75
129,522,150.6628383,-34.02632,4.4,2.8,0.41,1.95,9.9,5.8,-1.89,-5.03,3.6
130,526,150.66283,-34.026365,5.1,2.8,0.35,1.97,10.5,6.7,-2.01,-5.28,3.95
131,530,150.6628233,-34.0264067,5.5,2.7,0.28,2.02,11.1,7.1,-2.13,-5.51,4.1
132,534,150.6628167,-34.0264417,6.1,3,0.22,2.09,11.4,7,-2.19,-5.66,4.55
133,538,150.6628067,-34.026475,5.7,2.4,0.22,2.12,11.7,7.2,-2.28,-5.79,4.05
134,542,150.6627917,-34.0265017,5.8,2.4,0.2,2.08,11.5,6.8,-2.26,-5.78,4.1
135,546,150.6627683,-34.0265217,5.3,1.9,0.21,2.1,11.3,6.5,-2.27,-5.76,3.6
136,550,150.66274,-34.0265283,4.7,1.5,0.3,2.23,11.1,6,-2.33,-5.65,3.1
137,554,150.6627133,-34.0265183,3.7,0.9,0.44,2.45,11.9,6.3,-2.38,-5.52,2.3
138,558,150.6626983,-34.0264967,3.4,1.2,0.53,2.6,11.7,5.6,-2.47,-5.55,2.3
139,562,150.6626983,-34.0264717,3.3,0.3,0.56,2.73,12,5.9,-2.52,-5.52,1.8
140,566,150.662705,-34.026445,3.1,0.5,0.45,2.59,12.3,5.6,-2.6,-5.71,1.8
141,570,150.6627133,-34.0264167,2.9,0.5,0.44,2.53,12,6,-2.53,-5.65,1.7
142,574,150.6627217,-34.026385,3,0.7,0.47,2.55,12.2,6.1,-2.53,-5.67,1.85
143,578,150.6627283,-34.0263533,3.8,1.3,0.52,2.54,12.9,6.9,-2.5,-5.6,2.55
144,582,150.6627367,-34.02632,4.2,1.8,0.55,2.45,12.2,6.8,-2.32,-5.33,3
145,586,150.6627433,-34.0262867,4.3,1.7,0.5,2.36,11.7,6.6,-2.23,-5.2,3
146,590,150.6627517,-34.0262517,4.2,2.2,0.49,2.27,11.1,6.6,-2.06,-5.07,3.2
147,594,150.6627583,-34.0262167,3.8,2.5,0.53,2.28,10.9,6.5,-1.97,-4.89,3.15
148,598,150.662765,-34.0261833,4,2.8,0.57,2.25,10.2,6.1,-1.89,-4.66,3.4
149,602,150.6627733,-34.0261483,3.9,2.5,0.6,2.26,10.4,6.1,-1.85,-4.59,3.2
150,606,150.66278,-34.026115,4.2,2.7,0.6,2.27,10.3,6.5,-1.85,-4.61,3.45
151,610,150.6627867,-34.02608,4,3,0.63,2.36,10.7,6.2,-1.94,-4.61,3.5
152,614,150.6627933,-34.026045,4.2,3.1,0.67,2.52,11.5,6.8,-2.06,-4.64,3.65
153,618,150.6628017,-34.0260117,4.6,3.8,0.65,2.5,12.1,7.5,-2.05,-4.63,4.2
154,622,150.6628083,-34.0259767,5.3,4.6,0.71,2.55,12.9,7.8,-2.12,-4.65,4.95
155,626,150.6628167,-34.025945,5.9,5.6,0.66,2.56,13.2,9,-2.15,-4.75,5.75
156,630,150.6628233,-34.02591,6,5.3,0.58,2.37,12.4,8.5,-2.08,-4.83,5.65
157,634,150.6628317,-34.0258783,5.4,5.3,0.63,2.3,12.8,8.3,-2.09,-4.86,5.35
158,638,150.66284,-34.025845,6.1,5.4,0.65,2.34,13.4,8.8,-2.17,-4.97,5.75
159,642,150.6628483,-34.0258117,6.7,6.3,0.62,2.17,12.8,9,-2.13,-5.05,6.5
160,646,150.6628567,-34.0257783,6.9,6.8,0.64,2.07,13.3,9.9,-2.15,-5.17,6.85
161,650,150.662865,-34.0257467,7.2,7.9,0.67,2.12,13.7,10.4,-2.17,-5.13,7.55
162,654,150.6628733,-34.0257133,6.7,7.5,0.79,2.28,13.4,9.2,-2.13,-4.86,7.1
163,658,150.6628817,-34.0256817,5.3,7,0.87,2.52,13.6,8.8,-2.28,-4.84,6.15
164,662,150.66289,-34.02565,6.3,7.2,0.82,2.58,14.4,9.4,-2.4,-5,6.75
165,666,150.6628983,-34.0256183,6.9,7.1,0.75,2.55,14.9,9.7,-2.5,-5.18,7
166,670,150.6629067,-34.0255867,7.2,7.1,0.72,2.52,16,10.1,-2.61,-5.46,7.15
167,674,150.662915,-34.025555,7.5,7.5,0.59,2.47,16.4,10.6,-2.73,-5.95,7.5
168,678,150.6629233,-34.0255233,7.8,7.3,0.49,2.55,17.6,11.3,-3,-6.54,7.55
169,682,150.6629317,-34.0254917,8.1,6.6,0.42,2.69,18.7,12.3,-3.28,-7.01,7.35
170,686,150.66294,-34.0254617,9.4,7.4,0.4,2.81,20.5,12.2,-3.47,-7.29,8.4
171,690,150.6629483,-34.02543,8.7,6,0.3,2.81,19.5,12,-3.49,-7.44,7.35
172,694,150.662955,-34.0253983,8.8,6.3,0.24,2.61,19.1,12.4,-3.38,-7.57,7.55
173,698,150.6629633,-34.0253667,8.5,6.7,0.25,2.18,17.8,12.4,-3.01,-7.26,7.6
174,702,150.6629717,-34.025335,8.6,8,0.33,1.91,16.5,11.8,-2.75,-7.03,8.3
175,706,150.6629783,-34.025305,8.2,7.6,0.39,1.72,16.1,12.1,-2.61,-6.87,7.9
176,710,150.662985,-34.0252717,8.3,8.2,0.36,1.69,16.2,11.6,-2.61,-6.93,8.25
177,714,150.6629917,-34.02524,8,7.9,0.32,1.68,16.2,11.6,-2.68,-7,7.95
178,718,150.6629983,-34.02521,7.3,7.1,0.35,1.9,17.2,11.5,-2.92,-7.21,7.2
179,722,150.663005,-34.0251783,7.7,7.3,0.31,1.94,17,11.8,-2.88,-7.22,7.5
180,726,150.6630133,-34.0251483,8.9,8.9,0.27,1.69,16.7,12.6,-2.74,-7.2,8.9
181,730,150.66302,-34.0251183,9.9,9.5,0.19,1.75,16.9,13.1,-2.72,-7.34,9.7
182,734,150.6630283,-34.0250867,10.4,9.6,0.16,1.98,17.9,13.8,-2.99,-7.7,10
183,738,150.663035,-34.0250567,9.7,7.7,0.14,2.52,20,14.2,-3.53,-8.19,8.7
184,742,150.6630433,-34.025025,9.6,6.6,0.07,3.06,22.7,14,-4.14,-8.86,8.1
185,746,150.6630517,-34.0249933,10.3,4.7,-0.06,3.86,27,15.3,-5.09,-9.86,7.5
186,750,150.66306,-34.0249633,10.5,3.4,-0.11,4.7,30.3,16.4,-6,-10.81,6.95
187,754,150.6630667,-34.0249317,10.1,2.4,-0.11,4.74,31.7,16.8,-6.14,-11.16,6.25
188,758,150.6630717,-34.0249033,10.3,2.3,-0.08,4.77,31.4,16,-6.12,-11.13,6.3
189,762,150.6630767,-34.024875,10.4,2.2,-0.08,4.72,30.9,16,-5.92,-10.77,6.3
190,766,150.6630817,-34.0248483,8.2,1.1,0.03,4.62,29.2,15.2,-5.52,-10.06,4.65
191,770,150.6630767,-34.0248233,7.3,0.5,0.28,4.64,27.2,13.6,-5.21,-9.35,3.9
192,774,150.6630583,-34.0248033,6.4,-0.6,0.29,4.59,25.1,12.2,-4.96,-8.91,2.9
193,778,150.66303,-34.024795,6.4,-0.4,0.24,4.52,25.1,11.9,-4.96,-8.85,3
194,782,150.663,-34.0247983,6.7,-0.2,0.15,4.51,25.2,11.8,-5.01,-9.13,3.25
195,786,150.662975,-34.024815,7.5,0.3,0.06,4.42,25.2,11.6,-5.08,-9.29,3.9
196,790,150.6629633,-34.02484,7.8,0.2,0.05,4.51,26.5,12.8,-5.27,-9.6,4
197,794,150.6629583,-34.024865,7.9,0.7,0.07,4.58,27.2,13.6,-5.36,-9.8,4.3
198,798,150.6629517,-34.0248917,9.1,1.4,-0.06,4.61,29.2,14.6,-5.74,-10.44,5.25
199,802,150.6629467,-34.02492,8.6,1.2,0.07,4.53,29.2,15.6,-5.6,-10.46,4.9
200,806,150.66294,-34.0249483,10.7,2.3,-0.32,4.21,29.2,16,-5.74,-11.15,6.5
201,810,150.6629333,-34.0249767,10.3,2.4,-0.33,4.55,31.5,17.1,-6.24,-11.6,6.35
202,814,150.662925,-34.025005,12.7,3.4,-0.32,4.85,33.3,18.4,-6.4,-11.63,8.05
203,818,150.6629167,-34.0250333,12.5,4.8,-0.31,4.78,31.7,18.3,-5.96,-10.93,8.65
204,822,150.6629083,-34.0250633,12.4,5.8,-0.32,3.94,27.1,17,-4.95,-9.99,9.1
205,826,150.6629017,-34.0250917,10.9,7.2,-0.17,2.93,22.1,15.3,-3.91,-9.04,9.05
206,830,150.6628933,-34.02512,10.6,8.1,-0.12,2.42,19.7,14.7,-3.44,-8.58,9.35
207,834,150.6628867,-34.02515,10.9,8.2,-0.11,2.07,18.9,14.6,-3.27,-8.56,9.55
208,838,150.6628783,-34.0251783,11.4,8.6,-0.22,1.88,18.6,14.4,-3.22,-8.65,10
209,842,150.6628717,-34.025205,11,8.7,-0.09,1.7,18.4,14,-3.08,-8.37,9.85
210,846,150.662865,-34.0252333,11,8.8,-0.06,1.71,19.6,14.4,-3.25,-8.38,9.9
211,850,150.6628567,-34.02526,10.3,7.6,-0.03,2.1,21.8,15.1,-3.68,-8.74,8.95
212,854,150.66285,-34.0252867,11.6,7.3,-0.06,2.55,23.9,16,-4.19,-9.24,9.45
213,858,150.6628417,-34.025315,11.7,7.4,-0.14,2.66,24.3,15.9,-4.34,-9.44,9.55
214,862,150.662835,-34.0253417,11.2,6.6,-0.1,2.77,23.8,15.6,-4.37,-9.46,8.9
215,866,150.6628283,-34.0253667,10.3,7.2,-0.03,2.83,22.9,14.5,-4.28,-9.18,8.75
216,870,150.6628217,-34.0253933,10.7,7,0.01,2.83,22.7,14.6,-4.19,-9.05,8.85
217,874,150.6628133,-34.0254217,10.1,6.8,0.1,2.72,21.4,14.1,-3.9,-8.52,8.45
218,878,150.6628067,-34.0254483,10.1,7.4,0.15,2.81,21.1,13.7,-3.82,-8.09,8.75
219,882,150.6628,-34.025475,10.2,7.6,0.25,2.89,20.4,13.2,-3.6,-7.54,8.9
220,886,150.6627917,-34.0255033,10.3,8.2,0.27,2.54,18.3,12.9,-3.14,-7.03,9.25
221,890,150.662785,-34.0255317,9.5,8.1,0.38,2.3,17.3,12,-2.87,-6.61,8.8
222,894,150.6627767,-34.02556,9.1,8.6,0.48,2.21,16.1,11.8,-2.59,-6.22,8.85
223,898,150.66277,-34.0255883,9.3,8.5,0.49,2.05,15.7,11.6,-2.45,-6.05,8.9
224,902,150.6627617,-34.0256183,8.3,8.2,0.51,2.21,16.6,11.9,-2.58,-6.03,8.25
225,906,150.6627533,-34.0256467,9,7.8,0.52,2.37,17.3,11.7,-2.73,-6.07,8.4
226,910,150.662745,-34.0256767,7.7,7.8,0.63,2.54,16.8,11.5,-2.76,-5.85,7.75
227,914,150.6627383,-34.025705,8.3,7.7,0.66,2.46,16.7,11.3,-2.66,-5.69,8
228,918,150.66273,-34.025735,7.4,7.9,0.71,2.45,16,10.9,-2.6,-5.58,7.65
229,922,150.6627233,-34.0257633,7.4,7.9,0.67,2.44,15.5,10.5,-2.58,-5.54,7.65
230,926,150.6627167,-34.0257933,7,6.9,0.64,2.39,14.6,9.9,-2.44,-5.34,6.95
231,930,150.66271,-34.0258233,5.9,6.8,0.72,2.32,13.5,8.9,-2.29,-5.12,6.35
232,934,150.662705,-34.0258517,5.2,5.4,0.72,2.23,12.9,8.3,-2.23,-5.02,5.3
233,938,150.6626983,-34.02588,5.1,4.8,0.72,2.29,13.3,8.4,-2.26,-5.02,4.95
234,942,150.6626917,-34.02591,5.2,4.6,0.69,2.38,13.1,8.3,-2.3,-4.99,4.9
235,946,150.6626833,-34.0259383,5,4.6,0.71,2.49,13,7.9,-2.26,-4.86,4.8
236,950,150.6626767,-34.0259667,5.5,5,0.69,2.47,12.7,7.9,-2.2,-4.79,5.25
237,954,150.6626683,-34.0259967,5.9,4.9,0.64,2.44,12.8,8.3,-2.16,-4.84,5.4
238,958,150.6626617,-34.026025,5.3,4.6,0.67,2.47,12.7,8.7,-2.14,-4.75,4.95
239,962,150.6626533,-34.026055,5.1,4.8,0.66,2.49,12.4,7.7,-2.12,-4.73,4.95
240,966,150.662645,-34.0260833,5.2,4.3,0.63,2.45,11.8,7.6,-2.02,-4.66,4.75
241,970,150.6626367,-34.0261117,5.1,4.1,0.64,2.39,11.4,7.1,-2,-4.6,4.6
242,974,150.66263,-34.02614,4.7,3.8,0.67,2.48,11.2,7,-2.01,-4.47,4.25
243,978,150.6626217,-34.0261683,4.4,3,0.62,2.46,10.3,6.1,-1.98,-4.51,3.7
244,982,150.662615,-34.0261967,4.1,3.2,0.6,2.41,10,5.9,-1.97,-4.61,3.65
245,986,150.6626083,-34.026225,4.2,3.2,0.61,2.35,10,5.7,-1.95,-4.54,3.7
246,990,150.6626017,-34.0262517,4,3,0.64,2.45,10,5.9,-1.96,-4.46,3.5
247,994,150.662595,-34.02628,4.2,3.2,0.6,2.43,10.1,6.1,-1.99,-4.56,3.7
248,998,150.6625883,-34.0263067,3.8,2.8,0.64,2.43,9.9,6,-1.98,-4.59,3.3
249,1002,150.6625817,-34.026335,3.9,2.8,0.62,2.44,10.7,6.2,-2.05,-4.74,3.35
250,1006,150.662575,-34.0263633,4.3,3,0.59,2.43,11.4,6.7,-2.18,-4.94,3.65
251,1010,150.6625683,-34.02639,4.6,2.6,0.56,2.57,12.4,7,-2.38,-5.17,3.6
252,1014,150.6625633,-34.026415,4.7,2.4,0.54,2.75,13.2,6.9,-2.59,-5.42,3.55
253,1018,150.66256,-34.02644,4,1.6,0.59,2.69,13.1,6.8,-2.62,-5.52,2.8
254,1022,150.6625567,-34.0264633,2.8,1.1,0.59,2.7,12.1,5.9,-2.65,-5.58,1.95
255,1026,150.6625467,-34.0264817,2.3,0.6,0.57,2.7,11.7,5.7,-2.67,-5.59,1.45
256,1030,150.6625267,-34.0264917,2.1,0.6,0.63,2.76,11.3,5.1,-2.6,-5.44,1.35
257,1034,150.6625033,-34.02649,2.7,0.6,0.61,2.83,11.4,4.8,-2.63,-5.5,1.65
258,1038,150.662485,-34.0264767,2.3,1,0.63,2.88,11.3,4.6,-2.66,-5.5,1.65
259,1042,150.6624783,-34.026455,1.9,1,0.75,2.94,10.7,4.2,-2.59,-5.33,1.45
260,1046,150.6624817,-34.0264317,2.3,1.1,0.65,2.94,11.5,4.7,-2.65,-5.37,1.7
261,1050,150.6624883,-34.0264083,2.2,0.5,0.6,2.86,12,5,-2.7,-5.48,1.35
262,1054,150.662495,-34.0263833,2,0.7,0.65,2.87,12.5,5.7,-2.71,-5.49,1.35
263,1058,150.6625017,-34.0263567,3.2,1.4,0.53,2.83,13.1,6.6,-2.71,-5.55,2.3
264,1062,150.66251,-34.02633,4,2,0.54,2.72,13.4,7,-2.58,-5.5,3
265,1066,150.6625183,-34.0263033,4.4,2.7,0.6,2.67,12.8,7.2,-2.44,-5.3,3.55
266,1070,150.662525,-34.026275,4.2,2.9,0.64,2.53,11.7,7,-2.23,-5,3.55
267,1074,150.6625333,-34.0262467,3.9,3,0.68,2.44,11.1,6.8,-2.07,-4.72,3.45
268,1078,150.6625417,-34.0262183,3,3.2,0.69,2.43,10.5,5.8,-1.96,-4.51,3.1
269,1082,150.66255,-34.02619,3.1,2.6,0.67,2.43,10.4,6.2,-1.96,-4.45,2.85
270,1086,150.6625567,-34.02616,2.3,2.7,0.72,2.54,10.4,6.1,-2,-4.4,2.5
271,1090,150.662565,-34.0261317,4,3.4,0.73,2.56,10.3,5.9,-1.96,-4.39,3.7
272,1094,150.6625717,-34.0261017,3.9,3.9,0.68,2.38,9.8,5.9,-1.88,-4.42,3.9
275,1109,150.6625983,-34.025985,5.1,4.3,0.64,2.38,11.1,7.5,-1.95,-4.63,4.7
276,1113,150.662605,-34.025955,5.6,4.5,0.66,2.4,11.5,7.7,-2.02,-4.66,5.05
277,1117,150.66261,-34.0259267,5.6,4.8,0.67,2.49,12.6,8.1,-2.12,-4.72,5.2
278,1121,150.6626167,-34.0258967,6.1,4.6,0.67,2.51,13.1,8.6,-2.24,-4.87,5.35
279,1125,150.6626217,-34.0258683,6.1,5.2,0.69,2.6,13.4,8.9,-2.35,-4.96,5.65
280,1129,150.6626267,-34.0258383,5.5,4.6,0.69,2.57,13,8.2,-2.34,-4.9,5.05
281,1133,150.6626333,-34.02581,5.2,4.7,0.74,2.52,13,8.1,-2.33,-4.96,4.95
282,1137,150.6626383,-34.0257833,5.9,5.3,0.7,2.32,13.6,8.6,-2.32,-5.15,5.6
283,1141,150.6626433,-34.0257567,6.3,5.9,0.62,2.16,13.2,8.8,-2.27,-5.29,6.1
284,1145,150.6626467,-34.02573,6.4,6.4,0.65,2.14,13.4,9.5,-2.31,-5.32,6.4
285,1149,150.6626517,-34.025705,7,6.7,0.66,2.22,14,9.6,-2.43,-5.46,6.85
286,1153,150.6626567,-34.0256783,7.2,7.7,0.65,2.25,14.9,10.3,-2.57,-5.71,7.45
287,1157,150.6626617,-34.0256517,7.6,7.7,0.68,2.41,15.8,11.4,-2.77,-5.94,7.65
288,1161,150.6626667,-34.025625,8.2,8.5,0.61,2.47,16.4,11.4,-2.85,-6.16,8.35
289,1165,150.6626733,-34.0255983,8.8,8.3,0.52,2.47,16.9,11.6,-2.88,-6.3,8.55
290,1169,150.6626783,-34.0255717,8.2,8,0.52,2.42,17.1,11.9,-2.9,-6.43,8.1
291,1173,150.662685,-34.025545,8.9,8,0.41,2.34,17.4,12.1,-2.91,-6.59,8.45
292,1177,150.66269,-34.0255183,9.3,8.2,0.33,2.2,16.8,12,-2.82,-6.7,8.75
293,1181,150.6626983,-34.0254917,9.7,8.6,0.31,1.97,16,12.5,-2.59,-6.65,9.15
294,1185,150.6627033,-34.0254667,10,9.4,0.33,1.76,15.4,12.3,-2.43,-6.58,9.7
295,1189,150.66271,-34.02544,10,9.9,0.31,1.57,14.8,12.7,-2.35,-6.54,9.95
296,1193,150.6627167,-34.0254133,9.8,10.4,0.36,1.61,14.7,12.5,-2.38,-6.47,10.1
297,1197,150.662725,-34.0253867,10.4,10,0.36,1.82,15.8,12.5,-2.6,-6.6,10.2
298,1201,150.6627317,-34.0253583,9.9,9.4,0.35,2.19,17.9,13.6,-3.02,-7.04,9.65
299,1205,150.6627383,-34.0253317,10.1,8.8,0.26,2.58,20.2,14.1,-3.54,-7.69,9.45
300,1209,150.662745,-34.025305,10.3,8,0.19,2.85,22.1,14,-3.97,-8.2,9.15
301,1213,150.6627517,-34.0252783,10.6,7.3,0.15,3.08,23.3,14.5,-4.29,-8.57,8.95
302,1217,150.66276,-34.02525,10.6,7.2,0.13,3.23,24,15,-4.49,-8.87,8.9
303,1221,150.6627667,-34.0252233,10.5,7.1,0.11,3.41,24.3,14.8,-4.61,-8.98,8.8
304,1225,150.6627733,-34.0251967,10,6.7,0.18,3.05,22.8,14.4,-4.14,-8.68,8.35
305,1229,150.66278,-34.0251683,10.1,7.5,0.18,2.59,21.2,14.7,-3.65,-8.26,8.8
306,1233,150.6627867,-34.02514,11.1,9.1,0.15,2.1,18.7,14.6,-3.17,-7.9,10.1
307,1237,150.6627933,-34.0251133,11.9,10.7,0.01,2.08,16.4,14.9,-3.14,-7.98,11.3
308,1241,150.6627983,-34.025085,12.8,10.8,-0.14,1.54,16.8,15.4,-2.77,-8.13,11.8
309,1245,150.6628033,-34.0250583,13.5,10.8,-0.2,1.63,16.8,15.4,-2.76,-8.04,12.15
310,1249,150.6628083,-34.02503,13.2,10.8,-0.14,1.85,17.8,15.3,-2.9,-8.07,12
311,1253,150.662815,-34.0250033,13.9,11.3,-0.22,1.84,17.7,16.2,-2.88,-8.13,12.6
312,1257,150.66282,-34.0249767,13.3,10.6,-0.2,2.04,19.1,16,-3.16,-8.35,11.95
313,1261,150.6628267,-34.0249483,13.2,10.3,-0.2,2.32,20.9,16.3,-3.5,-8.76,11.75
314,1265,150.6628317,-34.0249217,13.1,8.5,-0.26,2.76,23.2,16.6,-4.02,-9.24,10.8
315,1269,150.6628367,-34.0248967,12.6,7.2,-0.31,3.51,27.1,16.9,-5,-10.11,9.9
316,1273,150.6628433,-34.0248717,12.3,4.5,-0.37,4.34,29.5,16.9,-5.7,-10.78,8.4
317,1277,150.6628483,-34.0248467,11.4,3.7,-0.35,4.19,28.4,16.1,-5.51,-10.76,7.55
318,1281,150.6628533,-34.0248233,10.4,3.2,-0.23,3.92,26.8,15.3,-5.03,-10.25,6.8
319,1285,150.6628583,-34.0248,9.9,2.4,-0.1,4.04,27.7,15.4,-5.13,-10,6.15
320,1289,150.6628533,-34.0247783,9.3,1.7,-0.07,4.28,27.5,14.5,-5.24,-9.77,5.5
321,1293,150.6628333,-34.0247633,8.1,1.1,0.01,4.46,26.5,13.3,-5.15,-9.58,4.6
322,1297,150.6628083,-34.02476,8.2,0.8,0.01,4.45,25.8,13,-4.98,-9.36,4.5
323,1301,150.6627833,-34.0247683,9.5,1.5,-0.12,4.25,25.6,13.8,-4.93,-9.5,5.5
324,1305,150.6627667,-34.0247867,9.6,1.7,-0.08,4.33,26.1,14.2,-4.93,-9.37,5.65
325,1309,150.6627567,-34.02481,9.6,2.2,-0.06,4.29,25.7,13.7,-4.82,-9.26,5.9
326,1313,150.6627483,-34.0248333,8.4,2,0.15,4.04,24.4,13.8,-4.5,-8.75,5.2
327,1317,150.6627417,-34.02486,8.9,3.5,0.15,3.93,24.5,14,-4.33,-8.54,6.2
328,1321,150.662735,-34.0248867,10.4,3.5,0.14,3.8,25.8,15.9,-4.3,-8.52,6.95
329,1325,150.6627283,-34.0249133,11.2,3.7,-0.08,4.09,27.1,15.8,-4.86,-9.22,7.45
330,1329,150.66272,-34.0249417,12.1,3.4,-0.18,4.31,27.9,16.5,-5.04,-9.52,7.75
331,1333,150.6627117,-34.0249683,13.1,5.1,-0.24,3.52,25,16.6,-4.28,-9.11,9.1
332,1337,150.662705,-34.0249967,13.4,7.2,-0.27,2.75,21,16.3,-3.76,-8.91,10.3
333,1341,150.6627,-34.025025,12.8,9.5,-0.18,2.47,18.4,15.7,-3.35,-8.39,11.15
334,1345,150.6626933,-34.025055,12.7,8.7,-0.21,2.02,18.4,15,-3.02,-8.27,10.7
335,1349,150.662685,-34.0250833,12.7,8.7,-0.16,2.02,18.1,15.6,-2.84,-7.83,10.7
336,1353,150.6626767,-34.0251117,11.7,8.8,0.05,2.17,18.1,15.4,-2.81,-7.48,10.25
337,1357,150.66267,-34.0251417,12.5,9.3,-0.17,1.97,17.7,15.1,-2.91,-7.94,10.9
339,1363,150.6626483,-34.0252283,8.9,17.3,1.96,-0.2,15.1,1.9,-8.32,,13.1
340,1370,150.6626417,-34.0252567,5.8,17.3,2.94,2.5,14.6,-0.1,-8.54,,11.55
341,1376,150.6626333,-34.0252867,9.1,5.1,0.24,3.41,25.1,15.1,-4.66,-9.16,7.1
342,1380,150.6626267,-34.025315,9.4,5.8,0.28,3.6,25.4,15.9,-4.74,-9.12,7.6
343,1384,150.6626183,-34.025345,9.6,6.1,0.31,3.53,24.6,15.7,-4.49,-8.67,7.85
344,1388,150.66261,-34.0253733,10.4,7,0.26,3.23,23.3,15.1,-4.14,-8.17,8.7
345,1392,150.6626017,-34.0254033,10,7.8,0.25,2.89,21.8,14.8,-3.67,-7.7,8.9
346,1396,150.6625933,-34.0254317,10.5,8.8,0.25,2.43,19.9,14.7,-3.2,-7.34,9.65
347,1400,150.662585,-34.02546,10.7,9.1,0.22,1.92,17.8,14,-2.77,-7.13,9.9
348,1404,150.6625767,-34.02549,10.7,9.2,0.21,1.86,17.5,13.3,-2.78,-7.17,9.95
349,1408,150.6625583,-34.0255467,11.3,8.6,0.11,2.12,18.9,13.9,-3.11,-7.48,9.95
350,1415,150.6625517,-34.0255767,11,8.4,0.1,2.24,18.4,13.5,-3.09,-7.5,9.7
351,1419,150.6625433,-34.025605,10.3,7.9,0.17,2.08,17.9,13.4,-2.96,-7.36,9.1
352,1423,150.6625367,-34.025635,10,7.8,0.28,2.17,18.2,13.3,-2.99,-7.21,8.9
353,1427,150.66253,-34.0256633,9.2,7.6,0.39,2.25,17.7,13,-2.95,-6.9,8.4
354,1431,150.6625217,-34.0256917,9.1,7.7,0.48,2.28,17.7,13.3,-2.92,-6.66,8.4
355,1435,150.662515,-34.0257217,8.9,7.6,0.57,2.32,17,12,-2.82,-6.34,8.25
356,1439,150.6625083,-34.0257517,8.5,7.4,0.63,2.35,16.8,12,-2.76,-6.12,7.95
357,1443,150.6625033,-34.02578,7.8,7,0.67,2.36,16,11.5,-2.71,-5.95,7.4
358,1447,150.6624983,-34.0258083,7.6,7,0.7,2.39,14.9,10.7,-2.52,-5.53,7.3
359,1451,150.6624917,-34.0258367,7.5,6.5,0.6,2.24,13.9,10.3,-2.32,-5.27,7
360,1455,150.662485,-34.025865,8,6.8,0.49,2.11,13.7,10.1,-2.23,-5.18,7.4
361,1459,150.6624767,-34.0258917,7,6.4,0.54,2.19,13,9.3,-2.26,-5.14,6.7
362,1463,150.66247,-34.02592,6.4,5.3,0.66,2.37,13.2,9.3,-2.31,-5.04,5.85
363,1467,150.6624633,-34.0259483,5.2,5.2,0.65,2.41,13.3,8.6,-2.33,-5,5.2
364,1471,150.6624583,-34.025975,5.7,4.2,0.58,2.43,13,8.5,-2.28,-4.98,4.95
365,1475,150.6624533,-34.0260033,5.5,4.3,0.6,2.4,12.3,7.9,-2.18,-4.9,4.9
366,1479,150.66245,-34.0260317,5,3.9,0.59,2.36,11.5,7,-2.11,-4.81,4.45
367,1483,150.662445,-34.0260583,5.5,4.3,0.54,2.31,11,7.2,-2.02,-4.78,4.9
368,1487,150.66244,-34.0260867,4.9,3.9,0.61,2.42,11.3,7.5,-2.11,-4.75,4.4
369,1491,150.6624367,-34.0261133,4.4,3.9,0.67,2.57,11.4,6.5,-2.09,-4.63,4.15
370,1495,150.6624317,-34.02614,4.2,3.3,0.62,2.44,10.6,5.9,-2.01,-4.65,3.75
371,1499,150.6624267,-34.0261667,3.8,3.6,0.6,2.43,10.5,6.5,-2.01,-4.62,3.7
372,1503,150.66242,-34.0261933,3.6,3.3,0.65,2.43,10.5,6.3,-1.99,-4.51,3.45
373,1507,150.662415,-34.0262217,4.1,3.6,0.69,2.47,10.6,6.3,-2.03,-4.53,3.85
374,1511,150.66241,-34.0262483,4,3.5,0.7,2.53,11.2,6.4,-2.1,-4.59,3.75
375,1515,150.6624033,-34.0262767,4,3.6,0.7,2.52,11.7,7.2,-2.16,-4.74,3.8
376,1519,150.6623967,-34.026305,4.2,3.4,0.73,2.61,12.4,7.2,-2.27,-4.89,3.8
377,1523,150.6623917,-34.0263317,4.5,3.5,0.67,2.66,13.2,7.2,-2.4,-5.13,4
378,1527,150.6623867,-34.02636,4.3,2.7,0.67,2.74,13.6,7.2,-2.56,-5.34,3.5
379,1531,150.6623817,-34.026385,4.6,2.9,0.68,2.88,14,7.7,-2.67,-5.47,3.75
380,1535,150.6623733,-34.0264083,4.8,1.8,0.57,2.92,14.2,7.4,-2.84,-5.68,3.3
381,1539,150.6623533,-34.0264233,4,1.8,0.56,3.01,13.3,6.7,-2.89,-5.71,2.9
382,1543,150.6623283,-34.026425,3.9,1.5,0.53,2.98,13.1,6.2,-2.81,-5.66,2.7
383,1547,150.6623083,-34.0264133,3.3,1,0.63,2.98,12.9,5.9,-2.75,-5.53,2.15
384,1551,150.6623,-34.02639,3.1,1.5,0.67,3.18,13.5,6,-2.87,-5.53,2.3
385,1555,150.6623067,-34.0263667,3.2,1.3,0.65,3.18,13.3,6.1,-2.92,-5.66,2.25
386,1559,150.6623133,-34.0263417,2.5,0.5,0.7,3.14,14.3,6.4,-2.99,-5.59,1.5
387,1563,150.6623217,-34.0263133,-0.7,0.9,0.74,3.19,14.2,6.8,-2.97,-5.63,0.1
388,1567,150.6623283,-34.0262867,4.5,2,0.6,2.96,15.4,8.5,-2.81,-5.69,3.25
389,1571,150.6623333,-34.02626,4.9,2.8,0.61,2.86,15.1,8.5,-2.73,-5.57,3.85
390,1575,150.66234,-34.0262317,4.3,2.8,0.7,2.92,14.8,8.2,-2.69,-5.47,3.55
391,1579,150.6623467,-34.0262033,2.7,2.2,0.59,2.67,14,7.6,-2.5,-5.21,2.45
392,1583,150.6623533,-34.026175,3.2,2.3,0.6,2.52,12.7,7.3,-2.37,-5.22,2.75
393,1587,150.66236,-34.0261467,3.9,2.6,0.59,2.39,11.8,7,-2.24,-5.08,3.25
394,1591,150.6623667,-34.0261183,3.7,2.7,0.58,2.35,11.3,6.8,-2.14,-4.95,3.2
395,1595,150.6623717,-34.02609,3.3,2.9,0.57,2.24,11,6.7,-2.05,-4.87,3.1
396,1599,150.6623783,-34.02606,3.8,3,0.59,2.26,10.9,6.7,-1.99,-4.77,3.4
397,1603,150.6623833,-34.0260317,3.8,3.1,0.62,2.28,11,6.2,-1.96,-4.68,3.45
398,1607,150.6623883,-34.0260017,4.6,3.5,0.59,2.3,11.3,6.9,-2.03,-4.71,4.05
399,1611,150.662395,-34.0259733,5.1,3.9,0.56,2.33,11.4,7.6,-2.06,-4.77,4.5
400,1615,150.6624017,-34.0259433,4.7,4.2,0.6,2.31,11.3,7.8,-2.05,-4.82,4.45
401,1619,150.6624083,-34.0259133,5.4,4.5,0.58,2.37,11.8,7.6,-2.08,-4.84,4.95
402,1623,150.6624133,-34.0258833,5.7,4.9,0.61,2.33,12.7,8.5,-2.15,-4.84,5.3
403,1627,150.66242,-34.0258533,6.4,5,0.66,2.38,13.3,9,-2.25,-4.88,5.7
404,1631,150.6624283,-34.0258217,6.5,6,0.67,2.42,13.3,9.1,-2.29,-4.91,6.25
405,1635,150.662435,-34.0257917,6.9,6,0.62,2.34,13.3,9.4,-2.27,-4.88,6.45
406,1639,150.6624417,-34.0257617,7.6,6.7,0.57,2.18,14.1,10.4,-2.24,-5.05,7.15
407,1643,150.6624483,-34.0257317,7.3,6.7,0.67,2.09,14.2,10.6,-2.3,-5.27,7
408,1647,150.6624533,-34.0257017,7.6,6.1,0.56,2.1,15.4,10.6,-2.5,-5.68,6.85
409,1651,150.66246,-34.0256733,7.9,5.7,0.49,2.17,16.3,10.9,-2.73,-6.11,6.8
410,1655,150.6624683,-34.025645,8,5.7,0.48,2.28,17.4,11.4,-2.87,-6.35,6.85
411,1659,150.6624733,-34.025615,8.4,5.6,0.44,2.26,17.8,12,-2.95,-6.62,7
412,1663,150.66248,-34.025585,8.7,6,0.43,2.34,18.2,12.3,-3.04,-6.87,7.35
413,1667,150.6624867,-34.0255567,9.1,5.8,0.29,2.34,19,12.9,-3.2,-7.2,7.45
414,1671,150.6624933,-34.0255267,9.3,5.8,0.2,2.41,19.5,12.8,-3.35,-7.49,7.55
415,1675,150.6625017,-34.0254983,9.4,5.8,0.13,2.48,19.7,12.8,-3.43,-7.74,7.6
416,1679,150.6625083,-34.0254683,8.9,5.7,0.19,2.62,19.7,12.9,-3.46,-7.73,7.3
417,1683,150.662515,-34.02544,9.2,5.3,0.16,2.71,20,13,-3.53,-7.81,7.25
418,1687,150.6625217,-34.02541,9.2,5.4,0.12,2.56,19.5,12.8,-3.43,-7.84,7.3
419,1691,150.6625283,-34.0253817,9.6,5.2,0.06,2.45,19.8,13.2,-3.43,-7.96,7.4
420,1695,150.662535,-34.0253517,9.1,5.7,0.07,2.25,18.8,13.1,-3.3,-7.87,7.4
421,1699,150.6625417,-34.0253217,9.2,5.6,0.08,2.24,19.3,13.3,-3.31,-7.88,7.4
422,1703,150.6625483,-34.0252917,9,5.7,0.06,2.24,19.6,13.4,-3.42,-8.09,7.35
423,1707,150.6625533,-34.0252617,8.6,5.2,0.12,2.52,21.1,13.6,-3.75,-8.31,6.9
424,1711,150.66256,-34.0252317,8.7,5.2,0.18,2.94,22.8,13.7,-4.2,-8.6,6.95
425,1715,150.662565,-34.0252017,8.4,3.7,0.12,3.23,24.7,14.5,-4.66,-9.24,6.05
426,1719,150.66257,-34.0251717,8.4,3.1,0.03,3.53,25.3,14.3,-5.08,-9.87,5.75
427,1723,150.6625767,-34.0251417,7.8,2.3,0,3.44,25,13.1,-4.91,-9.76,5.05
428,1727,150.6625817,-34.0251117,7.2,2.2,0.09,3.28,23.9,12.9,-4.6,-9.33,4.7
429,1731,150.6625883,-34.0250817,7.3,2.6,0.13,3.21,23.2,12.7,-4.48,-9.21,4.95
430,1735,150.6625933,-34.0250517,7.5,2.7,0.08,3.11,22.3,12.5,-4.28,-9.12,5.1
431,1739,150.6626,-34.0250217,8.2,2.7,-0.07,2.9,22.2,12.7,-4.18,-9.2,5.45
433,1745,150.662615,-34.0249633,3,17.7,3.18,1.5,13.5,-0.2,-9.39,,10.35
434,1752,150.662635,-34.0248783,1.4,17.7,3.91,0.7,13.6,-1.8,-9.39,,9.55
435,1759,150.6626483,-34.0248267,1.9,17.7,3.73,0.2,14.6,0.1,-9.24,,9.8
436,1766,150.662655,-34.0248017,2.7,17.7,3.62,-2.5,14.6,0.1,-8.65,,10.2
437,1772,150.6626583,-34.0247767,8.8,3.4,0.25,3.13,21.4,13.4,-3.5,-7.6,6.1
438,1776,150.6626483,-34.0247533,12.6,4.2,0.05,3.26,25.4,17.3,-3.82,-8.03,8.4
439,1780,150.662625,-34.02474,12.2,5.9,0.08,3.54,25.7,17.6,-3.99,-8.12,9.05
440,1784,150.6625733,-34.024745,12.4,5,0.03,3.57,26,17.6,-4.11,-8.37,8.7
441,1791,150.66254,-34.024785,11.4,4,-0.03,3.55,25.4,16.9,-4.12,-8.58,7.7
442,1798,150.6625317,-34.02481,7.3,2.3,0.08,3.26,20,11.3,-3.66,-7.88,4.8
443,1802,150.6625267,-34.0248383,6.4,1.8,0.17,3.02,19,10.3,-3.41,-7.45,4.1
444,1806,150.66252,-34.0248667,6.3,1.3,0.33,3.07,19.7,11.2,-3.34,-7.12,3.8
445,1810,150.6625083,-34.0249267,8,1.3,0.08,3.24,22.4,12.5,-3.89,-7.97,4.65
446,1817,150.6625033,-34.024955,8,0.5,-0.14,3.65,24.4,13.1,-4.75,-9.53,4.25
447,1821,150.6624983,-34.0249833,7.4,0.7,-0.03,3.67,23.9,12.8,-4.67,-9.43,4.05
448,1828,150.6624833,-34.02507,8.5,1,-0.17,3.51,25,13.5,-4.98,-10.18,4.75
449,1835,150.6624733,-34.025125,6.9,1.3,0.17,3.55,25.4,13.9,-5.13,-10.02,4.1
450,1842,150.6624683,-34.0251517,7.9,1.9,-0.11,3.33,24.7,13.4,-5.03,-10.26,4.9
451,1846,150.6624633,-34.02518,7.6,1.8,-0.06,3.22,24.6,13.4,-4.96,-10.16,4.7
452,1850,150.6624583,-34.0252067,8.2,1.4,-0.09,3.31,25.1,14,-5.03,-10.17,4.8
453,1854,150.6624533,-34.0252333,8,2,-0.01,3.34,24.2,12.9,-4.84,-9.73,5
454,1858,150.6624483,-34.02526,7.6,1.9,0.13,3.21,23.4,12.8,-4.49,-9.04,4.75
455,1862,150.6624417,-34.025285,7.4,2.5,0.19,3.02,22.1,12.6,-4.12,-8.58,4.95
456,1866,150.662435,-34.0253117,6.7,2.3,0.23,2.85,21.3,12,-3.96,-8.38,4.5
457,1870,150.6624283,-34.0253367,6.9,2.3,0.2,2.89,21.2,12.1,-3.93,-8.43,4.6
458,1874,150.66242,-34.0253617,7.2,2.6,0.15,2.74,21,11.9,-3.94,-8.61,4.9
459,1878,150.6624117,-34.0253883,7.1,2.6,0.09,2.83,21.3,12.2,-4.07,-8.75,4.85
460,1882,150.662405,-34.0254133,7.3,2.1,0.07,2.99,21.3,12,-4.1,-8.63,4.7
461,1886,150.6624,-34.02544,7.2,2,0.08,3.05,21.3,11.9,-4.12,-8.59,4.6
462,1890,150.662395,-34.025465,6.9,2.6,0.13,3.19,21.1,11.6,-4.07,-8.36,4.75
463,1894,150.66239,-34.0254917,7.3,2.2,0.14,3.19,21.2,11.8,-3.96,-8.16,4.75
464,1898,150.6623833,-34.0255167,7.7,2.2,0.16,3.13,21.3,12.1,-3.86,-8.05,4.95
465,1902,150.6623783,-34.0255433,7.4,3.1,0.19,3,20.9,12.3,-3.74,-7.96,5.25
466,1906,150.6623717,-34.02557,7.7,3.3,0.15,2.88,20.3,12.1,-3.72,-8.1,5.5
467,1910,150.6623667,-34.0255967,6.7,2.9,0.2,2.82,19.8,11.8,-3.68,-8.01,4.8
468,1914,150.6623617,-34.0256217,6.4,2.7,0.3,2.75,19.5,11.2,-3.58,-7.79,4.55
469,1918,150.6623567,-34.02565,6.3,3.2,0.35,2.63,18.7,11.2,-3.38,-7.5,4.75
470,1922,150.6623517,-34.0256767,6.3,3.5,0.36,2.44,17.9,11,-3.15,-7.16,4.9
471,1926,150.6623467,-34.0257033,6.9,3.5,0.42,2.31,17.5,10.9,-3.03,-6.98,5.2
472,1930,150.66234,-34.0257283,6.9,3.9,0.47,2.27,17.2,10.8,-2.9,-6.68,5.4
473,1934,150.662335,-34.0257533,6.4,4.4,0.58,2.31,16.7,10.3,-2.73,-6.2,5.4
474,1938,150.66233,-34.0257783,7.2,5.3,0.64,2.27,16.1,10.7,-2.55,-5.82,6.25
476,1944,150.66232,-34.0258267,6,17.9,2.13,-3.2,11.1,3.2,-5.52,,11.95
477,1950,150.662315,-34.02585,7.6,5.9,0.68,2.41,15.1,10.5,-2.44,-5.13,6.75
478,1954,150.6623117,-34.025875,6.8,6.2,0.73,2.46,14.3,10.2,-2.38,-5.01,6.5
479,1958,150.6623067,-34.0259,6,5.8,0.8,2.56,13.7,9.2,-2.35,-4.85,5.9
480,1962,150.6623017,-34.025925,5.8,5.1,0.8,2.56,13.1,8.5,-2.28,-4.72,5.45
481,1966,150.6622983,-34.0259517,5.5,5.2,0.72,2.55,12.8,8.3,-2.24,-4.68,5.35
482,1970,150.6622917,-34.0260033,5.9,4.6,0.61,2.48,12.5,8.3,-2.18,-4.65,5.25
483,1977,150.6622817,-34.0260567,-17.5,1,0.36,2.06,11,6.3,-1.71,-4.48,-8.25
484,1984,150.6622767,-34.0260817,4.7,4,0.6,2.28,11.5,7.3,-2.1,-4.85,4.35
485,1988,150.6622717,-34.0261083,4,3.4,0.57,2.24,11.2,6.4,-2.1,-4.9,3.7
486,1992,150.662265,-34.026135,4.2,2.9,0.54,2.22,11.5,6.6,-2.13,-5.06,3.55
487,1996,150.66226,-34.0261617,3.8,2.3,0.55,2.24,12.1,7.1,-2.21,-5.19,3.05
488,2000,150.662255,-34.0261867,3.7,2,0.56,2.3,12.5,7.1,-2.26,-5.23,2.85
489,2004,150.66225,-34.0262133,3.5,1.5,0.56,2.36,13,7.3,-2.41,-5.41,2.5
490,2008,150.6622433,-34.0262383,3.7,1.9,0.57,2.58,14.3,7.1,-2.62,-5.52,2.8
491,2012,150.6622383,-34.0262633,3.4,1.8,0.59,2.82,15.3,7.7,-2.85,-5.65,2.6
492,2016,150.6622333,-34.02629,4,1.5,0.6,3.04,15.7,8.2,-2.97,-5.67,2.75
493,2020,150.6622283,-34.026315,3.8,1.9,0.64,3.04,15.9,8,-3.01,-5.71,2.85
494,2024,150.6622233,-34.0263383,3.4,2,0.67,3.09,16,8.5,-3.04,-5.76,2.7
495,2028,150.6622117,-34.026355,3.3,1.6,0.71,3.09,15.6,7.8,-3.04,-5.78,2.45
496,2032,150.6621967,-34.0263667,2.9,1.3,0.81,3.21,15.6,7.6,-3.1,-5.81,2.1
497,2036,150.662175,-34.0263717,3,1.2,0.65,3.15,15.1,6.6,-3.12,-5.81,2.1
498,2040,150.662155,-34.0263683,2.9,1.1,0.68,3.19,14.5,6,-3.08,-5.77,2
499,2044,150.6621383,-34.026355,3.1,1.2,0.67,3.2,14.1,6.1,-3.01,-5.67,2.15
500,2048,150.6621317,-34.0263367,3.6,1.6,0.6,3.19,14.1,6.3,-3,-5.68,2.6
501,2052,150.6621317,-34.026315,3.3,1.4,0.63,3.14,13.9,5.9,-2.96,-5.65,2.35
502,2056,150.6621383,-34.0262917,3.3,0.9,0.58,3.11,14.2,6.3,-3.05,-5.77,2.1
503,2060,150.662145,-34.0262683,3.3,1.3,0.6,3.07,15.2,7.1,-3.08,-5.93,2.3
504,2064,150.6621517,-34.0262433,3.7,1.7,0.65,3.13,15.9,8.1,-3.11,-5.93,2.7
505,2068,150.6621583,-34.0262183,4.1,1.6,0.65,3.05,16.5,8.3,-3.07,-5.92,2.85
506,2072,150.6621667,-34.026195,4.1,1.9,0.58,2.96,16.3,9,-3.02,-5.86,3
507,2076,150.6621733,-34.02617,4.3,1.5,0.55,2.91,15.9,8.2,-2.95,-5.8,2.9
508,2080,150.66218,-34.026145,4.4,1.5,0.48,2.86,15.3,7.5,-2.88,-5.76,2.95
509,2084,150.6621867,-34.0261217,4.3,1.4,0.48,2.81,14.7,7.2,-2.82,-5.74,2.85
510,2088,150.6621933,-34.0260967,3.8,1.3,0.53,2.76,14.2,7.4,-2.67,-5.6,2.55
511,2092,150.6622,-34.0260717,3.6,1.6,0.54,2.61,13.8,7.3,-2.55,-5.51,2.6
512,2096,150.6622067,-34.0260483,4,2.1,0.53,2.39,12.7,7,-2.29,-5.25,3.05
513,2100,150.6622133,-34.0260233,4.1,2.8,0.54,2.13,11.8,7.2,-2.11,-5.14,3.45
514,2104,150.66222,-34.0259983,4.4,2.9,0.59,2.13,11.8,7.2,-2.1,-5.03,3.65
515,2108,150.662225,-34.025975,4.4,3.3,0.61,2.2,11.9,7.1,-2.14,-4.95,3.85
516,2112,150.66223,-34.02595,4.4,3.6,0.62,2.31,12.5,7.9,-2.21,-4.97,4
517,2116,150.662235,-34.025925,4.5,4.1,0.63,2.39,12.5,7.9,-2.21,-4.89,4.3
518,2120,150.66224,-34.0259,4.6,4.6,0.69,2.44,12.6,7.9,-2.21,-4.79,4.6
519,2124,150.6622433,-34.0258767,5,5.1,0.72,2.5,13,8.3,-2.21,-4.67,5.05
520,2128,150.6622483,-34.02585,6.2,5.6,0.69,2.52,13.5,9,-2.23,-4.62,5.9
521,2132,150.6622533,-34.025825,6.4,5.9,0.69,2.53,13.5,9.3,-2.28,-4.67,6.15
522,2136,150.6622583,-34.0258,5.4,5.3,0.82,2.59,13.6,8.9,-2.32,-4.66,5.35
523,2140,150.6622633,-34.025775,5.5,5.7,0.85,2.56,13.9,9.2,-2.34,-4.78,5.6
524,2144,150.6622667,-34.0257483,6.8,6.1,0.7,2.44,14.8,9.8,-2.46,-5.16,6.45
525,2148,150.66227,-34.025725,6.8,6.2,0.71,2.39,15.4,10.3,-2.51,-5.36,6.5
526,2152,150.662275,-34.0256983,7.7,6.7,0.51,2.21,15.8,10.8,-2.58,-5.68,7.2
527,2156,150.6622783,-34.0256733,8.3,6.6,0.43,2.13,16.5,11.6,-2.64,-6.07,7.45
528,2160,150.6622817,-34.02565,7.6,6.1,0.54,2.18,16.3,11.5,-2.7,-6.22,6.85
529,2164,150.662285,-34.0256233,7.5,5.4,0.47,2.25,17.8,11.9,-2.94,-6.65,6.45
530,2168,150.6622883,-34.0255983,6.9,4.7,0.41,2.31,18,11.5,-3.04,-6.89,5.8
531,2172,150.6622917,-34.0255733,7.2,4.7,0.39,2.37,18.5,11.3,-3.2,-7.23,5.95
532,2176,150.6622967,-34.0255483,7.6,4.4,0.3,2.52,19.9,12.3,-3.44,-7.58,6
533,2180,150.6623,-34.0255217,8.8,4.4,0.15,2.65,21,13,-3.65,-7.91,6.6
534,2184,150.6623033,-34.0254967,9.9,5.3,0.08,2.76,21.9,14.2,-3.79,-8.09,7.6
535,2188,150.6623083,-34.02547,10.6,5.9,0.06,2.92,22.7,15,-3.92,-8.34,8.25
536,2192,150.662315,-34.0254433,9.4,5,0.18,3.17,22.7,14.9,-4,-8.29,7.2
537,2196,150.6623183,-34.025415,8.8,4.6,0.23,3.36,22.5,14.1,-4.08,-8.26,6.7
538,2200,150.6623233,-34.0253883,8.6,4.3,0.17,3.36,22.6,13.9,-4.06,-8.28,6.45
539,2204,150.6623267,-34.0253617,8.8,4.6,0.17,3.21,22.5,13.9,-4.07,-8.31,6.7
540,2208,150.6623317,-34.0253333,8.8,4.2,0.15,3.33,22.8,13.7,-4.1,-8.35,6.5
541,2212,150.6623367,-34.025305,9.5,5.1,0.1,3.2,22.9,14.2,-4.13,-8.5,7.3
542,2216,150.66234,-34.0252767,10.4,4.8,0.01,3.27,23.8,14.8,-4.24,-8.68,7.6
543,2220,150.6623433,-34.0252483,10.5,5.3,-0.01,3.12,23.8,15.1,-4.21,-8.82,7.9
544,2224,150.6623467,-34.0252217,9.8,4.7,0.1,3.02,23.4,15,-4.12,-8.79,7.25
545,2228,150.66235,-34.0251933,9.8,5.5,0.04,2.83,22.4,14.3,-4.01,-8.76,7.65
546,2232,150.662355,-34.025165,9.5,5.2,0.05,2.81,22.6,13.8,-4.05,-8.78,7.35
547,2236,150.66236,-34.0251367,9.1,5.2,0.21,2.97,22.8,14.2,-4.12,-8.64,7.15
548,2240,150.6623633,-34.0251083,9.3,5.2,0.14,3.05,23.3,14.5,-4.29,-8.94,7.25
549,2244,150.6623683,-34.0250817,10,4.8,-0.01,3.05,23.6,14.6,-4.47,-9.28,7.4
550,2248,150.6623717,-34.0250533,10.2,5.1,-0.15,3.01,24,14.3,-4.69,-9.76,7.65
551,2252,150.662375,-34.025025,10.2,4.8,-0.08,3.11,24.4,14.8,-4.82,-10.06,7.5
552,2256,150.66238,-34.0249967,9.8,5.1,0.01,3.29,25.2,15.3,-4.97,-10.3,7.45
553,2260,150.662385,-34.0249683,10.1,5.6,0.04,3.28,25.3,16.1,-4.98,-10.29,7.85
554,2264,150.6623883,-34.02494,9.7,5,-0.02,3.12,24.9,15.8,-4.87,-10.17,7.35
555,2268,150.662395,-34.0249117,10,5.1,-0.13,3.1,24.9,15.7,-4.96,-10.43,7.55
556,2272,150.6624,-34.0248817,10.1,4.1,-0.14,3.37,26.5,15.5,-5.22,-10.65,7.1
557,2276,150.6624067,-34.0248533,8.3,3.5,0.17,3.73,26.8,14.8,-5.24,-9.87,5.9
558,2280,150.6624133,-34.0248267,7.2,2.2,0.35,4.03,27.8,14.3,-5.23,-9.24,4.7
559,2284,150.66242,-34.0248,9.2,2.5,0.25,4.09,26.7,15.3,-4.71,-8.8,5.85
560,2288,150.6624267,-34.024775,10,2.9,0.12,3.72,24.8,14.8,-4.12,-8.22,6.45
561,2292,150.66243,-34.02475,6.6,3.5,0.34,3.04,18.6,12.1,-3.18,-7.05,5.05
562,2296,150.6624233,-34.024725,5.9,2,0.12,2.68,18.6,10.1,-3.33,-7.39,3.95
563,2300,150.6624033,-34.0247083,6.3,1.7,0.02,2.81,19.3,10.9,-3.54,-7.87,4
564,2304,150.662375,-34.0247033,7.8,2,-0.04,3.06,20.5,11.7,-3.87,-8.39,4.9
565,2308,150.662345,-34.0247133,8.5,3,-0.14,2.98,20.5,11.7,-3.79,-8.48,5.75
566,2312,150.662325,-34.0247333,8.9,3.5,-0.06,2.8,19.9,11.6,-3.6,-8.27,6.2
567,2316,150.662315,-34.0247583,7.8,3.7,0.03,2.86,20,12.1,-3.64,-8.16,5.75
568,2320,150.66231,-34.024785,8.2,3.5,0.07,2.95,20.2,11.7,-3.66,-7.93,5.85
569,2324,150.6623033,-34.0248117,7.5,3.4,0.24,2.82,19.6,11.5,-3.42,-7.45,5.45
570,2328,150.6622967,-34.02484,8.4,4.1,0.31,2.97,20.1,12.6,-3.55,-7.46,6.25
571,2332,150.66229,-34.02487,9.5,4.1,0.23,3.39,23.2,13.9,-4.1,-8.06,6.8
572,2336,150.662285,-34.0249,8.9,4.2,0.3,3.91,25.3,14.7,-4.64,-8.65,6.55
573,2340,150.6622783,-34.02493,8.6,4.2,0.32,4.02,26.3,14.9,-5.01,-9.25,6.4
574,2344,150.6622717,-34.02496,8.5,5.3,0.24,3.5,25.2,14.7,-5,-9.71,6.9
575,2348,150.662265,-34.02499,9.9,4.9,0.04,3.68,26.7,15.3,-5.24,-10.17,7.4
576,2352,150.6622583,-34.0250217,10.1,5.4,0.02,3.39,25.8,15.4,-5.07,-10.14,7.75
577,2356,150.6622517,-34.0250517,10.4,5.4,0.04,3.57,26.6,16,-5.21,-10.2,7.9
578,2360,150.6622467,-34.0250833,10.9,6.2,0.01,3.57,25.7,15.8,-4.97,-9.84,8.55
579,2364,150.66224,-34.0251133,10.5,6.5,0.05,3.3,24,15.3,-4.5,-9.2,8.5
580,2368,150.6622333,-34.025145,10.3,6.6,0.06,3.06,22.6,14.9,-4.14,-8.77,8.45
581,2372,150.662225,-34.0251767,10.9,7.5,0.07,2.81,22.1,15.2,-3.91,-8.53,9.2
582,2376,150.6622183,-34.0252067,11.1,7.9,0.08,2.88,23,15.3,-4.03,-8.56,9.5
583,2380,150.66221,-34.0252383,11.2,7.5,0.07,3.1,23.5,16.1,-4.13,-8.52,9.35
584,2384,150.662205,-34.0252683,11.6,7.2,-0.02,3.18,23.4,15.9,-4.19,-8.62,9.4
585,2388,150.6621983,-34.0253,11.2,7.2,-0.06,3.12,22.8,15,-4.12,-8.54,9.2
586,2392,150.6621933,-34.0253317,10.5,6.6,0.04,3.11,22.3,15,-4.04,-8.48,8.55
587,2396,150.662185,-34.0253633,9.9,6.1,0.06,3.32,23,14.7,-4.18,-8.56,8
588,2400,150.6621783,-34.025395,9.7,5.6,0.13,3.39,23.3,15.4,-4.12,-8.38,7.65
589,2404,150.6621717,-34.025425,10.4,5.9,0.15,3.3,23,14.8,-4.04,-8.21,8.15
590,2408,150.662165,-34.0254567,10.4,6.3,0.15,3.33,23.3,14.9,-4.15,-8.25,8.35
591,2412,150.6621583,-34.0254883,10.6,6.6,0.09,3.11,23.2,15.1,-4,-8.32,8.6
592,2416,150.6621517,-34.0255183,10.8,7.4,0.06,2.79,22,14.5,-3.78,-8.15,9.1
593,2420,150.662145,-34.0255483,10.3,7.1,0.09,2.53,20.4,13.8,-3.53,-7.9,8.7
594,2424,150.6621383,-34.0255783,9.9,7,0.21,2.48,19.8,13.5,-3.39,-7.59,8.45
595,2428,150.6621317,-34.0256083,8.8,6.4,0.3,2.45,18.7,12.4,-3.31,-7.36,7.6
596,2432,150.662125,-34.0256367,8.4,6.5,0.36,2.41,18.2,12.5,-3.11,-7.06,7.45
597,2436,150.6621183,-34.0256667,8.8,7.1,0.39,2.23,17.9,11.9,-2.99,-6.78,7.95
598,2440,150.6621117,-34.025695,8.2,6.9,0.5,2.34,17.8,12.2,-2.91,-6.43,7.55
599,2444,150.6621067,-34.0257217,8,7.1,0.55,2.29,17.1,11.7,-2.75,-6.11,7.55
600,2448,150.6621017,-34.02575,8,7.4,0.59,2.23,16.4,11.4,-2.6,-5.88,7.7
601,2452,150.6620967,-34.0257767,7.6,6.9,0.68,2.33,15.8,11,-2.52,-5.46,7.25
602,2456,150.6620917,-34.0258033,6.9,5.9,0.6,2.43,15.9,10.6,-2.56,-5.37,6.4
603,2460,150.662085,-34.0258283,6.5,5.5,0.63,2.38,14.6,9.5,-2.39,-5.07,6
604,2464,150.6620783,-34.0258567,6.2,5.7,0.67,2.47,14.1,8.8,-2.36,-4.9,5.95
605,2468,150.6620717,-34.0258833,5.8,5.2,0.69,2.5,13.8,8.5,-2.36,-4.89,5.5
606,2472,150.6620667,-34.0259133,5.5,5.1,0.7,2.49,13.6,8.4,-2.26,-4.78,5.3
607,2476,150.6620617,-34.0259417,5.8,5.3,0.6,2.35,13.2,8.4,-2.22,-4.92,5.55
608,2480,150.662055,-34.0259717,6.1,4.8,0.57,2.24,13.7,8.5,-2.28,-5.1,5.45
609,2484,150.66205,-34.0260017,6.2,4.4,0.5,2.3,14.1,8.6,-2.4,-5.26,5.3
610,2488,150.662045,-34.0260317,5.6,4,0.51,2.32,13.8,8.4,-2.36,-5.26,4.8
611,2492,150.66204,-34.0260617,0.7,2.4,0.52,2.3,15.1,7.5,-2.43,-5.34,1.55
612,2496,150.662035,-34.0260933,4.8,2.7,0.5,2.34,14.1,8.2,-2.5,-5.54,3.75
613,2500,150.6620317,-34.0261217,4.5,2.6,0.48,2.47,15,8.6,-2.68,-5.73,3.55
614,2504,150.6620283,-34.02615,3.9,2.2,0.59,2.75,15.2,7.9,-2.85,-5.8,3.05
615,2508,150.6620267,-34.0261767,3.9,1.8,0.61,2.96,15.7,8.3,-3.03,-5.84,2.85
616,2512,150.6620233,-34.0262017,4.2,2.1,0.56,2.97,16,8.4,-3.11,-5.9,3.15
617,2516,150.662015,-34.0262233,3.8,2,0.61,3.04,16.4,8,-3.19,-5.98,2.9
618,2520,150.661995,-34.026235,4.1,2.3,0.61,3.08,16.8,7.8,-3.25,-5.99,3.2
619,2524,150.6619717,-34.026235,4.6,2.3,0.66,3.21,16.9,8.4,-3.29,-5.94,3.45
620,2528,150.6619517,-34.0262217,4.6,2.4,0.69,3.35,16.2,7.7,-3.24,-5.89,3.5
621,2532,150.661945,-34.0262,4.9,2.6,0.65,3.33,16,7.3,-3.22,-5.88,3.75
622,2536,150.6619483,-34.026175,4.6,2.1,0.66,3.31,16.5,8.1,-3.21,-5.83,3.35
623,2540,150.6619533,-34.0261467,4.2,2.1,0.6,3.1,16.1,8.3,-3.15,-5.81,3.15
624,2544,150.66196,-34.0261183,4.9,2.5,0.52,2.93,16.1,8.1,-3.06,-5.88,3.7
625,2548,150.6619667,-34.0260883,4.7,2.7,0.48,2.79,15.5,8.4,-2.96,-5.95,3.7
626,2552,150.6619733,-34.0260567,5,2.6,0.47,2.7,15.5,8.4,-2.86,-5.89,3.8
627,2556,150.6619783,-34.026025,4.8,2.2,0.51,2.63,15.4,8.4,-2.72,-5.78,3.5
628,2560,150.661985,-34.0259917,5.2,3,0.5,2.51,14.7,8.5,-2.6,-5.63,4.1
629,2564,150.6619917,-34.02596,5.3,2.8,0.49,2.47,14.5,8.6,-2.51,-5.48,4.05
630,2568,150.6619983,-34.0259267,5.6,2.8,0.45,2.26,14.2,8.5,-2.37,-5.36,4.2
631,2572,150.662005,-34.025895,5.7,3.8,0.53,2.2,13.8,8.4,-2.29,-5.23,4.75
632,2576,150.6620133,-34.025865,5.3,4.1,0.58,2.21,14.1,9.1,-2.26,-5.06,4.7
633,2580,150.66202,-34.0258333,5.7,4.9,0.7,2.34,14.2,9.5,-2.26,-4.91,5.3
634,2584,150.6620283,-34.0258033,6.1,5.6,0.76,2.48,14.9,10,-2.32,-4.85,5.85
635,2588,150.662035,-34.0257733,5.7,5.8,0.8,2.62,14.8,9.8,-2.34,-4.74,5.75
636,2592,150.6620417,-34.0257433,6.2,6.5,0.82,2.55,14.8,10.1,-2.26,-4.62,6.35
637,2596,150.66205,-34.0257133,7,6.6,0.73,2.55,16.3,10.9,-2.4,-4.78,6.8
638,2600,150.6620567,-34.025685,7.5,7,0.72,2.55,16.4,11.5,-2.47,-4.93,7.25
639,2604,150.6620633,-34.0256533,7.3,8,0.81,2.53,16.7,11.5,-2.52,-5.13,7.65
640,2608,150.66207,-34.0256233,8,8,0.68,2.48,17.2,11.7,-2.69,-5.6,8
641,2612,150.6620767,-34.025595,7.8,7.6,0.63,2.41,17.4,12.2,-2.76,-5.86,7.7
642,2616,150.6620833,-34.025565,8.6,8,0.54,2.24,17.8,12.7,-2.79,-6.24,8.3
643,2620,150.66209,-34.025535,8.6,7.7,0.5,2.29,18.3,12.5,-2.93,-6.54,8.15
644,2624,150.6620967,-34.025505,9,7.4,0.42,2.22,18.3,13,-3.01,-6.86,8.2
645,2628,150.6621033,-34.0254767,9.6,7.6,0.3,2.28,19.7,13.5,-3.26,-7.34,8.6
646,2632,150.66211,-34.0254483,10.5,8.5,0.2,2.39,20.7,14.1,-3.51,-7.77,9.5
647,2636,150.6621167,-34.02542,10.5,7.7,0.12,2.61,21.4,14.7,-3.77,-8.15,9.1
648,2640,150.6621233,-34.0253917,10.6,7.6,0.09,2.82,22.3,14.7,-3.94,-8.3,9.1
649,2644,150.6621283,-34.0253633,9.9,7,0.09,2.92,22,14,-3.98,-8.27,8.45
650,2648,150.6621367,-34.025335,10.5,6.5,0.04,3.1,22.9,14.4,-4.18,-8.42,8.5
651,2652,150.6621433,-34.0253067,10.8,6.3,-0.05,3.22,23.3,14.8,-4.27,-8.6,8.55
652,2656,150.66215,-34.0252783,10.1,5.9,0.09,3.43,23.6,14.4,-4.37,-8.58,8
653,2660,150.6621567,-34.02525,10.8,6,-0.03,3.45,23.7,14.9,-4.38,-8.55,8.4
654,2664,150.662165,-34.0252233,11.2,6.5,-0.06,3.45,23.5,14.7,-4.36,-8.58,8.85
655,2668,150.6621717,-34.025195,-5.9,3.3,0.06,3.35,22.2,12.5,-4.18,-8.38,-1.3
656,2672,150.6621783,-34.0251683,11.5,6.3,-0.06,3.14,23.2,15.2,-4.18,-8.48,8.9
657,2676,150.6621867,-34.02514,12,7.6,-0.02,3.25,24.1,16,-4.28,-8.47,9.8
658,2680,150.6621917,-34.0251117,11.5,7.6,-0.03,3.3,24.2,15.3,-4.42,-8.75,9.55
659,2684,150.6622,-34.0250833,11.3,7.6,-0.05,3.2,24,15.3,-4.35,-8.82,9.45
660,2688,150.6622067,-34.025055,10.6,7.7,0.01,3.2,23.9,15.3,-4.36,-8.76,9.15
661,2692,150.662215,-34.0250283,11.6,7.3,-0.03,3.3,24.7,15.5,-4.57,-9.11,9.45
662,2696,150.6622217,-34.025,11.9,7.9,-0.06,3.33,25.8,16.4,-4.79,-9.44,9.9
663,2700,150.6622283,-34.0249717,11.5,7.7,-0.03,3.54,26.7,17,-5.1,-9.75,9.6
664,2704,150.6622367,-34.024945,11.5,7.2,-0.13,3.69,26.9,16.3,-5.4,-10.29,9.35
665,2708,150.6622433,-34.0249167,10.7,6.1,-0.13,3.42,25.9,15.6,-5.17,-10.22,8.4
666,2712,150.66225,-34.0248883,11.4,6.4,-0.23,3.36,26,15,-5.25,-10.44,8.9
667,2716,150.6622567,-34.0248617,10.8,5.9,-0.15,3.47,26.5,15.9,-5.17,-10.24,8.35
668,2720,150.6622633,-34.0248333,10.3,5.9,-0.12,3.27,27.2,16.3,-4.87,-9.87,8.1
669,2724,150.66227,-34.024805,10.9,5.5,0,3.56,25.5,15.6,-4.8,-9.32,8.2
670,2728,150.662275,-34.0247783,10.1,5,0.09,3.74,24.7,14.9,-4.62,-8.83,7.55
671,2732,150.6622817,-34.02475,9.5,5,0.14,3.59,23.2,13.5,-4.23,-8.33,7.25
672,2736,150.6622917,-34.0247233,8,4.2,0.24,3.18,20.6,12.9,-3.76,-7.9,6.1
673,2740,150.6623167,-34.0247017,7.4,4.3,0.21,2.93,18.7,11.5,-3.63,-7.8,5.85
674,2744,150.662355,-34.0246917,8.1,4.6,0.06,2.94,19.1,11,-3.78,-8.21,6.35
675,2748,150.6623967,-34.0246933,8.8,4.8,-0.1,2.53,19.1,12,-3.51,-8.32,6.8
676,2752,150.6624267,-34.0246983,8.6,5.6,-0.05,2.13,17.8,12.1,-3.27,-8.08,7.1
677,2756,150.6624333,-34.0247,8.4,5.1,-0.05,2.28,18.2,11.6,-3.4,-8.2,6.75
678,2760,150.6624333,-34.0247,8.5,5.2,-0.08,2.38,18.3,11.8,-3.48,-8.27,6.85
679,2764,150.6624333,-34.0247,8.6,4.8,-0.07,2.35,18.5,11.5,-3.48,-8.28,6.7
680,2768,150.6624333,-34.0247,8.2,5.1,-0.07,2.38,18.5,11.6,-3.48,-8.28,6.65
681,2772,150.6624333,-34.0247,8.1,5.2,-0.06,2.38,18.7,11.8,-3.48,-8.26,6.65
682,2776,150.6624333,-34.0247,8.2,5.2,-0.06,2.38,18.6,11.9,-3.48,-8.3,6.7
683,2780,150.6624333,-34.0247,8.3,5,-0.06,2.37,18.7,11.9,-3.49,-8.28,6.65
684,2784,150.6624333,-34.0247,8.4,4.9,-0.07,2.36,18.5,11.8,-3.49,-8.26,6.65
685,2788,150.6624333,-34.0247,8.8,4.8,-0.07,2.38,18.3,11.3,-3.5,-8.3,6.8
686,2792,150.6624333,-34.0247,8.3,5.1,-0.07,2.37,18.5,11.5,-3.49,-8.27,6.7
687,2796,150.6624333,-34.0247,8.5,5.2,-0.06,2.35,18.5,11.8,-3.49,-8.25,6.85
688,2800,150.6624333,-34.0247,8.9,5.1,-0.06,2.32,18.5,12.1,-3.49,-8.25,7
689,2804,150.6624333,-34.0247,8.9,4.7,-0.06,2.34,18.5,11.7,-3.5,-8.27,6.8
690,2808,150.662435,-34.0247,8.7,4.9,-0.07,2.38,18.5,11.6,-3.49,-8.28,6.8
691,2812,150.6624433,-34.0247017,8.6,5,-0.04,2.45,18.7,12,-3.54,-8.29,6.8
692,2816,150.6624617,-34.024705,9.1,4.2,-0.12,2.59,19.3,11.7,-3.73,-8.46,6.65
693,2820,150.6624833,-34.0247117,8.7,3.6,-0.2,2.71,20,11.6,-3.98,-8.91,6.15
694,2824,150.6625133,-34.0247183,9.2,3,-0.25,2.99,21.6,12.3,-4.19,-9.2,6.1
695,2828,150.66255,-34.0247233,9.3,2.4,-0.29,3.15,22.4,12.9,-4.31,-9.26,5.85
696,2832,150.6625883,-34.02473,9,2.6,-0.26,3.2,22.2,12.8,-4.3,-9.2,5.8
697,2836,150.6626267,-34.0247367,9.9,2.9,-0.22,3.35,23.5,13.5,-4.41,-9.18,6.4
698,2840,150.6626667,-34.0247433,12.2,4.5,-0.18,3.39,26.4,16.7,-4.39,-9.12,8.35
699,2844,150.6627067,-34.0247483,11.8,5.6,-0.13,3.53,25.9,17.5,-4.41,-9.01,8.7
700,2848,150.6627433,-34.0247533,10.2,3.5,-0.18,3.63,25.1,14.7,-4.59,-9.19,6.85
701,2852,150.66278,-34.0247583,9.4,2.8,-0.23,3.78,25.2,14,-4.75,-9.4,6.1
702,2856,150.662815,-34.024765,9.8,3,-0.13,3.78,25.1,13.9,-4.65,-9.25,6.4
703,2860,150.6628517,-34.0247717,8.8,2.3,-0.23,3.77,26.2,14.8,-4.77,-9.36,5.55
704,2864,150.66289,-34.024775,9.6,2.4,-0.21,3.95,26,14.2,-4.97,-9.6,6
705,2868,150.662925,-34.02478,9.1,1.6,-0.2,4.05,26,13.6,-5.12,-9.72,5.35
706,2872,150.66296,-34.0247833,8.6,1.2,-0.16,4.37,26.8,13.9,-5.35,-9.95,4.9
707,2876,150.6629933,-34.0247883,7.9,0.1,-0.14,4.35,26.9,13.4,-5.35,-10.03,4
708,2880,150.6630267,-34.0247933,7.7,0.2,-0.07,4.26,26.2,13.5,-5.25,-9.83,3.95
709,2884,150.6630567,-34.0247983,8.4,1,-0.14,4.2,26,13.1,-5.25,-9.77,4.7
710,2888,150.6630883,-34.0248017,7.3,0.4,-0.02,4.21,25.2,12.4,-5.13,-9.53,3.85
711,2892,150.6631167,-34.024805,6.7,0.4,0,4.15,24.2,11.6,-4.98,-9.26,3.55
712,2896,150.6631433,-34.024805,6.8,0.9,0.02,4.19,24,11.4,-4.92,-9.18,3.85
713,2900,150.66317,-34.0248017,9.4,1.2,-0.31,3.65,22.5,11.4,-4.73,-9.28,5.3
714,2904,150.663195,-34.02479,5.5,1.3,0.29,4.11,24,11.5,-4.85,-8.71,3.4
715,2908,150.6632133,-34.02477,7.4,1.3,0.09,4.37,25.1,12.1,-5.1,-9.22,4.35
716,2912,150.663225,-34.0247467,7.9,1.4,0.06,4.37,26.5,13.4,-5.2,-9.3,4.65
717,2916,150.6632367,-34.0247217,8.1,2.6,-0.02,4.39,27,14.1,-5.45,-9.74,5.35
718,2920,150.663245,-34.0246967,8.8,2.8,-0.03,4.3,27.1,13.8,-5.49,-9.93,5.8
719,2924,150.6632533,-34.02467,8.3,3.6,0.05,4.05,26.9,14.9,-5.26,-9.96,5.95
720,2928,150.6632633,-34.0246417,8.7,5.1,-0.05,3.69,26.1,15,-5.23,-10.22,6.9
721,2932,150.6632733,-34.0246133,10.2,5.9,-0.16,3.46,26.9,15.7,-5.22,-10.51,8.05
722,2936,150.663285,-34.0245833,10,6.5,-0.03,3.38,26.1,16,-5.08,-10.49,8.25
723,2940,150.6632933,-34.0245533,9.3,7,0.01,3.46,25.7,15.4,-5.03,-10.47,8.15
724,2944,150.6633033,-34.0245233,10.2,6.7,-0.21,3.19,25.7,16.3,-4.93,-10.58,8.45
725,2948,150.6633133,-34.0244917,11.8,7.3,-0.36,2.97,25,16.5,-4.71,-10.45,9.55
726,2952,150.6633217,-34.0244617,12,7.4,-0.44,2.6,24,16.1,-4.37,-10.24,9.7
727,2956,150.6633267,-34.02443,12,7.8,-0.38,2.33,22.4,16.2,-4.04,-9.93,9.9
728,2960,150.6633333,-34.0243983,12.3,8.3,-0.45,2.23,21.8,16.4,-3.95,-10.06,10.3
729,2964,150.66334,-34.0243683,12.8,9.1,-0.39,1.85,20.5,16,-3.67,-9.86,10.95
730,2968,150.6633467,-34.0243417,12.4,9.6,-0.34,1.81,19.4,15.5,-3.57,-9.8,11
731,2972,150.66335,-34.02433,12.7,9.6,-0.43,1.65,19.8,16.1,-3.63,-9.93,11.15
732,2976,150.66335,-34.02433,12.7,9.4,-0.42,1.62,20.1,16.2,-3.68,-10.04,11.05
733,2980,150.66335,-34.02433,13.1,9.6,-0.42,1.64,19.9,16.1,-3.69,-10.05,11.35
734,2984,150.66335,-34.02433,13,9.6,-0.42,1.65,20.1,16.1,-3.7,-10.02,11.3
735,2988,150.66335,-34.02433,12.9,9.7,-0.43,1.62,19.8,16.3,-3.7,-10.05,11.3
736,2992,150.66335,-34.02433,12.7,9.6,-0.42,1.65,19.9,16.1,-3.7,-10.06,11.15
737,2996,150.66335,-34.02433,12.7,9.8,-0.42,1.66,20,16.2,-3.7,-10.05,11.25
738,3000,150.66335,-34.02433,12.6,9.8,-0.42,1.63,19.9,16.3,-3.7,-10.04,11.2
739,3004,150.66335,-34.02433,12.5,9.4,-0.42,1.64,20.1,16.6,-3.7,-10.04,10.95
740,3008,150.66335,-34.02433,12.7,9.6,-0.43,1.65,20,16.1,-3.7,-10.04,11.15
741,3012,150.66335,-34.02433,12.6,9.5,-0.42,1.64,20.1,16,-3.7,-10.03,11.05
742,3016,150.66335,-34.02433,12.9,9.6,-0.41,1.65,20.1,16.2,-3.7,-10.07,11.25
743,3020,150.66335,-34.02433,12.8,9.6,-0.42,1.64,20.1,16.1,-3.7,-10.05,11.2
744,3024,150.66335,-34.02433,12.6,10.1,-0.42,1.69,20.1,15.9,-3.7,-10.03,11.35
745,3028,150.66335,-34.02433,12.3,9.7,-0.42,1.64,20.1,16.3,-3.7,-10.04,11
746,3032,150.66335,-34.02433,12.7,9.8,-0.42,1.66,20.2,16.2,-3.7,-10.07,11.25
747,3036,150.66335,-34.02433,12.4,9.6,-0.42,1.66,20.2,16.2,-3.71,-10.08,11
748,3040,150.66335,-34.02433,12.7,10.4,-0.41,1.66,20.2,16.1,-3.71,-10.05,11.55
749,3044,150.66335,-34.02433,12.7,9.5,-0.41,1.66,20.2,16,-3.71,-10.07,11.1
750,3048,150.66335,-34.02433,13,10,-0.42,1.66,20.3,16,-3.71,-10.07,11.5
751,3052,150.66335,-34.02433,12.7,9.9,-0.41,1.67,20.1,16.3,-3.71,-10.04,11.3
752,3056,150.66335,-34.02433,12.7,9.7,-0.42,1.65,20,16.2,-3.71,-10.07,11.2
753,3060,150.66335,-34.02433,12.9,9.7,-0.41,1.67,20.1,16.2,-3.71,-10.08,11.3
754,3064,150.66335,-34.02433,12.9,9.9,-0.42,1.65,20,16.1,-3.71,-10.06,11.4
755,3068,150.66335,-34.0243283,12.8,10,-0.42,1.63,20.2,16.3,-3.71,-10.1,11.4
756,3072,150.6633517,-34.0243183,12.7,10.3,-0.43,1.74,20.4,15.8,-3.78,-10.14,11.5
757,3076,150.663355,-34.0243067,13.2,9.5,-0.44,1.84,20.3,16.4,-3.7,-10.04,11.35
758,3080,150.6633583,-34.024295,13.6,9.4,-0.52,1.7,20.3,16.3,-3.69,-10.19,11.5
759,3084,150.6633617,-34.0242817,13.8,9.3,-0.47,1.75,21.2,16.4,-3.85,-10.32,11.55
760,3088,150.6633633,-34.0242667,13.5,9.3,-0.52,2.01,21.7,16.5,-3.88,-10.23,11.4
761,3092,150.6633667,-34.0242517,13.3,9.1,-0.49,1.89,21.5,16.3,-3.82,-10.26,11.2
762,3096,150.66337,-34.024235,13.7,8.8,-0.55,1.85,21.8,16.6,-3.91,-10.29,11.25
763,3100,150.663375,-34.0242167,13.7,8.3,-0.6,1.89,22.6,16.9,-3.98,-10.35,11
764,3104,150.6633783,-34.0242,12.9,8.2,-0.48,2.02,21.8,16.4,-3.88,-10.14,10.55
765,3108,150.6633833,-34.0241817,12,8,-0.37,2.01,21,15,-3.72,-9.77,10
766,3112,150.6633883,-34.0241617,11.5,6.6,-0.31,1.99,21.6,15.1,-3.68,-9.53,9.05
767,3116,150.6633933,-34.0241417,12.2,6.7,-0.42,1.97,21.1,15.3,-3.71,-9.62,9.45
768,3120,150.6634,-34.0241167,12.3,6.9,-0.4,1.78,21.1,15.6,-3.59,-9.61,9.6
769,3124,150.6634083,-34.0240883,4.4,1.1,-0.33,0.79,98.8,41.6,0.51,-4.38,2.75
770,3128,150.6634167,-34.0240567,-132.8,-99.2,-4.36,-13.49,197.3,-24.8,5.83,-13.56,-116
771,3132,150.6634267,-34.0240217,11.7,8.1,-0.25,1.93,20.1,15.4,-3.32,-8.87,9.9
772,3136,150.6634367,-34.0239833,10.8,6.5,-0.16,2.1,19.5,13.8,-3.31,-8.61,8.65
773,3140,150.663445,-34.023945,10.1,6.3,-0.07,1.99,18.6,13.8,-3.14,-8.27,8.2
774,3144,150.663455,-34.0239033,10.2,6.4,-0.01,2.12,18.6,13.1,-3.15,-8.06,8.3
775,3148,150.663465,-34.0238617,10,5.8,0,2.08,18.4,13.5,-3.12,-8.08,7.9
776,3152,150.6634733,-34.0238167,10.8,6.9,-0.08,1.97,19.3,14.2,-3.25,-8.39,8.85
777,3156,150.6634867,-34.0237733,12.6,7.9,-0.26,1.99,21.3,16.1,-3.53,-9.1,10.25
778,3160,150.6635,-34.02373,14.1,7.7,-0.22,2.34,24.1,18.2,-3.86,-9.61,10.9
779,3164,150.6635167,-34.023685,14.5,8.2,-0.38,2.22,23.7,18.1,-3.89,-9.9,11.35
780,3168,150.6635333,-34.0236417,14.1,8.1,-0.52,2.04,22.5,16.7,-3.79,-9.81,11.1
781,3172,150.6635517,-34.0235967,11.8,6.9,-0.44,1.95,20,14.3,-3.58,-9.26,9.35
782,3176,150.6635683,-34.0235517,10.9,4.6,-0.43,2.43,21.2,13.5,-3.86,-9.27,7.75
783,3180,150.6635833,-34.0235083,9.1,4.1,-0.18,3.14,22.3,12.7,-4.15,-8.89,6.6
784,3184,150.663595,-34.0234633,7.2,3.7,0.28,4.08,24.1,12.9,-4.47,-8.35,5.45
785,3188,150.6636067,-34.0234183,4.7,1.8,0.31,4.52,27.9,12.9,-4.88,-8.4,3.25
786,3192,150.6636167,-34.0233733,7,1.8,0.09,4.39,25.2,11.5,-4.89,-8.45,4.4
787,3196,150.6636283,-34.02333,7.3,2.2,0,4.05,23.7,11.8,-4.54,-8.22,4.75
788,3200,150.66364,-34.0232867,6.5,2.7,0.12,3.93,21.6,10.5,-4.14,-7.48,4.6
789,3204,150.6636483,-34.023245,6.2,2.7,0.33,4.06,20.8,9.7,-3.89,-6.83,4.45
790,3208,150.6636567,-34.0232017,6.6,3.1,0.25,3.65,18.3,9.5,-3.33,-6.08,4.85
791,3212,150.6636667,-34.0231617,6.7,3.2,0.21,3.27,16.8,8.5,-3.05,-5.8,4.95
792,3216,150.6636767,-34.02312,4.3,2.2,0.47,3.14,15,6.6,-2.69,-5.19,3.25
793,3220,150.6636867,-34.0230817,1.6,1.6,0.73,2.89,12.2,5.4,-2.34,-4.74,1.6
794,3224,150.663695,-34.0230467,2,2.1,0.74,2.64,10.8,4.6,-2.02,-4.39,2.05
795,3228,150.6637,-34.023015,2.2,2.5,0.66,2.32,9.5,5.3,-1.73,-4.2,2.35
796,3232,150.66371,-34.0229833,4.5,4.1,0.55,2.05,10.3,6.4,-1.56,-4.14,4.3
797,3236,150.6637183,-34.0229533,6.5,5.2,0.49,1.93,10.1,7.2,-1.41,-4.04,5.85
798,3240,150.6637267,-34.0229233,6.9,8.8,0.48,1.84,8.5,6.1,-1.35,-3.89,7.85
799,3244,150.663735,-34.022895,7.7,10.2,0.31,1.42,6.8,5.6,-1.09,-3.8,8.95
800,3248,150.6637417,-34.022865,7.7,10.7,0.36,1.39,5.5,4.5,-1,-3.65,9.2
801,3252,150.6637483,-34.0228333,7.4,10.9,0.31,1.25,4.8,4,-0.91,-3.59,9.15
802,3256,150.6637533,-34.0228017,7,11.7,0.35,1.28,4.2,3.7,-0.79,-3.5,9.35
803,3260,150.6637567,-34.0227683,7.8,12.5,0.42,1.26,4.2,3.6,-0.78,-3.44,10.15
804,3264,150.6637633,-34.0227333,8.5,15.3,0.5,1.37,4.4,4.2,-0.77,-3.41,11.9
805,3268,150.6637717,-34.0226983,10.2,17.7,0.48,1.34,4.7,4.3,-0.84,-3.53,13.95
806,3272,150.6637817,-34.0226633,10.6,18.8,0.51,1.38,4.3,3.8,-0.83,-3.59,14.7
807,3276,150.6637917,-34.0226267,9.6,18,0.52,1.42,4.4,3.5,-0.82,-3.48,13.8
808,3280,150.6638033,-34.02259,9,15.7,0.45,1.41,5.1,3.8,-0.96,-3.64,12.35
809,3284,150.6638117,-34.0225517,8,13.7,0.48,1.58,5.8,3.8,-1.05,-3.69,10.85
810,3288,150.6638217,-34.0225133,7.5,12.9,0.44,1.42,5.9,4.2,-0.99,-3.69,10.2
811,3292,150.6638317,-34.022475,7.6,11.5,0.45,1.41,6.3,5.4,-1,-3.73,9.55
812,3296,150.6638433,-34.022435,6.4,9.9,0.43,1.34,5.9,4.8,-0.99,-3.89,8.15
813,3300,150.6638533,-34.0223967,5.5,7.8,0.39,1.26,5,3.7,-0.97,-3.97,6.65
814,3304,150.663865,-34.022355,5,6.1,0.32,1.17,4.5,3.5,-0.97,-4.01,5.55
815,3308,150.6638767,-34.022315,4.7,5.2,0.35,1.23,4.5,3.6,-0.94,-4.01,4.95
816,3312,150.6638867,-34.022275,4.2,4.2,0.37,1.16,4,3.5,-0.82,-3.86,4.2
817,3316,150.6638967,-34.0222367,4.5,4.6,0.5,1.22,4.1,4,-0.82,-3.79,4.55
818,3320,150.6639067,-34.0221967,5.2,4.7,0.97,1.92,4.6,4.9,-0.98,-3.3,4.95
819,3324,150.6639133,-34.0221583,4.3,4.9,0.7,1.33,3.2,3.6,-0.59,-3.44,4.6
820,3328,150.6639217,-34.0221217,4.4,4.2,0.52,1.11,2.7,3.4,-0.54,-3.47,4.3
821,3332,150.6639317,-34.0220833,4.7,4.5,0.41,0.94,2.9,4,-0.47,-3.44,4.6
822,3336,150.6639417,-34.0220467,4.7,4.7,0.38,0.92,2.9,4.5,-0.42,-3.37,4.7
823,3340,150.6639483,-34.02201,5.2,5.1,0.34,0.85,3.2,4.5,-0.38,-3.33,5.15
824,3344,150.663955,-34.0219717,4.3,4.5,0.32,0.79,2.6,3.8,-0.37,-3.3,4.4
825,3348,150.6639617,-34.021935,4.4,4.8,0.31,0.84,2.6,4.1,-0.35,-3.27,4.6
826,3352,150.6639717,-34.0218983,4.3,4.4,0.3,0.76,2.3,3.5,-0.33,-3.22,4.35
827,3356,150.6639783,-34.0218617,4,4.6,0.3,0.78,2.2,3.3,-0.37,-3.31,4.3
828,3360,150.663985,-34.0218267,3.8,4.4,0.27,0.74,2,3.7,-0.38,-3.32,4.1
829,3364,150.6639933,-34.0217883,4.2,5,0.3,0.8,2.5,3.9,-0.4,-3.25,4.6
830,3368,150.664005,-34.02175,5,5.7,0.32,0.87,2.9,4.9,-0.34,-3.16,5.35
831,3372,150.664015,-34.0217117,5.2,7.1,0.34,0.87,2.5,4.8,-0.32,-3.13,6.15
832,3376,150.664025,-34.0216717,6.6,8.3,0.33,0.86,3.1,5.7,-0.32,-3.18,7.45
833,3380,150.6640367,-34.0216333,7.8,9.8,0.28,0.79,4,7,-0.35,-3.35,8.8
834,3384,150.6640483,-34.0215933,7.5,9.5,0.35,0.8,3.9,6.5,-0.34,-3.27,8.5
835,3388,150.6640617,-34.0215533,4.2,6.4,0.36,0.83,1.9,3.8,-0.36,-3.28,5.3
836,3392,150.6640783,-34.0215183,3.1,4.9,0.43,0.85,1.3,2.8,-0.34,-3.2,4
837,3396,150.66409,-34.021485,2.7,4.3,0.4,0.91,1.6,2.3,-0.33,-3.16,3.5
838,3400,150.6640917,-34.0214567,6.6,7.7,1.43,4.1,2.9,3.1,-0.49,-3.37,7.15
839,3404,150.664075,-34.0214333,5.4,8.5,1.13,4.95,1.5,2.9,-0.39,-3.13,6.95
840,3408,150.6640483,-34.021415,3.9,4.6,0.36,0.95,2.2,2.7,-0.35,-3.21,4.25
841,3412,150.6640133,-34.0214033,8.3,1,0.25,1.12,9.7,7.5,-0.53,-3.64,4.65
842,3416,150.6639733,-34.0213933,2.3,3.7,0.38,0.87,1,3.2,-0.31,-3.17,3
843,3420,150.6639317,-34.021385,2.1,3.3,0.39,0.87,0.7,1.8,-0.31,-3.17,2.7
844,3424,150.6638867,-34.021375,1.8,3.1,0.38,0.85,0.5,1.6,-0.31,-3.13,2.45
845,3428,150.66384,-34.0213667,1.8,2.2,0.32,0.84,0.5,1.6,-0.32,-3.2,2
846,3432,150.663795,-34.0213567,1.8,2.7,0.32,0.84,0.5,1.4,-0.32,-3.22,2.25
847,3439,150.6637183,-34.0213433,1.9,2.6,0.33,0.86,0.7,1.6,-0.33,-3.2,2.25
848,3443,150.66366,-34.02133,0.8,2,0.34,0.88,1,1.6,-0.33,-3.18,1.4
849,3447,150.6636333,-34.0213333,1.7,2.3,0.34,0.86,0.9,1.8,-0.32,-3.15,2
850,3451,150.6636233,-34.02131,1.6,2.9,0.34,0.85,1,2,-0.34,-3.12,2.25
851,3455,150.6636183,-34.021315,1.4,2.4,0.34,0.86,1,1.8,-0.36,-3.13,1.9
852,3459,150.6636283,-34.0213167,1.9,2.5,0.34,0.86,1,1.9,-0.36,-3.16,2.2
853,3463,150.6636217,-34.0213117,1.5,2.6,0.34,0.87,1.1,1.6,-0.36,-3.17,2.05
854,3467,150.663625,-34.0213117,2.2,2.3,0.34,0.87,1.1,1.8,-0.36,-3.18,2.25
855,3471,150.6636233,-34.0213067,1.6,2.6,0.34,0.85,1.2,1.7,-0.37,-3.16,2.1
856,3475,150.6636183,-34.0213083,1.6,2.5,0.34,0.86,1,1.8,-0.36,-3.19,2.05
