,Latitude,Longitude,Accuracy,Time,ID,S1,S2,S3,S4,S5,S6,S7,S8,S9,S10,S11,S12,S13,S14,S15,S16,S17,S18,S19,S20,S21,S22,S23,S24,S25,S26,S27,S28,S29,S30,S31,S32,S33,S34,S35,S36,S37,S38,S39,S40,S41,S42,S43,S44,S45,S46,S47,S48,S49,S50,S51,S52,S53,S54,S55,S56,S57,S58,S59,S60,S61,S62,S63,S64,AveS1,AveS2,AveS3,AveS4,AveS5,AveS6,AveS7,AveS8,AveS9,AveS10,AveS11,AveS12,AveS13,AveS14,AveS15,AveS16,AveS17,AveS18,AveS19,AveS20,AveS21,AveS22,AveS23,AveS24,AveS25,AveS26,AveS27,AveS28,AveS29,AveS30,AveS31,AveS32,AveS33,AveS34,AveS35,AveS36,AveS37,AveS38,AveS39,AveS40,AveS41,AveS42,AveS43,AveS44,AveS45,AveS46,AveS47,AveS48,AveS49,AveS50,AveS51,AveS52,AveS53,AveS54,AveS55,AveS56,AveS57,AveS58,AveS59,AveS60,AveS61,AveS62,AveS63,AveS64,S6S22,S7S23,S38S54
571,-34.02490565,150.66257514,3,132411,655,1.33,1.68,2.11,2.55,3.01,3.3,3.68,3.84,4.02,4.2,4.38,4.4,4.36,4.46,4.48,4.48,4.45,4.29,4.04,3.82,3.44,3.15,2.67,2.42,2.01,1.64,1.23,0.81,0.26,-0.24,-0.73,-1.14,-1.48,-2.02,-2.39,-2.72,-3.04,-3.52,-3.78,-4.03,-4.25,-4.47,-4.57,-4.63,-4.66,-4.62,-4.5,-4.46,-4.37,-4.17,-3.98,-3.78,-3.49,-3.04,-2.66,-2.21,-1.74,-1.2,-0.86,-0.4,-0.03,0.28,0.59,0.95,1.414,1.81,2.179,2.572,2.974,3.314,3.635,3.917,4.174,4.38,4.517,4.617,4.657,4.636,4.641,4.58,4.496,4.342,4.144,3.918,3.587,3.272,2.915,2.527,2.117,1.715,1.283,0.873,0.404,-0.021,-0.526,-1.021,-1.541,-2.06,-2.502,-2.909,-3.241,-3.566,-3.811,-4.03,-4.24,-4.451,-4.589,-4.715,-4.801,-4.821,-4.756,-4.644,-4.447,-4.229,-3.979,-3.681,-3.433,-3.11,-2.789,-2.421,-1.988,-1.545,-1.103,-0.644,-0.205,0.216,0.618,1.038,6.586,6.55,6.676
572,-34.02492987,150.66257107,3,132412,656,1.9,2.3,2.47,2.53,2.78,2.97,3.23,3.73,4.28,4.55,4.94,5.07,5.01,4.7,4.6,4.34,4.21,4.09,4.07,4.14,3.98,3.73,3.34,2.68,2.06,1.4,0.79,0.31,-0.04,-0.13,-0.41,-0.57,-1.03,-1.54,-2.32,-2.98,-3.52,-3.92,-4.09,-4.1,-4.04,-4.12,-4.13,-4.28,-4.47,-4.84,-4.98,-5.11,-4.91,-4.7,-4.28,-3.71,-3.37,-2.87,-2.58,-2.35,-2.1,-1.88,-1.6,-1.15,-0.69,0.05,0.7,1.37,1.423,1.836,2.199,2.594,2.995,3.342,3.643,3.941,4.198,4.405,4.535,4.646,4.707,4.675,4.683,4.609,4.514,4.354,4.162,3.932,3.606,3.289,2.949,2.55,2.134,1.734,1.293,0.877,0.406,-0.021,-0.54,-1.042,-1.573,-2.077,-2.523,-2.933,-3.255,-3.555,-3.803,-4.024,-4.229,-4.444,-4.586,-4.716,-4.808,-4.842,-4.784,-4.675,-4.481,-4.262,-4.005,-3.696,-3.449,-3.129,-2.806,-2.45,-2.024,-1.588,-1.137,-0.677,-0.238,0.213,0.626,1.047,6.631,6.592,6.684
573,-34.0249541,150.6625663,3,132413,657,1.18,1.58,2.06,2.6,3.09,3.57,3.99,4.19,4.31,4.31,4.32,4.29,4.35,4.41,4.62,4.62,4.67,4.48,4.18,3.8,3.32,2.94,2.57,2.34,2.11,1.89,1.56,1.24,0.65,0.01,-0.72,-1.4,-1.95,-2.43,-2.73,-2.88,-3.1,-3.32,-3.53,-3.91,-4.31,-4.76,-4.97,-5.18,-5.22,-5.07,-4.84,-4.52,-4.17,-3.93,-3.76,-3.64,-3.55,-3.37,-3.04,-2.48,-1.78,-1.07,-0.41,0.16,0.46,0.68,0.83,0.97,1.368,1.79,2.173,2.603,3.007,3.366,3.667,3.947,4.178,4.381,4.489,4.606,4.684,4.687,4.701,4.641,4.541,4.375,4.164,3.913,3.58,3.279,2.957,2.589,2.187,1.799,1.349,0.911,0.417,-0.058,-0.583,-1.102,-1.612,-2.1,-2.506,-2.894,-3.211,-3.516,-3.789,-4.035,-4.271,-4.492,-4.638,-4.751,-4.827,-4.831,-4.757,-4.638,-4.453,-4.242,-3.992,-3.699,-3.436,-3.137,-2.797,-2.437,-2.012,-1.569,-1.12,-0.664,-0.23,0.193,0.587,0.993,6.645,6.624,6.653
574,-34.02497823,150.66256107,3,132414,658,1.3,1.79,2.15,2.68,3.17,3.6,3.93,4.06,4.18,4.32,4.42,4.56,4.65,4.74,4.76,4.77,4.71,4.45,4.22,3.96,3.56,3.2,2.85,2.45,2.07,1.74,1.33,0.88,0.35,-0.13,-0.71,-1.18,-1.71,-2.14,-2.55,-2.88,-3.1,-3.41,-3.66,-3.83,-4.15,-4.54,-4.75,-4.88,-4.91,-4.83,-4.66,-4.46,-4.18,-4.07,-3.86,-3.69,-3.62,-3.44,-3.16,-2.71,-2.22,-1.66,-1.12,-0.58,-0.12,0.22,0.57,1.02,1.376,1.799,2.182,2.605,3.001,3.341,3.625,3.91,4.144,4.365,4.491,4.632,4.714,4.726,4.724,4.659,4.533,4.357,4.155,3.92,3.616,3.325,3.02,2.637,2.231,1.838,1.374,0.906,0.41,-0.072,-0.59,-1.097,-1.597,-2.08,-2.494,-2.898,-3.226,-3.533,-3.83,-4.066,-4.293,-4.492,-4.632,-4.719,-4.802,-4.8,-4.735,-4.629,-4.464,-4.249,-3.984,-3.693,-3.415,-3.093,-2.748,-2.411,-2.009,-1.602,-1.19,-0.758,-0.31,0.119,0.539,0.978,6.666,6.645,6.626
575,-34.02500206,150.66255563,3,132415,659,1.09,1.63,2.13,2.61,3.1,3.39,3.52,3.84,3.94,4.2,4.29,4.51,4.7,4.83,4.96,4.98,4.72,4.47,4.1,3.77,3.38,3.11,3.05,2.8,2.62,2.22,1.8,1.2,0.46,-0.09,-0.74,-1.4,-1.85,-2.22,-2.45,-2.71,-3.06,-3.34,-3.73,-4.05,-4.44,-4.62,-4.78,-4.84,-4.9,-4.78,-4.7,-4.6,-4.49,-4.34,-4.04,-3.84,-3.45,-3.11,-2.58,-2.3,-1.75,-1.4,-0.98,-0.75,-0.39,-0.1,0.23,0.62,1.408,1.819,2.211,2.605,2.987,3.306,3.589,3.889,4.143,4.379,4.516,4.646,4.724,4.72,4.715,4.632,4.501,4.328,4.134,3.91,3.619,3.344,3.029,2.643,2.22,1.814,1.328,0.864,0.376,-0.091,-0.577,-1.068,-1.548,-2.036,-2.449,-2.859,-3.215,-3.531,-3.834,-4.082,-4.289,-4.478,-4.603,-4.697,-4.784,-4.798,-4.735,-4.654,-4.503,-4.273,-4.001,-3.695,-3.391,-3.055,-2.71,-2.386,-2.002,-1.611,-1.216,-0.783,-0.333,0.113,0.551,0.996,6.65,6.618,6.586
576,-34.02502646,150.66255086,3,132416,660,1.87,2.17,2.42,2.69,2.86,3.05,3.35,3.72,4.13,4.53,4.76,4.87,4.99,4.81,4.64,4.43,4.27,4.07,3.97,3.81,3.66,3.4,3.1,2.6,2.05,1.44,0.95,0.53,0.24,-0.05,-0.39,-0.7,-1.22,-1.74,-2.31,-2.82,-3.32,-3.66,-3.95,-4.11,-4.27,-4.32,-4.48,-4.52,-4.65,-4.74,-4.88,-4.92,-4.79,-4.56,-4.25,-3.81,-3.42,-2.99,-2.62,-2.25,-2.01,-1.76,-1.38,-0.97,-0.42,0.17,0.86,1.43,1.43,1.828,2.215,2.606,2.988,3.313,3.607,3.907,4.172,4.403,4.544,4.654,4.721,4.703,4.696,4.599,4.488,4.325,4.143,3.931,3.64,3.367,3.023,2.638,2.194,1.787,1.298,0.847,0.377,-0.09,-0.575,-1.049,-1.538,-2.029,-2.462,-2.878,-3.234,-3.563,-3.856,-4.104,-4.292,-4.49,-4.605,-4.691,-4.773,-4.793,-4.718,-4.648,-4.496,-4.267,-4.001,-3.692,-3.398,-3.053,-2.722,-2.39,-2.018,-1.62,-1.226,-0.771,-0.319,0.14,0.58,1.027,6.68,6.63,6.616
577,-34.02505038,150.66254744,3,132417,661,1.09,1.47,1.93,2.47,3.01,3.43,3.76,4.05,4.24,4.41,4.48,4.56,4.6,4.6,4.66,4.74,4.71,4.62,4.46,4.08,3.73,3.25,2.78,2.33,1.99,1.67,1.35,1.01,0.5,0,-0.53,-1.14,-1.78,-2.28,-2.72,-3,-3.21,-3.29,-3.44,-3.63,-3.92,-4.18,-4.47,-4.73,-4.9,-4.84,-4.78,-4.57,-4.31,-4.08,-3.78,-3.63,-3.47,-3.29,-3.05,-2.74,-2.26,-1.79,-1.19,-0.69,-0.27,0.04,0.35,0.68,1.361,1.785,2.193,2.609,3.024,3.364,3.655,3.928,4.169,4.378,4.511,4.619,4.686,4.694,4.702,4.621,4.509,4.34,4.143,3.914,3.604,3.328,2.991,2.635,2.221,1.851,1.375,0.919,0.423,-0.074,-0.583,-1.08,-1.576,-2.065,-2.482,-2.889,-3.23,-3.568,-3.862,-4.134,-4.331,-4.552,-4.65,-4.733,-4.784,-4.779,-4.675,-4.592,-4.45,-4.239,-4.006,-3.72,-3.438,-3.092,-2.743,-2.378,-1.977,-1.539,-1.145,-0.692,-0.272,0.15,0.543,0.963,6.692,6.646,6.66
578,-34.02507475,150.66254287,3,132418,662,1.7,1.94,2.08,2.33,2.65,3.01,3.45,3.85,4.23,4.52,4.66,4.77,4.72,4.61,4.47,4.35,4.38,4.31,4.15,3.97,3.6,3.24,2.74,2.26,1.75,1.33,0.96,0.78,0.56,0.28,-0.13,-0.67,-1.29,-2.08,-2.65,-3.22,-3.54,-3.9,-4.02,-4.16,-4.21,-4.3,-4.34,-4.5,-4.6,-4.72,-4.66,-4.5,-4.38,-4.1,-3.9,-3.49,-3.23,-3.01,-2.8,-2.54,-2.16,-1.75,-1.34,-0.75,-0.15,0.45,0.99,1.45,1.405,1.832,2.237,2.624,3.018,3.339,3.619,3.891,4.146,4.367,4.523,4.647,4.722,4.729,4.72,4.609,4.478,4.297,4.097,3.897,3.602,3.351,3.04,2.688,2.258,1.865,1.364,0.889,0.39,-0.096,-0.592,-1.067,-1.528,-2.008,-2.423,-2.863,-3.236,-3.612,-3.93,-4.207,-4.388,-4.591,-4.661,-4.717,-4.752,-4.759,-4.657,-4.586,-4.459,-4.254,-4.026,-3.728,-3.43,-3.069,-2.711,-2.342,-1.954,-1.543,-1.166,-0.722,-0.299,0.145,0.558,1.003,6.69,6.659,6.681
579,-34.02509939,150.6625375,3,132419,663,1.37,1.68,2.1,2.5,2.99,3.39,3.82,4.07,4.26,4.39,4.38,4.45,4.45,4.49,4.58,4.63,4.54,4.46,4.2,3.92,3.53,3.24,2.88,2.58,2.17,1.9,1.44,1.03,0.53,0.01,-0.52,-1.07,-1.64,-2.18,-2.51,-2.94,-3.2,-3.52,-3.85,-4.13,-4.34,-4.59,-4.73,-4.81,-4.83,-4.85,-4.68,-4.45,-4.18,-3.92,-3.77,-3.53,-3.42,-3.15,-2.95,-2.62,-2.24,-1.66,-1.1,-0.57,-0.04,0.4,0.67,1.04,1.408,1.847,2.269,2.648,3.026,3.332,3.597,3.864,4.133,4.36,4.535,4.661,4.751,4.755,4.737,4.609,4.458,4.273,4.074,3.897,3.624,3.389,3.093,2.754,2.315,1.91,1.372,0.873,0.343,-0.157,-0.654,-1.108,-1.555,-1.998,-2.407,-2.847,-3.234,-3.621,-3.949,-4.237,-4.406,-4.603,-4.654,-4.689,-4.71,-4.714,-4.626,-4.581,-4.464,-4.276,-4.044,-3.752,-3.436,-3.057,-2.696,-2.317,-1.949,-1.545,-1.185,-0.748,-0.337,0.104,0.523,0.98,6.721,6.69,6.678
580,-34.02515504,150.66252483,3,132421,665,1.31,1.86,2.34,2.76,3.08,3.43,3.62,3.82,4.15,4.37,4.54,4.69,4.74,4.71,4.64,4.46,4.3,4.18,4.05,3.91,3.67,3.46,3.17,2.81,2.34,1.92,1.42,0.94,0.53,0.13,-0.38,-0.94,-1.46,-1.97,-2.39,-2.94,-3.32,-3.78,-4.06,-4.35,-4.47,-4.61,-4.67,-4.78,-4.87,-4.92,-4.88,-4.85,-4.69,-4.42,-4.17,-3.69,-3.31,-2.83,-2.45,-2.01,-1.62,-1.28,-1.05,-0.74,-0.4,-0.03,0.39,0.85,1.438,1.869,2.274,2.642,3.012,3.32,3.589,3.868,4.148,4.387,4.569,4.688,4.768,4.762,4.735,4.604,4.452,4.266,4.091,3.924,3.664,3.422,3.104,2.743,2.288,1.853,1.322,0.822,0.315,-0.168,-0.653,-1.092,-1.532,-1.98,-2.409,-2.853,-3.265,-3.652,-3.964,-4.241,-4.408,-4.588,-4.642,-4.68,-4.713,-4.716,-4.641,-4.596,-4.481,-4.285,-4.033,-3.746,-3.425,-3.059,-2.703,-2.327,-1.965,-1.574,-1.209,-0.757,-0.331,0.125,0.563,1.018,6.742,6.693,6.711
581,-34.02518273,150.66251775,3,132422,666,1.42,1.94,2.31,2.77,3.22,3.58,3.76,4.08,4.26,4.45,4.56,4.69,4.86,4.85,4.9,4.77,4.63,4.41,4.22,3.96,3.63,3.32,3.01,2.65,2.18,1.83,1.33,0.85,0.28,-0.24,-0.87,-1.35,-1.8,-2.19,-2.6,-2.96,-3.18,-3.41,-3.7,-3.97,-4.14,-4.4,-4.54,-4.64,-4.73,-4.83,-4.78,-4.77,-4.71,-4.5,-4.24,-3.93,-3.65,-3.23,-2.83,-2.5,-2.1,-1.63,-1.2,-0.73,-0.36,0.25,0.67,1.04,1.462,1.867,2.267,2.62,3.003,3.319,3.6,3.899,4.165,4.398,4.575,4.686,4.759,4.757,4.728,4.618,4.48,4.29,4.107,3.931,3.651,3.395,3.069,2.699,2.267,1.837,1.323,0.828,0.314,-0.187,-0.673,-1.12,-1.556,-2.009,-2.439,-2.874,-3.276,-3.656,-3.964,-4.23,-4.408,-4.586,-4.646,-4.677,-4.716,-4.709,-4.638,-4.578,-4.476,-4.276,-4.018,-3.748,-3.43,-3.068,-2.715,-2.339,-1.976,-1.581,-1.195,-0.732,-0.284,0.178,0.614,1.05,6.714,6.669,6.724
582,-34.02521053,150.6625102,3,132423,668,1.35,1.84,2.21,2.62,2.9,3.21,3.47,3.79,4.08,4.31,4.48,4.67,4.78,4.82,4.78,4.66,4.48,4.3,4.09,3.95,3.72,3.63,3.42,3.07,2.59,2.05,1.35,0.65,0.07,-0.5,-0.84,-1.17,-1.42,-1.77,-2.15,-2.59,-3.08,-3.53,-3.95,-4.21,-4.46,-4.6,-4.65,-4.63,-4.66,-4.73,-4.71,-4.74,-4.63,-4.5,-4.15,-3.74,-3.24,-2.95,-2.49,-2.22,-1.98,-1.69,-1.43,-1.02,-0.61,-0.15,0.31,0.83,1.485,1.891,2.293,2.627,2.991,3.287,3.571,3.869,4.144,4.397,4.596,4.717,4.795,4.79,4.739,4.611,4.455,4.273,4.087,3.916,3.659,3.421,3.106,2.738,2.313,1.859,1.328,0.811,0.299,-0.205,-0.673,-1.111,-1.528,-1.978,-2.398,-2.837,-3.262,-3.681,-4.001,-4.281,-4.456,-4.623,-4.661,-4.676,-4.706,-4.689,-4.63,-4.58,-4.497,-4.317,-4.054,-3.775,-3.441,-3.06,-2.695,-2.308,-1.944,-1.57,-1.201,-0.762,-0.307,0.142,0.589,1.055,6.708,6.677,6.741
583,-34.02523823,150.66250262,3,132424,669,1.26,1.67,2.15,2.62,3.03,3.32,3.57,3.82,3.97,4.15,4.34,4.55,4.65,4.8,4.85,4.8,4.59,4.3,4.09,3.87,3.68,3.4,3.2,2.82,2.55,2.28,1.81,1.19,0.58,-0.13,-0.79,-1.35,-1.8,-2.23,-2.61,-2.92,-3.25,-3.49,-3.94,-4.22,-4.53,-4.76,-4.91,-4.86,-4.97,-4.76,-4.62,-4.43,-4.28,-4,-3.68,-3.58,-3.34,-2.93,-2.55,-2.22,-1.75,-1.4,-1.11,-0.78,-0.34,-0.06,0.35,0.82,1.478,1.889,2.292,2.623,2.998,3.291,3.585,3.888,4.168,4.426,4.632,4.741,4.81,4.791,4.731,4.604,4.455,4.274,4.096,3.928,3.671,3.423,3.092,2.722,2.296,1.843,1.323,0.827,0.321,-0.179,-0.668,-1.113,-1.554,-2.014,-2.449,-2.869,-3.282,-3.68,-3.994,-4.27,-4.428,-4.605,-4.641,-4.673,-4.713,-4.7,-4.649,-4.593,-4.51,-4.328,-4.07,-3.797,-3.473,-3.081,-2.714,-2.309,-1.918,-1.534,-1.163,-0.729,-0.287,0.157,0.593,1.055,6.714,6.677,6.761
584,-34.02526592,150.66249566,3,132425,670,1.62,1.99,2.44,2.68,3.03,3.25,3.57,3.85,4.17,4.46,4.67,4.7,4.75,4.68,4.67,4.5,4.39,4.16,4.01,3.86,3.59,3.39,2.94,2.51,1.96,1.5,0.87,0.46,0.01,-0.32,-0.58,-0.89,-1.22,-1.7,-2.1,-2.49,-2.99,-3.39,-3.7,-3.99,-4.11,-4.4,-4.46,-4.66,-4.73,-4.81,-4.66,-4.71,-4.57,-4.31,-4.03,-3.71,-3.38,-3.06,-2.78,-2.46,-2.15,-1.75,-1.38,-0.83,-0.35,0.16,0.69,1.2,1.533,1.95,2.338,2.643,2.994,3.273,3.564,3.863,4.167,4.447,4.675,4.793,4.871,4.83,4.741,4.587,4.425,4.249,4.068,3.917,3.669,3.43,3.098,2.729,2.267,1.776,1.236,0.742,0.24,-0.222,-0.669,-1.083,-1.504,-1.954,-2.394,-2.839,-3.273,-3.711,-4.029,-4.31,-4.444,-4.592,-4.597,-4.621,-4.641,-4.662,-4.642,-4.617,-4.551,-4.376,-4.124,-3.816,-3.481,-3.074,-2.709,-2.293,-1.923,-1.553,-1.189,-0.751,-0.318,0.156,0.618,1.094,6.703,6.662,6.785
585,-34.02529372,150.6624883,3,132426,671,1.31,1.72,2.17,2.62,3.11,3.46,3.7,4.02,4.23,4.44,4.57,4.59,4.67,4.66,4.77,4.65,4.59,4.44,4.19,3.98,3.59,3.34,2.99,2.75,2.36,1.95,1.5,1.03,0.47,-0.08,-0.72,-1.21,-1.75,-2.15,-2.58,-2.9,-3.25,-3.66,-3.95,-4.27,-4.47,-4.74,-4.8,-4.78,-4.79,-4.73,-4.53,-4.54,-4.42,-4.28,-4.04,-3.81,-3.52,-3.09,-2.7,-2.34,-1.91,-1.49,-1.08,-0.63,-0.25,0.17,0.52,0.93,1.485,1.903,2.293,2.633,3.002,3.325,3.633,3.943,4.224,4.471,4.677,4.774,4.842,4.814,4.743,4.625,4.487,4.318,4.139,3.951,3.678,3.399,3.058,2.683,2.249,1.775,1.275,0.802,0.309,-0.176,-0.672,-1.134,-1.6,-2.053,-2.497,-2.906,-3.288,-3.684,-3.975,-4.241,-4.401,-4.561,-4.602,-4.646,-4.678,-4.694,-4.676,-4.627,-4.551,-4.382,-4.135,-3.85,-3.524,-3.116,-2.755,-2.327,-1.926,-1.536,-1.152,-0.704,-0.27,0.182,0.613,1.058,6.724,6.691,6.8
586,-34.02532179,150.66248029,3,132427,672,1.18,1.74,2.2,2.72,3.22,3.56,3.83,3.93,4.1,4.28,4.43,4.52,4.64,4.72,4.7,4.65,4.48,4.22,3.97,3.64,3.3,3.01,2.78,2.57,2.32,2.08,1.72,1.25,0.7,0.11,-0.47,-1.01,-1.6,-2.1,-2.51,-2.93,-3.28,-3.71,-4.01,-4.41,-4.66,-4.94,-4.93,-4.94,-4.76,-4.6,-4.45,-4.36,-4.33,-4.28,-4.3,-4.09,-3.82,-3.38,-2.83,-2.13,-1.6,-0.95,-0.57,-0.18,0.05,0.27,0.49,0.79,1.496,1.908,2.286,2.619,2.974,3.304,3.625,3.936,4.224,4.479,4.684,4.783,4.844,4.824,4.733,4.612,4.477,4.309,4.132,3.94,3.683,3.395,3.058,2.673,2.237,1.759,1.267,0.806,0.328,-0.153,-0.649,-1.122,-1.598,-2.07,-2.521,-2.932,-3.319,-3.692,-3.964,-4.215,-4.369,-4.518,-4.576,-4.644,-4.685,-4.709,-4.713,-4.65,-4.56,-4.37,-4.124,-3.833,-3.512,-3.133,-2.776,-2.349,-1.951,-1.55,-1.16,-0.702,-0.252,0.21,0.641,1.082,6.699,6.683,6.825
587,-34.02535054,150.66247203,3,132428,673,1.53,1.94,2.37,2.62,2.95,3.18,3.4,3.68,4.01,4.3,4.6,4.84,4.96,4.95,4.84,4.62,4.4,4.19,4,3.91,3.71,3.48,3.27,2.86,2.36,1.81,1.24,0.71,0.17,-0.22,-0.62,-1.01,-1.3,-1.71,-2.13,-2.74,-3.27,-3.73,-4.12,-4.36,-4.49,-4.57,-4.58,-4.57,-4.58,-4.64,-4.6,-4.51,-4.4,-4.23,-3.98,-3.71,-3.39,-3.06,-2.73,-2.38,-2.03,-1.83,-1.4,-0.99,-0.54,-0.01,0.5,1.08,1.538,1.946,2.306,2.628,2.972,3.288,3.604,3.934,4.232,4.507,4.725,4.832,4.888,4.86,4.758,4.622,4.481,4.32,4.15,3.969,3.727,3.456,3.115,2.714,2.259,1.755,1.236,0.768,0.291,-0.186,-0.671,-1.131,-1.599,-2.055,-2.513,-2.934,-3.34,-3.718,-3.997,-4.236,-4.381,-4.511,-4.558,-4.618,-4.677,-4.716,-4.733,-4.692,-4.597,-4.392,-4.125,-3.822,-3.486,-3.099,-2.749,-2.359,-1.976,-1.617,-1.237,-0.782,-0.311,0.18,0.637,1.109,6.744,6.719,6.817
588,-34.02537949,150.66246471,3,132429,674,1.73,2.09,2.4,2.57,2.73,2.94,3.23,3.58,4.1,4.45,4.78,4.91,5.01,4.87,4.64,4.35,4.18,4.07,3.92,3.97,3.82,3.62,3.27,2.92,2.32,1.78,1.04,0.62,0.09,-0.33,-0.75,-1.08,-1.56,-1.98,-2.49,-3.06,-3.52,-3.99,-4.21,-4.46,-4.39,-4.42,-4.27,-4.22,-4.18,-4.27,-4.35,-4.45,-4.43,-4.32,-4.08,-3.73,-3.29,-2.89,-2.65,-2.29,-2.11,-1.77,-1.53,-1.01,-0.53,0.04,0.64,1.22,1.555,1.975,2.318,2.643,2.96,3.268,3.59,3.92,4.224,4.518,4.749,4.866,4.927,4.884,4.77,4.615,4.467,4.307,4.14,3.961,3.736,3.472,3.129,2.739,2.285,1.764,1.238,0.771,0.296,-0.174,-0.651,-1.083,-1.558,-2.007,-2.479,-2.893,-3.32,-3.714,-4.006,-4.257,-4.407,-4.529,-4.571,-4.622,-4.675,-4.721,-4.748,-4.737,-4.654,-4.463,-4.199,-3.877,-3.522,-3.102,-2.732,-2.336,-1.959,-1.599,-1.248,-0.8,-0.336,0.169,0.641,1.123,6.74,6.719,6.816
589,-34.02540858,150.66245737,3,132430,675,1.67,1.9,2.15,2.44,2.85,3.27,3.74,4.11,4.41,4.66,4.72,4.72,4.62,4.56,4.56,4.58,4.48,4.39,4.37,4.19,3.93,3.57,2.99,2.47,1.9,1.33,0.94,0.52,0.25,-0.1,-0.51,-0.91,-1.41,-2,-2.53,-3,-3.51,-3.83,-4,-4.17,-4.36,-4.44,-4.61,-4.72,-4.86,-4.87,-4.83,-4.6,-4.35,-4.01,-3.66,-3.47,-3.31,-3.17,-3.02,-2.72,-2.4,-1.95,-1.34,-0.66,0.02,0.61,1.07,1.42,1.536,1.966,2.32,2.662,2.98,3.302,3.617,3.945,4.223,4.513,4.739,4.866,4.928,4.895,4.798,4.646,4.491,4.315,4.137,3.939,3.721,3.452,3.112,2.727,2.291,1.768,1.258,0.784,0.313,-0.16,-0.638,-1.066,-1.534,-1.991,-2.46,-2.862,-3.3,-3.682,-3.995,-4.249,-4.426,-4.554,-4.613,-4.667,-4.721,-4.756,-4.775,-4.759,-4.677,-4.487,-4.228,-3.919,-3.564,-3.134,-2.732,-2.323,-1.914,-1.558,-1.198,-0.777,-0.331,0.161,0.617,1.095,6.754,6.729,6.816
590,-34.02543802,150.66244993,3,132431,676,1.55,1.84,2.27,2.54,2.99,3.42,3.73,4.13,4.32,4.48,4.6,4.67,4.65,4.66,4.57,4.6,4.58,4.42,4.21,3.98,3.54,3.19,2.82,2.37,2.13,1.76,1.43,1,0.52,-0.06,-0.58,-1.22,-1.7,-2.26,-2.69,-3.15,-3.43,-3.82,-4.06,-4.24,-4.47,-4.59,-4.71,-4.75,-4.9,-4.85,-4.85,-4.67,-4.64,-4.33,-4.02,-3.71,-3.36,-2.92,-2.57,-2.13,-1.73,-1.35,-0.91,-0.49,0.07,0.5,0.9,1.17,1.521,1.961,2.324,2.667,2.986,3.301,3.605,3.931,4.203,4.487,4.721,4.858,4.934,4.907,4.803,4.662,4.505,4.324,4.125,3.922,3.69,3.429,3.111,2.749,2.334,1.829,1.315,0.829,0.33,-0.157,-0.65,-1.086,-1.543,-1.981,-2.44,-2.836,-3.259,-3.65,-3.976,-4.246,-4.415,-4.553,-4.62,-4.675,-4.729,-4.77,-4.793,-4.791,-4.717,-4.536,-4.275,-3.94,-3.564,-3.121,-2.695,-2.296,-1.891,-1.541,-1.202,-0.797,-0.367,0.123,0.573,1.066,6.73,6.716,6.771
591,-34.0254677,150.66244213,3,132432,678,1.65,2.18,2.57,2.84,3.1,3.26,3.47,3.78,4.05,4.44,4.77,5,5.22,5.18,5.01,4.7,4.38,4.24,4.02,3.81,3.71,3.58,3.38,3.04,2.64,2.05,1.38,0.68,0.13,-0.42,-0.87,-1.26,-1.52,-1.88,-2.19,-2.59,-3.04,-3.66,-4.07,-4.48,-4.62,-4.77,-4.69,-4.63,-4.63,-4.63,-4.7,-4.79,-4.92,-4.91,-4.6,-4.2,-3.76,-3.15,-2.63,-2.19,-1.78,-1.52,-1.26,-1.03,-0.59,-0.11,0.42,1.09,1.527,1.965,2.314,2.666,2.973,3.276,3.583,3.91,4.199,4.494,4.725,4.867,4.937,4.905,4.799,4.637,4.461,4.289,4.094,3.902,3.705,3.455,3.139,2.784,2.344,1.821,1.282,0.79,0.293,-0.172,-0.653,-1.067,-1.519,-1.951,-2.414,-2.803,-3.24,-3.635,-3.953,-4.23,-4.386,-4.514,-4.576,-4.639,-4.69,-4.746,-4.766,-4.779,-4.705,-4.526,-4.279,-3.945,-3.579,-3.144,-2.727,-2.333,-1.929,-1.569,-1.24,-0.829,-0.389,0.101,0.559,1.074,6.731,6.722,6.779
592,-34.02549741,150.66243446,3,132433,679,1.28,1.82,2.2,2.58,2.97,3.25,3.61,3.98,4.32,4.6,4.84,4.91,4.93,4.83,4.7,4.59,4.48,4.31,4.18,4.07,3.84,3.65,3.28,2.91,2.42,1.89,1.3,0.81,0.29,-0.24,-0.79,-1.19,-1.68,-2.13,-2.66,-2.91,-3.28,-3.52,-3.88,-4.1,-4.18,-4.42,-4.45,-4.6,-4.73,-4.84,-4.9,-4.87,-4.76,-4.61,-4.31,-3.96,-3.56,-3.16,-2.68,-2.23,-1.72,-1.33,-1.05,-0.69,-0.41,0,0.35,0.83,1.526,1.942,2.263,2.615,2.923,3.258,3.596,3.931,4.232,4.519,4.725,4.845,4.884,4.837,4.742,4.605,4.458,4.302,4.127,3.947,3.752,3.467,3.11,2.728,2.272,1.75,1.243,0.797,0.318,-0.108,-0.59,-1.017,-1.502,-1.972,-2.467,-2.869,-3.317,-3.666,-3.949,-4.178,-4.321,-4.429,-4.514,-4.605,-4.679,-4.756,-4.786,-4.792,-4.675,-4.471,-4.203,-3.879,-3.513,-3.124,-2.747,-2.381,-1.989,-1.628,-1.267,-0.824,-0.358,0.142,0.604,1.088,6.725,6.706,6.79
593,-34.02552746,150.66242636,3,132434,680,1.81,2.28,2.61,2.82,2.99,3.14,3.36,3.57,3.96,4.36,4.77,5.07,5.26,5.19,4.95,4.63,4.29,4.05,3.81,3.76,3.66,3.47,3.26,2.89,2.26,1.61,0.94,0.34,-0.23,-0.56,-0.8,-1.05,-1.3,-1.63,-2.06,-2.62,-3.16,-3.8,-4.29,-4.62,-4.69,-4.63,-4.47,-4.34,-4.25,-4.38,-4.55,-4.67,-4.69,-4.48,-4.22,-3.77,-3.42,-2.86,-2.5,-2.06,-1.8,-1.59,-1.37,-1,-0.65,-0.07,0.6,1.21,1.557,1.966,2.28,2.622,2.923,3.258,3.605,3.937,4.253,4.54,4.74,4.868,4.91,4.849,4.76,4.625,4.487,4.33,4.154,3.971,3.791,3.488,3.136,2.741,2.288,1.762,1.265,0.814,0.329,-0.095,-0.566,-0.992,-1.475,-1.955,-2.457,-2.891,-3.349,-3.713,-3.987,-4.219,-4.365,-4.459,-4.546,-4.628,-4.698,-4.776,-4.811,-4.822,-4.699,-4.48,-4.208,-3.879,-3.504,-3.127,-2.756,-2.404,-2.034,-1.689,-1.326,-0.874,-0.406,0.116,0.61,1.114,6.746,6.741,6.84
594,-34.0255579,150.66241793,3,132435,681,1.14,1.52,1.99,2.58,3.11,3.77,4.26,4.65,4.74,4.7,4.69,4.51,4.46,4.52,4.69,4.88,5.01,4.85,4.72,4.2,3.68,3.08,2.54,2.05,1.78,1.49,1.26,1.06,0.7,0.14,-0.61,-1.4,-2.18,-2.69,-3.13,-3.16,-3.14,-3.12,-3.16,-3.3,-3.68,-4.09,-4.51,-4.91,-5.1,-5.13,-5,-4.81,-4.57,-4.37,-4.14,-4.05,-3.81,-3.48,-3.24,-2.8,-2.18,-1.58,-1.01,-0.36,0.13,0.42,0.64,0.84,1.496,1.889,2.211,2.57,2.906,3.273,3.645,3.987,4.286,4.542,4.706,4.798,4.823,4.78,4.725,4.627,4.532,4.396,4.228,4.03,3.825,3.5,3.126,2.728,2.302,1.803,1.344,0.914,0.445,-0.003,-0.522,-0.993,-1.525,-2.034,-2.546,-2.962,-3.376,-3.696,-3.921,-4.146,-4.309,-4.445,-4.592,-4.711,-4.807,-4.87,-4.86,-4.824,-4.657,-4.417,-4.141,-3.82,-3.461,-3.128,-2.781,-2.448,-2.079,-1.713,-1.323,-0.859,-0.364,0.144,0.605,1.088,6.773,6.771,6.824
595,-34.02558837,150.66240958,3,132436,682,1.42,1.77,2.1,2.48,2.83,3.25,3.62,3.95,4.23,4.52,4.64,4.68,4.69,4.76,4.67,4.52,4.49,4.35,4.12,3.87,3.64,3.3,2.99,2.65,2.24,1.79,1.42,1.07,0.66,0.15,-0.49,-1.09,-1.73,-2.32,-2.82,-3.16,-3.56,-3.74,-3.84,-4.01,-4.15,-4.31,-4.54,-4.76,-4.86,-4.88,-4.9,-4.77,-4.51,-4.16,-3.93,-3.64,-3.4,-3.26,-2.91,-2.56,-2.16,-1.63,-1.16,-0.61,-0.07,0.45,0.8,1.17,1.552,1.945,2.252,2.572,2.878,3.217,3.573,3.924,4.248,4.545,4.728,4.836,4.862,4.8,4.71,4.577,4.47,4.342,4.179,4.024,3.855,3.57,3.214,2.809,2.358,1.827,1.322,0.858,0.375,-0.059,-0.538,-0.957,-1.453,-1.939,-2.455,-2.918,-3.381,-3.739,-3.991,-4.217,-4.368,-4.479,-4.597,-4.69,-4.775,-4.846,-4.842,-4.826,-4.66,-4.414,-4.118,-3.766,-3.399,-3.084,-2.739,-2.436,-2.111,-1.784,-1.414,-0.944,-0.439,0.109,0.612,1.131,6.787,6.787,6.823
596,-34.02561928,150.66240074,3,132437,683,1.6,2.12,2.4,2.81,3.2,3.4,3.62,3.91,4.18,4.56,4.84,5.01,5.08,5.08,4.95,4.75,4.52,4.33,4.15,3.93,3.74,3.62,3.35,2.98,2.54,2.04,1.41,0.87,0.33,-0.22,-0.69,-1.1,-1.61,-1.95,-2.43,-2.95,-3.49,-3.97,-4.34,-4.62,-4.78,-4.87,-4.75,-4.68,-4.68,-4.67,-4.65,-4.78,-4.7,-4.5,-4.31,-3.98,-3.56,-3.04,-2.56,-2.23,-1.85,-1.62,-1.34,-0.98,-0.54,-0.03,0.45,1.06,1.548,1.946,2.273,2.602,2.916,3.25,3.59,3.94,4.246,4.524,4.705,4.821,4.857,4.801,4.731,4.613,4.497,4.359,4.179,4.021,3.827,3.543,3.184,2.779,2.328,1.813,1.31,0.838,0.352,-0.095,-0.571,-0.994,-1.466,-1.943,-2.436,-2.893,-3.332,-3.704,-3.977,-4.214,-4.378,-4.503,-4.604,-4.678,-4.752,-4.814,-4.797,-4.777,-4.626,-4.401,-4.124,-3.791,-3.43,-3.1,-2.75,-2.439,-2.096,-1.764,-1.395,-0.936,-0.444,0.093,0.591,1.111,6.793,6.774,6.804
597,-34.02564991,150.66239183,3,132438,684,1.7,2.23,2.49,2.77,2.83,2.98,3.26,3.54,3.93,4.41,4.84,5.18,5.35,5.19,4.96,4.55,4.26,4.06,3.9,3.83,3.8,3.64,3.41,3.11,2.62,1.9,1.26,0.74,0.22,-0.1,-0.42,-0.53,-0.89,-1.23,-1.79,-2.33,-3.07,-3.69,-4.21,-4.57,-4.75,-4.75,-4.71,-4.61,-4.56,-4.69,-4.75,-4.96,-4.97,-4.94,-4.72,-4.26,-3.75,-3.09,-2.56,-2.15,-1.86,-1.65,-1.51,-1.17,-0.79,-0.12,0.54,1.22,1.476,1.859,2.217,2.573,2.9,3.276,3.636,3.98,4.265,4.497,4.646,4.749,4.786,4.749,4.713,4.636,4.54,4.409,4.21,4.021,3.801,3.486,3.112,2.724,2.291,1.806,1.343,0.881,0.398,-0.058,-0.56,-1.019,-1.497,-1.989,-2.466,-2.887,-3.291,-3.633,-3.887,-4.128,-4.308,-4.464,-4.599,-4.706,-4.782,-4.842,-4.809,-4.752,-4.574,-4.341,-4.07,-3.764,-3.424,-3.125,-2.8,-2.468,-2.115,-1.746,-1.352,-0.88,-0.395,0.114,0.582,1.059,6.762,6.748,6.758
598,-34.02568002,150.6623834,3,132439,685,1.54,2,2.42,2.76,2.93,3.28,3.5,3.83,4.09,4.4,4.68,4.91,5.02,4.98,4.92,4.66,4.42,4.15,3.89,3.75,3.67,3.42,3.1,2.8,2.38,1.82,1.24,0.75,0.26,-0.19,-0.62,-0.91,-1.32,-1.82,-2.3,-2.75,-3.32,-3.67,-4.1,-4.38,-4.58,-4.67,-4.69,-4.67,-4.64,-4.62,-4.62,-4.67,-4.66,-4.56,-4.37,-4.15,-3.71,-3.21,-2.65,-2.16,-1.66,-1.36,-1.03,-0.78,-0.48,-0.04,0.4,0.94,1.441,1.811,2.183,2.57,2.929,3.333,3.702,4.036,4.299,4.495,4.602,4.682,4.703,4.679,4.674,4.636,4.561,4.436,4.235,4.013,3.759,3.414,3.033,2.643,2.234,1.792,1.365,0.915,0.43,-0.05,-0.583,-1.088,-1.578,-2.082,-2.535,-2.928,-3.287,-3.582,-3.812,-4.056,-4.254,-4.452,-4.62,-4.754,-4.837,-4.879,-4.811,-4.704,-4.506,-4.254,-3.986,-3.71,-3.399,-3.148,-2.847,-2.507,-2.134,-1.732,-1.289,-0.802,-0.31,0.175,0.595,1.041,6.747,6.735,6.73
599,-34.02570961,150.66237537,3,132440,686,1.52,1.85,2.19,2.49,2.91,3.26,3.62,3.97,4.21,4.4,4.54,4.64,4.68,4.68,4.61,4.74,4.62,4.48,4.25,4.02,3.62,3.34,2.98,2.69,2.33,1.94,1.51,0.97,0.42,-0.07,-0.63,-1.11,-1.5,-1.9,-2.33,-2.74,-3.1,-3.51,-3.81,-4.14,-4.25,-4.43,-4.68,-4.8,-4.94,-5.01,-5.01,-4.92,-4.75,-4.5,-4.13,-3.68,-3.31,-3.04,-2.65,-2.45,-2.17,-1.78,-1.38,-0.86,-0.34,0.23,0.63,1.13,1.44,1.826,2.192,2.567,2.926,3.311,3.675,3.999,4.27,4.475,4.592,4.685,4.697,4.683,4.665,4.624,4.542,4.412,4.226,4.008,3.767,3.45,3.08,2.68,2.264,1.812,1.367,0.893,0.401,-0.075,-0.6,-1.108,-1.598,-2.088,-2.54,-2.938,-3.3,-3.607,-3.837,-4.073,-4.258,-4.443,-4.598,-4.73,-4.826,-4.879,-4.811,-4.708,-4.505,-4.246,-3.963,-3.66,-3.341,-3.09,-2.795,-2.471,-2.117,-1.729,-1.308,-0.825,-0.332,0.154,0.586,1.039,6.761,6.755,6.697
600,-34.02573852,150.66236768,3,132441,688,1.61,1.88,2.17,2.53,2.86,3.17,3.51,3.92,4.28,4.55,4.64,4.76,4.68,4.64,4.53,4.35,4.14,4.07,3.9,3.78,3.69,3.45,3.1,2.72,2.23,1.68,1.1,0.61,0.15,-0.21,-0.61,-1.03,-1.46,-1.96,-2.43,-2.82,-3.24,-3.67,-3.83,-4.08,-4.18,-4.2,-4.27,-4.39,-4.51,-4.61,-4.58,-4.55,-4.52,-4.23,-4.06,-3.76,-3.51,-3.15,-2.89,-2.5,-2.11,-1.63,-1.29,-0.81,-0.15,0.28,0.76,1.25,1.43,1.836,2.196,2.587,2.936,3.315,3.667,4.003,4.277,4.486,4.607,4.691,4.705,4.677,4.657,4.587,4.517,4.39,4.234,4.027,3.808,3.483,3.113,2.688,2.251,1.781,1.333,0.873,0.391,-0.065,-0.589,-1.08,-1.578,-2.075,-2.539,-2.94,-3.312,-3.624,-3.857,-4.083,-4.272,-4.457,-4.603,-4.724,-4.808,-4.863,-4.776,-4.686,-4.475,-4.221,-3.938,-3.649,-3.335,-3.092,-2.792,-2.464,-2.116,-1.731,-1.31,-0.831,-0.353,0.132,0.565,1.03,6.798,6.78,6.716
601,-34.02576623,150.66236058,3,132442,689,1.64,1.95,2.06,2.33,2.6,3.08,3.6,3.99,4.38,4.69,4.77,4.78,4.69,4.5,4.44,4.38,4.35,4.37,4.35,4.26,4.18,3.7,3.09,2.48,1.92,1.34,0.99,0.75,0.38,0.22,-0.24,-0.76,-1.35,-2.09,-2.72,-3.25,-3.81,-3.97,-4.03,-3.96,-3.97,-3.92,-4.07,-4.29,-4.52,-4.73,-4.9,-4.92,-4.62,-4.36,-3.84,-3.54,-3.1,-2.95,-2.83,-2.67,-2.38,-2.11,-1.53,-0.98,-0.28,0.3,0.87,1.23,1.468,1.869,2.214,2.591,2.929,3.304,3.666,4.002,4.288,4.511,4.655,4.726,4.743,4.707,4.663,4.591,4.522,4.401,4.249,4.049,3.832,3.502,3.133,2.695,2.246,1.768,1.319,0.862,0.395,-0.067,-0.574,-1.065,-1.56,-2.07,-2.544,-2.965,-3.348,-3.657,-3.896,-4.115,-4.297,-4.482,-4.62,-4.741,-4.833,-4.883,-4.815,-4.72,-4.5,-4.243,-3.939,-3.648,-3.314,-3.076,-2.772,-2.465,-2.119,-1.753,-1.323,-0.844,-0.369,0.13,0.586,1.046,6.806,6.799,6.733
602,-34.02578926,150.6623551,3,132443,690,1.59,2.06,2.37,2.65,2.97,3.25,3.7,4.04,4.53,4.81,4.99,5.14,5.19,4.95,4.88,4.79,4.77,4.59,4.45,4.31,4.23,3.86,3.54,3.04,2.58,2.01,1.52,0.98,0.4,-0.11,-0.55,-0.94,-1.41,-1.96,-2.56,-3.13,-3.6,-3.99,-4.26,-4.51,-4.62,-4.72,-4.77,-4.83,-4.92,-5.04,-5.15,-5.17,-5,-4.7,-4.36,-3.96,-3.47,-3.19,-2.77,-2.46,-2.17,-1.94,-1.64,-1.19,-0.89,-0.26,0.41,1.09,1.441,1.871,2.249,2.64,2.975,3.326,3.653,3.966,4.239,4.461,4.637,4.722,4.768,4.75,4.718,4.627,4.538,4.381,4.195,3.985,3.752,3.45,3.128,2.726,2.297,1.835,1.369,0.877,0.382,-0.119,-0.63,-1.118,-1.592,-2.062,-2.511,-2.912,-3.283,-3.608,-3.876,-4.12,-4.331,-4.545,-4.682,-4.782,-4.85,-4.869,-4.776,-4.67,-4.475,-4.239,-3.967,-3.679,-3.354,-3.102,-2.756,-2.433,-2.069,-1.691,-1.286,-0.831,-0.396,0.079,0.531,1.008,6.776,6.781,6.71
603,-34.02581264,150.66235009,3,132444,691,1.2,1.51,1.92,2.3,2.82,3.29,3.76,4.07,4.29,4.38,4.43,4.37,4.39,4.5,4.6,4.65,4.74,4.71,4.55,4.35,4,3.59,3.16,2.76,2.4,2.02,1.73,1.34,0.93,0.36,-0.36,-1.06,-1.8,-2.42,-2.95,-3.33,-3.43,-3.63,-3.63,-3.89,-4.13,-4.49,-4.93,-5.17,-5.34,-5.32,-5.04,-4.69,-4.27,-3.85,-3.55,-3.18,-2.99,-2.87,-2.75,-2.5,-2.25,-1.83,-1.34,-0.85,-0.23,0.21,0.55,0.95,1.423,1.855,2.258,2.657,3.002,3.353,3.657,3.959,4.197,4.407,4.576,4.66,4.717,4.728,4.699,4.619,4.515,4.358,4.16,3.951,3.681,3.39,3.071,2.683,2.261,1.812,1.348,0.851,0.356,-0.145,-0.659,-1.152,-1.607,-2.063,-2.476,-2.869,-3.224,-3.54,-3.82,-4.079,-4.294,-4.521,-4.679,-4.78,-4.838,-4.847,-4.743,-4.623,-4.43,-4.205,-3.954,-3.668,-3.374,-3.123,-2.775,-2.435,-2.057,-1.648,-1.22,-0.769,-0.324,0.12,0.548,0.993,6.743,6.728,6.663
604,-34.02583601,150.66234451,3,132445,692,1.7,2.08,2.4,2.6,2.83,3.21,3.54,4.02,4.36,4.73,4.91,4.89,4.85,4.72,4.54,4.38,4.39,4.31,4.23,4.14,3.98,3.78,3.42,2.86,2.34,1.73,1.04,0.5,0,-0.42,-0.77,-1.04,-1.46,-1.74,-2.22,-2.72,-3.19,-3.55,-3.86,-4.01,-4.27,-4.43,-4.56,-4.7,-4.78,-4.89,-4.82,-4.83,-4.6,-4.34,-3.91,-3.51,-3.19,-3.04,-2.82,-2.68,-2.5,-2.29,-1.92,-1.21,-0.62,0.07,0.71,1.27,1.414,1.858,2.274,2.7,3.057,3.404,3.688,3.971,4.199,4.391,4.557,4.662,4.725,4.746,4.718,4.646,4.537,4.363,4.148,3.906,3.616,3.3,2.983,2.606,2.205,1.779,1.331,0.837,0.327,-0.174,-0.692,-1.177,-1.62,-2.052,-2.442,-2.803,-3.157,-3.465,-3.767,-4.04,-4.268,-4.504,-4.652,-4.753,-4.792,-4.797,-4.702,-4.593,-4.414,-4.221,-3.999,-3.751,-3.472,-3.217,-2.845,-2.479,-2.066,-1.633,-1.183,-0.724,-0.305,0.127,0.545,0.977,6.704,6.671,6.682
605,-34.02585969,150.66233922,3,132446,693,1.38,1.78,2.31,2.78,3.21,3.58,3.79,4.11,4.21,4.31,4.41,4.53,4.64,4.77,4.88,4.88,4.76,4.52,4.12,3.84,3.36,3.03,2.69,2.35,1.94,1.65,1.3,0.87,0.43,-0.21,-0.82,-1.46,-1.86,-2.36,-2.63,-2.91,-3.07,-3.39,-3.7,-3.98,-4.25,-4.55,-4.61,-4.64,-4.63,-4.56,-4.45,-4.28,-4.17,-4.03,-3.99,-3.89,-3.71,-3.42,-3.02,-2.59,-2.01,-1.43,-0.97,-0.53,-0.12,0.29,0.59,0.97,1.408,1.839,2.243,2.686,3.061,3.423,3.73,4.009,4.232,4.41,4.554,4.65,4.704,4.723,4.707,4.645,4.538,4.368,4.154,3.89,3.591,3.235,2.908,2.536,2.137,1.722,1.317,0.851,0.355,-0.135,-0.664,-1.167,-1.631,-2.087,-2.483,-2.829,-3.164,-3.448,-3.723,-3.994,-4.21,-4.45,-4.618,-4.735,-4.799,-4.818,-4.72,-4.607,-4.42,-4.216,-3.99,-3.752,-3.475,-3.219,-2.857,-2.481,-2.058,-1.608,-1.133,-0.684,-0.254,0.174,0.567,0.989,6.658,6.638,6.667
606,-34.02588315,150.66233333,3,132447,694,0.88,1.25,1.84,2.52,3.04,3.66,4.08,4.31,4.37,4.29,4.25,4.29,4.37,4.56,4.77,4.98,4.95,4.83,4.46,3.93,3.48,3.05,2.63,2.43,2.17,1.97,1.74,1.3,0.79,0.15,-0.58,-1.35,-1.92,-2.41,-2.73,-2.89,-3.08,-3.26,-3.44,-3.76,-4.08,-4.48,-4.7,-4.96,-4.98,-4.95,-4.77,-4.53,-4.18,-3.9,-3.77,-3.71,-3.5,-3.29,-3.06,-2.52,-2.04,-1.44,-0.91,-0.42,-0.05,0.18,0.36,0.54,1.416,1.83,2.21,2.639,3.014,3.389,3.725,4.007,4.258,4.442,4.597,4.67,4.71,4.696,4.671,4.594,4.498,4.355,4.166,3.912,3.637,3.276,2.943,2.561,2.153,1.722,1.31,0.856,0.368,-0.092,-0.594,-1.085,-1.565,-2.046,-2.479,-2.854,-3.219,-3.5,-3.757,-4.016,-4.209,-4.437,-4.617,-4.755,-4.828,-4.875,-4.786,-4.668,-4.465,-4.238,-3.972,-3.708,-3.422,-3.174,-2.827,-2.474,-2.077,-1.648,-1.172,-0.688,-0.248,0.195,0.598,1.013,6.665,6.668,6.674
607,-34.02590665,150.66232696,3,132448,695,1.35,1.75,2.15,2.74,3.12,3.55,3.92,4.1,4.27,4.39,4.4,4.51,4.52,4.49,4.57,4.55,4.47,4.33,4.15,3.75,3.38,2.92,2.62,2.3,2.05,1.76,1.48,1.08,0.54,-0.02,-0.65,-1.22,-1.7,-2.16,-2.48,-2.74,-3.03,-3.18,-3.46,-3.85,-4.21,-4.63,-4.92,-5.09,-5.11,-5.06,-4.77,-4.48,-4.29,-4.07,-3.88,-3.72,-3.5,-3.32,-3.03,-2.54,-2.05,-1.51,-0.88,-0.39,0.06,0.49,0.67,1.04,1.463,1.875,2.25,2.655,3.027,3.365,3.688,3.969,4.233,4.428,4.601,4.692,4.725,4.717,4.668,4.576,4.465,4.316,4.132,3.894,3.617,3.273,2.95,2.567,2.155,1.721,1.294,0.83,0.351,-0.116,-0.597,-1.065,-1.517,-1.991,-2.422,-2.818,-3.201,-3.514,-3.791,-4.055,-4.251,-4.463,-4.634,-4.743,-4.82,-4.838,-4.759,-4.653,-4.485,-4.264,-4.009,-3.737,-3.456,-3.186,-2.818,-2.471,-2.068,-1.642,-1.18,-0.7,-0.252,0.193,0.614,1.041,6.638,6.638,6.7
608,-34.02593048,150.66231976,3,132449,696,1.53,2.15,2.51,2.73,2.9,3.06,3.23,3.46,3.8,4.2,4.58,4.94,4.96,5.02,4.83,4.54,4.23,3.91,3.8,3.7,3.75,3.78,3.57,3.17,2.68,2.02,1.26,0.53,-0.03,-0.44,-0.79,-1.11,-1.52,-1.88,-2.35,-2.85,-3.45,-3.92,-4.35,-4.55,-4.62,-4.58,-4.47,-4.43,-4.53,-4.62,-4.62,-4.71,-4.65,-4.48,-4.14,-3.65,-3.13,-2.63,-2.13,-1.8,-1.49,-1.33,-1.22,-1.01,-0.7,-0.25,0.31,0.92,1.458,1.888,2.278,2.683,3.053,3.387,3.691,3.968,4.218,4.41,4.589,4.683,4.729,4.732,4.693,4.607,4.488,4.338,4.141,3.911,3.636,3.307,2.976,2.596,2.178,1.728,1.293,0.807,0.324,-0.149,-0.616,-1.07,-1.51,-1.968,-2.403,-2.797,-3.189,-3.523,-3.814,-4.086,-4.294,-4.488,-4.653,-4.747,-4.816,-4.817,-4.741,-4.648,-4.471,-4.262,-4.014,-3.737,-3.451,-3.173,-2.796,-2.456,-2.06,-1.652,-1.211,-0.744,-0.307,0.133,0.572,1.01,6.694,6.667,6.696
609,-34.02595448,150.66231292,3,132450,698,1.42,1.95,2.23,2.69,3.01,3.3,3.54,4.01,4.28,4.51,4.69,4.7,4.76,4.62,4.53,4.37,4.37,4.26,4.33,4.21,4.03,3.67,3.31,2.77,2.2,1.63,1.17,0.77,0.32,0.03,-0.52,-0.83,-1.3,-1.77,-2.32,-2.76,-3.22,-3.68,-4.01,-4.24,-4.39,-4.57,-4.73,-4.74,-4.76,-4.85,-4.66,-4.7,-4.45,-4.25,-3.88,-3.57,-3.25,-3.06,-2.62,-2.38,-2.16,-1.8,-1.4,-0.92,-0.55,0.01,0.42,1.04,1.433,1.849,2.252,2.679,3.084,3.43,3.746,4.023,4.256,4.425,4.567,4.646,4.693,4.709,4.686,4.626,4.523,4.389,4.185,3.937,3.626,3.272,2.937,2.567,2.166,1.742,1.344,0.878,0.387,-0.118,-0.602,-1.09,-1.541,-1.998,-2.427,-2.79,-3.153,-3.479,-3.763,-4.04,-4.281,-4.513,-4.712,-4.826,-4.889,-4.859,-4.772,-4.642,-4.447,-4.229,-3.996,-3.734,-3.468,-3.207,-2.852,-2.512,-2.102,-1.668,-1.199,-0.716,-0.269,0.157,0.58,1,6.702,6.683,6.686
610,-34.02597833,150.66230588,3,132451,699,1.99,2.21,2.35,2.57,2.79,3.06,3.5,3.91,4.39,4.8,5.12,5.11,5.06,4.94,4.59,4.39,4.19,4.18,4.05,4,3.93,3.64,3.3,2.79,2.18,1.55,0.96,0.5,0.19,-0.23,-0.46,-0.88,-1.28,-1.91,-2.48,-3.07,-3.6,-4,-4.22,-4.4,-4.43,-4.45,-4.44,-4.56,-4.76,-4.81,-4.97,-4.89,-4.77,-4.45,-4.07,-3.75,-3.3,-2.99,-2.69,-2.51,-2.14,-1.85,-1.42,-0.94,-0.31,0.26,0.97,1.41,1.414,1.861,2.287,2.718,3.114,3.459,3.754,3.983,4.207,4.371,4.534,4.647,4.733,4.781,4.764,4.688,4.553,4.371,4.125,3.859,3.556,3.223,2.918,2.594,2.227,1.81,1.392,0.896,0.367,-0.17,-0.653,-1.136,-1.567,-1.988,-2.384,-2.729,-3.101,-3.439,-3.743,-4.057,-4.31,-4.541,-4.717,-4.825,-4.872,-4.82,-4.755,-4.643,-4.464,-4.279,-4.072,-3.808,-3.517,-3.225,-2.846,-2.468,-2.048,-1.613,-1.173,-0.717,-0.291,0.111,0.538,0.968,6.682,6.672,6.664
611,-34.02600254,150.66229894,3,132452,700,1.37,1.97,2.41,2.82,3.06,3.3,3.47,3.63,3.89,4.19,4.59,4.74,4.94,4.93,4.99,4.74,4.51,4.17,3.81,3.62,3.38,3.18,3.04,2.79,2.43,2.01,1.49,0.9,0.25,-0.3,-0.8,-1.29,-1.67,-2.01,-2.39,-2.72,-3.16,-3.48,-3.83,-4.01,-4.31,-4.55,-4.69,-4.7,-4.69,-4.59,-4.51,-4.42,-4.37,-4.32,-4.12,-3.85,-3.5,-3.21,-2.67,-2.35,-1.88,-1.49,-1.16,-0.85,-0.55,-0.21,0.32,0.85,1.373,1.849,2.3,2.75,3.16,3.492,3.773,3.986,4.188,4.322,4.482,4.608,4.715,4.776,4.796,4.726,4.589,4.377,4.123,3.838,3.525,3.189,2.894,2.584,2.23,1.838,1.414,0.915,0.366,-0.172,-0.678,-1.151,-1.586,-1.979,-2.368,-2.696,-3.051,-3.385,-3.699,-4.022,-4.291,-4.542,-4.721,-4.844,-4.877,-4.837,-4.751,-4.644,-4.456,-4.289,-4.088,-3.826,-3.55,-3.242,-2.848,-2.445,-2.027,-1.584,-1.163,-0.705,-0.303,0.103,0.5,0.936,6.681,6.667,6.627
612,-34.02602752,150.66229251,3,132453,701,1.41,1.9,2.46,2.82,3.24,3.52,3.74,3.97,4.11,4.27,4.38,4.52,4.68,4.73,4.69,4.71,4.54,4.36,4.1,3.97,3.52,3.26,2.97,2.61,2.22,1.78,1.31,0.72,0.14,-0.37,-0.84,-1.28,-1.56,-1.97,-2.21,-2.7,-3.01,-3.31,-3.7,-4.1,-4.25,-4.48,-4.74,-4.81,-4.8,-4.82,-4.82,-4.7,-4.55,-4.36,-4.23,-3.85,-3.67,-3.4,-2.96,-2.48,-2.05,-1.51,-0.98,-0.57,-0.17,0.15,0.58,0.94,1.374,1.83,2.292,2.745,3.177,3.516,3.807,4.023,4.208,4.337,4.468,4.601,4.694,4.779,4.797,4.761,4.623,4.432,4.173,3.872,3.555,3.208,2.89,2.577,2.221,1.823,1.401,0.906,0.371,-0.18,-0.682,-1.152,-1.593,-2.004,-2.381,-2.701,-3.049,-3.382,-3.699,-4.042,-4.32,-4.566,-4.74,-4.86,-4.884,-4.832,-4.742,-4.634,-4.449,-4.274,-4.092,-3.838,-3.58,-3.26,-2.879,-2.469,-2.054,-1.611,-1.186,-0.715,-0.292,0.11,0.507,0.937,6.724,6.697,6.642
613,-34.02605297,150.66228609,3,132454,702,1.11,1.54,2.08,2.73,3.37,3.8,4.07,4.19,4.31,4.22,4.24,4.39,4.47,4.68,4.79,4.92,4.96,4.76,4.43,3.9,3.35,2.69,2.28,1.99,1.84,1.69,1.56,1.2,0.64,0.07,-0.69,-1.31,-1.93,-2.31,-2.61,-2.67,-2.76,-2.88,-3.1,-3.5,-3.87,-4.32,-4.66,-4.9,-4.88,-4.82,-4.63,-4.39,-4.11,-4.01,-4,-4.01,-3.97,-3.81,-3.45,-2.94,-2.34,-1.68,-0.97,-0.4,-0.04,0.28,0.52,0.79,1.356,1.829,2.302,2.76,3.184,3.501,3.777,3.979,4.163,4.296,4.459,4.601,4.705,4.802,4.814,4.751,4.6,4.39,4.127,3.823,3.54,3.221,2.918,2.628,2.27,1.878,1.436,0.929,0.372,-0.196,-0.7,-1.149,-1.591,-1.984,-2.36,-2.662,-3.027,-3.392,-3.725,-4.076,-4.375,-4.623,-4.763,-4.862,-4.856,-4.785,-4.68,-4.591,-4.422,-4.272,-4.093,-3.854,-3.579,-3.218,-2.82,-2.407,-1.992,-1.572,-1.196,-0.75,-0.346,0.05,0.445,0.906,6.722,6.695,6.61
614,-34.02607891,150.66227939,3,132455,703,1.64,1.89,2.09,2.46,2.87,3.4,3.96,4.4,4.69,4.92,4.88,4.77,4.64,4.49,4.43,4.37,4.4,4.36,4.29,3.98,3.73,3.13,2.67,2.16,1.66,1.16,0.9,0.64,0.28,-0.03,-0.49,-0.94,-1.57,-2.09,-2.63,-2.98,-3.26,-3.38,-3.42,-3.55,-3.69,-3.89,-4.22,-4.52,-4.85,-5.1,-5,-4.97,-4.66,-4.29,-3.82,-3.52,-3.22,-3.06,-2.94,-2.7,-2.42,-2.04,-1.42,-0.81,-0.11,0.54,0.93,1.39,1.382,1.857,2.328,2.764,3.161,3.473,3.749,3.964,4.15,4.309,4.482,4.625,4.731,4.815,4.817,4.732,4.56,4.345,4.081,3.8,3.54,3.246,2.951,2.664,2.301,1.897,1.428,0.915,0.357,-0.206,-0.695,-1.138,-1.563,-1.947,-2.319,-2.646,-3.036,-3.422,-3.783,-4.134,-4.436,-4.669,-4.794,-4.871,-4.871,-4.791,-4.687,-4.619,-4.463,-4.305,-4.109,-3.842,-3.536,-3.169,-2.763,-2.354,-1.943,-1.53,-1.172,-0.749,-0.344,0.051,0.457,0.919,6.719,6.7,6.591
615,-34.02610593,150.66227274,3,132456,704,1.46,1.69,1.98,2.31,2.74,3.24,3.74,4.09,4.47,4.63,4.84,4.73,4.7,4.5,4.52,4.37,4.36,4.39,4.24,4.06,3.82,3.44,3.04,2.6,2.1,1.65,1.23,0.92,0.56,0.22,-0.12,-0.64,-1.2,-1.95,-2.59,-3.16,-3.62,-3.91,-4.04,-4.2,-4.24,-4.42,-4.6,-4.84,-4.92,-5.13,-5.11,-4.89,-4.62,-4.25,-3.81,-3.45,-3.18,-2.97,-2.72,-2.52,-2.2,-1.83,-1.36,-0.57,-0.06,0.5,0.9,1.21,1.374,1.858,2.349,2.785,3.162,3.458,3.703,3.919,4.095,4.269,4.46,4.638,4.755,4.863,4.859,4.774,4.576,4.357,4.066,3.78,3.516,3.244,2.965,2.691,2.343,1.949,1.466,0.94,0.379,-0.202,-0.703,-1.157,-1.573,-1.95,-2.309,-2.633,-3.021,-3.415,-3.806,-4.18,-4.493,-4.72,-4.826,-4.876,-4.859,-4.752,-4.663,-4.59,-4.459,-4.325,-4.165,-3.909,-3.599,-3.214,-2.767,-2.328,-1.89,-1.484,-1.134,-0.74,-0.351,0.024,0.437,0.891,6.702,6.668,6.629
616,-34.02613261,150.6622658,3,132457,705,1.35,1.7,2.24,2.68,3.17,3.42,3.71,3.93,4.12,4.15,4.29,4.51,4.52,4.77,4.74,4.8,4.62,4.44,4.12,3.75,3.28,3.02,2.7,2.49,2.19,1.96,1.58,1.04,0.62,-0.09,-0.61,-1.15,-1.44,-1.86,-2.16,-2.53,-2.9,-3.4,-3.78,-4.15,-4.5,-4.74,-4.87,-4.84,-4.9,-4.58,-4.5,-4.38,-4.38,-4.16,-4.14,-4,-3.84,-3.41,-2.97,-2.49,-1.95,-1.38,-0.99,-0.54,-0.09,0.16,0.52,0.82,1.352,1.861,2.381,2.836,3.209,3.488,3.703,3.903,4.06,4.226,4.407,4.615,4.754,4.89,4.89,4.812,4.605,4.359,4.049,3.745,3.484,3.218,2.959,2.697,2.369,1.98,1.496,0.953,0.37,-0.232,-0.754,-1.213,-1.621,-1.963,-2.296,-2.6,-2.984,-3.374,-3.793,-4.175,-4.508,-4.748,-4.856,-4.88,-4.851,-4.714,-4.61,-4.541,-4.425,-4.326,-4.19,-3.963,-3.648,-3.252,-2.775,-2.3,-1.853,-1.432,-1.079,-0.728,-0.366,-0.019,0.389,0.84,6.706,6.662,6.626
617,-34.02615845,150.66225834,3,132458,706,1.3,1.88,2.43,3.02,3.38,3.77,3.95,4.09,4.12,4.21,4.28,4.42,4.56,4.64,4.82,4.86,4.7,4.55,4.24,3.92,3.57,3.26,2.88,2.59,2.28,1.83,1.47,0.85,0.27,-0.35,-0.84,-1.27,-1.63,-1.93,-2.29,-2.53,-2.91,-3.27,-3.69,-4.16,-4.64,-4.88,-5.11,-5.13,-5.07,-4.85,-4.59,-4.43,-4.15,-4.05,-3.93,-3.72,-3.45,-3.19,-2.81,-2.39,-1.97,-1.61,-1.19,-0.83,-0.49,-0.11,0.25,0.73,1.335,1.836,2.354,2.816,3.192,3.506,3.741,3.948,4.091,4.257,4.417,4.605,4.747,4.872,4.887,4.813,4.625,4.387,4.082,3.773,3.529,3.236,2.97,2.693,2.356,1.958,1.478,0.954,0.379,-0.201,-0.732,-1.207,-1.654,-2.013,-2.369,-2.659,-3.032,-3.385,-3.786,-4.145,-4.473,-4.718,-4.843,-4.903,-4.858,-4.748,-4.627,-4.539,-4.392,-4.299,-4.153,-3.939,-3.637,-3.269,-2.808,-2.343,-1.9,-1.476,-1.081,-0.713,-0.355,0.01,0.41,0.848,6.742,6.711,6.654
618,-34.02618382,150.66224982,3,132459,707,1.28,1.76,2.25,2.69,3.21,3.49,3.78,4.01,4.18,4.35,4.36,4.57,4.6,4.79,4.76,4.73,4.58,4.42,4.24,3.96,3.65,3.43,3.18,2.88,2.56,2.16,1.77,1.24,0.6,-0.13,-0.65,-1.31,-1.83,-2.18,-2.59,-2.78,-3.09,-3.48,-3.84,-4.09,-4.49,-4.83,-5.06,-5.22,-5.26,-5.04,-4.93,-4.65,-4.41,-4.15,-3.96,-3.62,-3.3,-2.97,-2.69,-2.36,-1.91,-1.49,-1.1,-0.73,-0.32,-0.01,0.39,0.82,1.342,1.838,2.34,2.784,3.167,3.476,3.73,3.945,4.107,4.28,4.445,4.631,4.762,4.882,4.882,4.79,4.601,4.359,4.052,3.751,3.512,3.229,2.97,2.694,2.344,1.96,1.479,0.96,0.388,-0.182,-0.72,-1.205,-1.659,-2.032,-2.392,-2.694,-3.064,-3.42,-3.802,-4.152,-4.454,-4.696,-4.811,-4.871,-4.83,-4.742,-4.629,-4.546,-4.409,-4.307,-4.152,-3.941,-3.645,-3.262,-2.802,-2.333,-1.891,-1.462,-1.064,-0.69,-0.325,0.038,0.434,0.869,6.705,6.7,6.682
619,-34.02620881,150.66224115,3,132500,708,1.23,2.07,2.58,3.08,3.31,3.59,3.62,3.61,3.79,3.97,4.36,4.71,5.16,5.34,5.31,4.99,4.67,4.08,3.73,3.43,3.33,3.18,3.12,3.04,2.81,2.31,1.65,0.95,0.12,-0.49,-1.03,-1.29,-1.56,-1.67,-1.89,-2.15,-2.7,-3.28,-3.81,-4.41,-4.68,-4.85,-4.78,-4.73,-4.59,-4.46,-4.49,-4.71,-4.62,-4.75,-4.64,-4.31,-3.74,-3.24,-2.56,-1.94,-1.62,-1.25,-1.14,-0.93,-0.77,-0.45,0,0.72,1.337,1.82,2.307,2.762,3.139,3.462,3.729,3.946,4.125,4.289,4.458,4.625,4.75,4.859,4.863,4.782,4.605,4.363,4.052,3.763,3.511,3.213,2.942,2.662,2.307,1.919,1.432,0.927,0.376,-0.169,-0.704,-1.175,-1.63,-2.021,-2.389,-2.718,-3.091,-3.427,-3.787,-4.142,-4.417,-4.65,-4.757,-4.818,-4.784,-4.717,-4.608,-4.541,-4.408,-4.313,-4.159,-3.965,-3.687,-3.305,-2.838,-2.346,-1.89,-1.449,-1.044,-0.657,-0.297,0.065,0.453,0.877,6.675,6.671,6.732
620,-34.02623343,150.66223144,3,132501,709,1.58,2.09,2.48,2.89,3.25,3.39,3.69,3.94,4.2,4.31,4.6,4.72,4.88,4.89,4.91,4.77,4.55,4.24,4.03,3.79,3.62,3.3,3.06,2.69,2.21,1.83,1.18,0.69,0.18,-0.25,-0.71,-1.03,-1.47,-1.82,-2.32,-2.74,-3.1,-3.46,-3.78,-4.05,-4.24,-4.46,-4.48,-4.75,-4.81,-4.98,-4.93,-4.9,-4.69,-4.55,-4.23,-3.93,-3.63,-3.16,-2.71,-2.28,-1.93,-1.56,-1.32,-0.82,-0.43,0.18,0.59,1.09,1.369,1.799,2.272,2.713,3.099,3.43,3.727,3.97,4.164,4.339,4.49,4.627,4.71,4.8,4.802,4.744,4.595,4.395,4.106,3.818,3.549,3.233,2.923,2.615,2.24,1.863,1.394,0.922,0.412,-0.12,-0.66,-1.161,-1.649,-2.08,-2.474,-2.813,-3.162,-3.47,-3.797,-4.107,-4.367,-4.595,-4.718,-4.796,-4.788,-4.744,-4.627,-4.536,-4.399,-4.264,-4.093,-3.902,-3.649,-3.287,-2.855,-2.394,-1.933,-1.497,-1.058,-0.641,-0.244,0.139,0.531,0.928,6.663,6.65,6.757
621,-34.02625785,150.66222137,3,132502,710,1.38,1.78,2.33,2.77,3.23,3.54,3.81,4,4.09,4.34,4.45,4.67,4.73,4.96,5,5.09,4.85,4.72,4.31,3.96,3.68,3.37,3,2.72,2.34,1.86,1.36,0.81,0.3,-0.38,-0.84,-1.3,-1.74,-2.26,-2.52,-2.77,-3.14,-3.45,-3.83,-4.21,-4.6,-4.79,-4.88,-4.86,-4.76,-4.54,-4.42,-4.32,-4.3,-4.17,-4.16,-3.97,-3.8,-3.39,-2.98,-2.59,-2.15,-1.76,-1.39,-0.95,-0.44,-0.14,0.39,0.86,1.364,1.788,2.261,2.7,3.085,3.437,3.732,3.985,4.177,4.367,4.506,4.642,4.719,4.801,4.799,4.745,4.603,4.417,4.128,3.831,3.55,3.226,2.903,2.594,2.224,1.838,1.396,0.927,0.423,-0.118,-0.658,-1.169,-1.665,-2.096,-2.478,-2.81,-3.155,-3.457,-3.781,-4.09,-4.354,-4.588,-4.721,-4.787,-4.776,-4.718,-4.605,-4.511,-4.381,-4.249,-4.089,-3.909,-3.666,-3.311,-2.89,-2.431,-1.96,-1.514,-1.045,-0.637,-0.232,0.135,0.533,0.925,6.663,6.635,6.768
622,-34.02628121,150.66221071,3,132503,711,1.23,1.89,2.56,2.97,3.31,3.37,3.44,3.53,3.66,3.86,4.29,4.52,4.79,4.96,4.86,4.61,4.31,3.94,3.64,3.48,3.37,3.39,3.25,3.12,2.71,2.33,1.66,0.95,0.15,-0.53,-1.02,-1.25,-1.54,-1.77,-2,-2.31,-2.79,-3.41,-3.96,-4.44,-4.8,-5.05,-4.97,-4.83,-4.52,-4.35,-4.2,-4.27,-4.28,-4.34,-4.24,-4.01,-3.66,-2.98,-2.37,-1.86,-1.43,-1.12,-1.08,-0.92,-0.71,-0.45,-0.04,0.63,1.355,1.788,2.258,2.699,3.08,3.439,3.733,3.991,4.187,4.367,4.504,4.628,4.7,4.771,4.758,4.694,4.564,4.377,4.1,3.815,3.529,3.21,2.899,2.591,2.217,1.846,1.406,0.943,0.432,-0.085,-0.626,-1.14,-1.642,-2.064,-2.461,-2.819,-3.174,-3.487,-3.81,-4.119,-4.362,-4.586,-4.715,-4.777,-4.778,-4.733,-4.626,-4.537,-4.396,-4.264,-4.085,-3.892,-3.625,-3.273,-2.848,-2.382,-1.905,-1.459,-0.989,-0.588,-0.206,0.16,0.543,0.925,6.649,6.632,6.76
623,-34.02630244,150.66219773,3,132504,712,1.37,1.82,2.34,2.77,3.14,3.52,3.79,4.04,4.18,4.35,4.47,4.63,4.73,4.81,4.82,4.73,4.56,4.31,3.97,3.67,3.35,2.94,2.61,2.35,2.15,1.88,1.48,1.06,0.49,-0.03,-0.64,-1.2,-1.65,-1.94,-2.2,-2.51,-2.85,-3.18,-3.68,-4.08,-4.48,-4.78,-4.97,-4.99,-5.03,-4.88,-4.7,-4.67,-4.52,-4.34,-4.16,-3.89,-3.54,-3.32,-2.88,-2.41,-1.85,-1.26,-0.73,-0.39,-0.02,0.29,0.64,0.92,1.357,1.768,2.22,2.662,3.061,3.457,3.771,4.048,4.245,4.418,4.515,4.625,4.687,4.751,4.758,4.719,4.62,4.446,4.17,3.871,3.561,3.213,2.881,2.559,2.189,1.807,1.393,0.95,0.45,-0.056,-0.609,-1.154,-1.679,-2.117,-2.528,-2.888,-3.227,-3.515,-3.817,-4.106,-4.343,-4.568,-4.725,-4.806,-4.826,-4.787,-4.675,-4.553,-4.389,-4.222,-4.023,-3.832,-3.573,-3.265,-2.873,-2.428,-1.966,-1.512,-1.012,-0.587,-0.185,0.201,0.586,0.946,6.67,6.652,6.78
624,-34.02631409,150.66218416,3,132505,713,1.56,1.9,2.3,2.67,2.88,3.25,3.5,3.95,4.14,4.52,4.66,4.9,4.88,4.97,4.85,4.79,4.56,4.48,4.14,3.78,3.49,3.11,2.81,2.43,2.08,1.68,1.28,0.89,0.5,0.01,-0.57,-1.13,-1.67,-2.12,-2.53,-2.85,-3.11,-3.31,-3.65,-4.01,-4.26,-4.4,-4.54,-4.57,-4.73,-4.71,-4.76,-4.68,-4.62,-4.49,-4.38,-4.19,-3.85,-3.51,-2.98,-2.44,-1.89,-1.58,-1.04,-0.72,-0.18,0.27,0.73,1.11,1.362,1.76,2.188,2.629,3.038,3.443,3.772,4.061,4.272,4.445,4.539,4.628,4.675,4.723,4.72,4.688,4.61,4.456,4.212,3.921,3.611,3.256,2.909,2.562,2.166,1.77,1.369,0.935,0.459,-0.034,-0.56,-1.111,-1.657,-2.126,-2.567,-2.941,-3.286,-3.566,-3.835,-4.096,-4.305,-4.527,-4.688,-4.788,-4.818,-4.799,-4.698,-4.565,-4.383,-4.205,-3.998,-3.8,-3.559,-3.249,-2.874,-2.451,-2.003,-1.566,-1.062,-0.613,-0.193,0.208,0.598,0.964,6.699,6.681,6.815
625,-34.02632139,150.66216498,3,132506,714,1.24,1.72,2.3,2.82,3.21,3.54,3.74,3.93,4.12,4.2,4.31,4.5,4.69,4.77,4.83,4.75,4.65,4.41,4.07,3.71,3.5,3.18,2.98,2.66,2.36,1.96,1.53,1.05,0.47,-0.08,-0.63,-1.2,-1.68,-2.08,-2.46,-2.83,-3.25,-3.5,-3.91,-4.15,-4.39,-4.7,-4.9,-4.88,-4.84,-4.75,-4.58,-4.4,-4.28,-4.26,-4.06,-3.99,-3.67,-3.35,-2.8,-2.24,-1.83,-1.31,-0.81,-0.45,-0.21,0.07,0.42,0.7,1.346,1.751,2.179,2.619,3.044,3.459,3.792,4.068,4.288,4.438,4.527,4.597,4.652,4.697,4.701,4.671,4.612,4.465,4.237,3.955,3.647,3.297,2.951,2.596,2.181,1.781,1.375,0.933,0.444,-0.047,-0.558,-1.098,-1.642,-2.116,-2.554,-2.939,-3.296,-3.595,-3.857,-4.113,-4.324,-4.55,-4.709,-4.811,-4.827,-4.811,-4.7,-4.567,-4.371,-4.174,-3.945,-3.732,-3.502,-3.204,-2.862,-2.463,-2.034,-1.593,-1.096,-0.616,-0.207,0.197,0.586,0.95,6.756,6.743,6.799
626,-34.02632209,150.66214293,3,132507,715,1.18,1.45,1.97,2.48,3,3.6,4.09,4.38,4.43,4.46,4.39,4.41,4.45,4.59,4.71,4.81,4.82,4.72,4.45,4.03,3.73,3.2,2.81,2.45,2.06,1.74,1.4,1.05,0.71,0.22,-0.39,-1.09,-1.77,-2.36,-2.89,-3.12,-3.38,-3.51,-3.71,-3.85,-4.15,-4.44,-4.74,-5.07,-4.97,-4.92,-4.67,-4.36,-4.05,-3.89,-3.77,-3.76,-3.73,-3.58,-3.3,-2.92,-2.42,-1.82,-1.01,-0.39,0.02,0.45,0.73,0.9,1.39,1.78,2.187,2.604,3.021,3.434,3.789,4.082,4.32,4.493,4.586,4.64,4.669,4.688,4.676,4.636,4.573,4.442,4.243,3.984,3.674,3.329,2.964,2.596,2.157,1.757,1.348,0.909,0.443,-0.031,-0.52,-1.053,-1.591,-2.079,-2.532,-2.943,-3.301,-3.61,-3.856,-4.116,-4.308,-4.517,-4.676,-4.799,-4.842,-4.844,-4.757,-4.628,-4.42,-4.2,-3.961,-3.711,-3.483,-3.177,-2.865,-2.488,-2.068,-1.64,-1.15,-0.657,-0.22,0.212,0.622,1.002,6.763,6.753,6.787
627,-34.02631248,150.66212197,3,132508,716,1.37,1.9,2.29,2.7,3.13,3.47,3.84,4.06,4.28,4.44,4.56,4.68,4.71,4.74,4.77,4.63,4.46,4.27,3.94,3.7,3.4,3.19,2.88,2.6,2.16,1.85,1.48,0.91,0.36,-0.16,-0.72,-1.25,-1.68,-2.12,-2.52,-2.88,-3.23,-3.62,-3.85,-4.23,-4.45,-4.66,-4.79,-4.81,-4.79,-4.79,-4.61,-4.5,-4.32,-4.13,-3.92,-3.74,-3.53,-3.12,-2.75,-2.29,-1.88,-1.47,-1.02,-0.6,-0.19,0.17,0.49,0.94,1.416,1.828,2.223,2.638,3.041,3.44,3.774,4.066,4.313,4.487,4.598,4.653,4.687,4.699,4.686,4.633,4.566,4.422,4.227,3.981,3.671,3.343,2.982,2.617,2.18,1.768,1.355,0.907,0.424,-0.046,-0.535,-1.041,-1.565,-2.031,-2.482,-2.908,-3.277,-3.609,-3.869,-4.145,-4.33,-4.541,-4.69,-4.795,-4.852,-4.853,-4.784,-4.668,-4.471,-4.241,-3.985,-3.718,-3.456,-3.137,-2.824,-2.454,-2.048,-1.636,-1.185,-0.71,-0.27,0.17,0.596,1.008,6.783,6.756,6.746
628,-34.02629317,150.66210983,3,132509,718,1.23,1.58,1.92,2.47,2.93,3.35,3.77,4.02,4.36,4.44,4.49,4.51,4.48,4.56,4.57,4.65,4.62,4.46,4.24,4.08,3.64,3.27,2.9,2.56,2.19,1.75,1.3,0.91,0.48,0,-0.49,-1.01,-1.54,-2.07,-2.56,-3.02,-3.36,-3.55,-3.69,-3.99,-4.12,-4.37,-4.52,-4.69,-4.8,-4.79,-4.72,-4.6,-4.4,-4.21,-4.03,-3.86,-3.72,-3.4,-3.05,-2.49,-1.9,-1.36,-0.9,-0.4,-0.04,0.26,0.58,0.9,1.411,1.81,2.208,2.625,3.024,3.422,3.761,4.053,4.298,4.478,4.597,4.661,4.703,4.722,4.705,4.657,4.595,4.459,4.264,4.015,3.712,3.374,3.01,2.638,2.213,1.788,1.363,0.919,0.442,-0.036,-0.519,-1.029,-1.56,-2.038,-2.496,-2.932,-3.306,-3.635,-3.898,-4.159,-4.335,-4.541,-4.687,-4.799,-4.86,-4.848,-4.791,-4.671,-4.481,-4.251,-3.993,-3.722,-3.46,-3.152,-2.841,-2.475,-2.069,-1.65,-1.2,-0.726,-0.284,0.161,0.596,1.001,6.796,6.771,6.787
629,-34.0262706,150.66210933,3,132510,719,1.55,1.86,2.23,2.59,2.91,3.27,3.6,3.85,4.18,4.47,4.68,4.73,4.76,4.75,4.7,4.61,4.57,4.4,4.27,3.98,3.71,3.38,2.93,2.57,2.14,1.75,1.27,0.9,0.48,0,-0.59,-1.15,-1.75,-2.26,-2.74,-3.1,-3.41,-3.71,-3.91,-4.06,-4.18,-4.3,-4.39,-4.51,-4.63,-4.73,-4.68,-4.66,-4.53,-4.26,-3.98,-3.68,-3.36,-3.06,-2.73,-2.42,-2.05,-1.73,-1.28,-0.77,-0.24,0.29,0.78,1.23,1.423,1.832,2.236,2.634,3.027,3.419,3.753,4.045,4.275,4.472,4.602,4.682,4.734,4.745,4.725,4.664,4.595,4.463,4.271,4.008,3.719,3.384,3.02,2.636,2.211,1.782,1.36,0.913,0.431,-0.041,-0.523,-1.031,-1.548,-2.016,-2.463,-2.898,-3.273,-3.62,-3.901,-4.152,-4.342,-4.541,-4.693,-4.801,-4.858,-4.856,-4.797,-4.677,-4.489,-4.258,-3.998,-3.727,-3.461,-3.152,-2.847,-2.502,-2.11,-1.694,-1.238,-0.768,-0.32,0.138,0.587,1.005,6.803,6.773,6.772
630,-34.02624885,150.66211626,3,132511,720,1.53,1.98,2.37,2.76,3.11,3.46,3.74,4.09,4.33,4.59,4.76,4.87,4.97,4.9,4.88,4.78,4.63,4.46,4.25,3.92,3.63,3.23,2.86,2.48,2.05,1.58,1.2,0.74,0.29,-0.23,-0.69,-1.11,-1.63,-1.98,-2.36,-2.71,-3.03,-3.33,-3.62,-3.88,-4.11,-4.39,-4.51,-4.66,-4.69,-4.72,-4.71,-4.65,-4.51,-4.4,-4.19,-4,-3.8,-3.4,-3.06,-2.65,-2.2,-1.73,-1.19,-0.78,-0.31,0.14,0.61,1.06,1.421,1.845,2.247,2.644,3.04,3.43,3.763,4.055,4.273,4.461,4.582,4.671,4.722,4.737,4.717,4.653,4.575,4.445,4.255,3.995,3.702,3.368,3.008,2.624,2.202,1.77,1.354,0.9,0.418,-0.051,-0.527,-1.031,-1.53,-1.994,-2.437,-2.878,-3.255,-3.611,-3.902,-4.162,-4.363,-4.571,-4.726,-4.83,-4.874,-4.854,-4.79,-4.662,-4.463,-4.246,-3.979,-3.715,-3.453,-3.148,-2.85,-2.493,-2.096,-1.664,-1.209,-0.744,-0.302,0.147,0.585,0.998,6.798,6.771,6.759
631,-34.02622793,150.66212658,3,132512,721,1.29,1.78,2.3,2.76,3.18,3.56,3.82,4.06,4.19,4.34,4.43,4.53,4.54,4.66,4.59,4.58,4.46,4.32,4.03,3.8,3.47,3.21,2.96,2.69,2.27,1.94,1.46,0.97,0.39,-0.05,-0.52,-1.01,-1.51,-1.94,-2.35,-2.86,-3.33,-3.75,-4.12,-4.5,-4.68,-4.77,-4.82,-4.76,-4.78,-4.69,-4.63,-4.58,-4.45,-4.32,-4.12,-3.8,-3.39,-3.01,-2.56,-2.1,-1.6,-1.21,-0.83,-0.46,-0.18,0.11,0.49,0.86,1.427,1.842,2.236,2.63,3.028,3.418,3.753,4.032,4.249,4.426,4.549,4.637,4.686,4.707,4.689,4.636,4.572,4.437,4.242,3.989,3.685,3.356,2.997,2.615,2.198,1.785,1.372,0.929,0.448,-0.018,-0.498,-1.013,-1.51,-1.992,-2.441,-2.888,-3.268,-3.63,-3.927,-4.196,-4.404,-4.611,-4.768,-4.861,-4.906,-4.878,-4.803,-4.666,-4.463,-4.235,-3.967,-3.684,-3.416,-3.12,-2.822,-2.462,-2.063,-1.628,-1.169,-0.698,-0.255,0.193,0.62,1.017,6.774,6.75,6.75
632,-34.02620705,150.66213727,3,132513,722,1.25,1.69,2.18,2.6,3.12,3.55,3.82,4.1,4.24,4.37,4.4,4.49,4.66,4.76,4.86,4.86,4.87,4.63,4.34,4.04,3.69,3.42,3.07,2.8,2.43,1.94,1.53,1.02,0.33,-0.24,-0.85,-1.39,-1.91,-2.3,-2.67,-3,-3.32,-3.69,-4.03,-4.31,-4.61,-4.87,-5.07,-5.12,-5,-4.89,-4.69,-4.43,-4.21,-3.92,-3.62,-3.41,-3.14,-2.9,-2.62,-2.32,-2.04,-1.65,-1.31,-0.91,-0.5,-0.04,0.39,0.84,1.434,1.841,2.228,2.611,3.006,3.395,3.744,4.023,4.247,4.428,4.556,4.645,4.7,4.715,4.698,4.642,4.577,4.44,4.251,3.992,3.692,3.356,2.994,2.605,2.198,1.786,1.392,0.957,0.49,0.017,-0.472,-0.995,-1.497,-1.985,-2.441,-2.883,-3.258,-3.618,-3.909,-4.173,-4.386,-4.599,-4.77,-4.875,-4.917,-4.895,-4.822,-4.686,-4.484,-4.249,-3.984,-3.699,-3.44,-3.14,-2.845,-2.481,-2.085,-1.645,-1.175,-0.705,-0.247,0.207,0.639,1.029,6.751,6.738,6.758
633,-34.02618604,150.66214697,3,132514,723,1.42,1.74,2.02,2.44,2.91,3.38,3.8,4.17,4.45,4.62,4.71,4.66,4.61,4.53,4.44,4.42,4.46,4.41,4.39,4.17,3.85,3.37,2.89,2.38,1.92,1.51,1.24,0.91,0.58,0.19,-0.15,-0.77,-1.43,-2.03,-2.59,-3.04,-3.44,-3.69,-3.86,-3.98,-4.1,-4.37,-4.6,-4.81,-4.95,-5,-4.93,-4.79,-4.46,-4.17,-3.91,-3.57,-3.4,-3.16,-2.89,-2.64,-2.22,-1.8,-1.23,-0.65,-0.1,0.36,0.76,1.1,1.446,1.847,2.216,2.606,2.987,3.378,3.736,4.031,4.259,4.444,4.573,4.65,4.686,4.691,4.663,4.612,4.546,4.426,4.258,4.002,3.71,3.35,2.99,2.586,2.168,1.769,1.372,0.947,0.505,0.051,-0.428,-0.955,-1.468,-1.971,-2.45,-2.906,-3.286,-3.635,-3.908,-4.163,-4.358,-4.559,-4.728,-4.841,-4.9,-4.89,-4.829,-4.702,-4.501,-4.269,-4.006,-3.711,-3.452,-3.149,-2.86,-2.496,-2.085,-1.64,-1.168,-0.686,-0.225,0.227,0.657,1.042,6.728,6.726,6.784
634,-34.02616046,150.66215734,3,132515,725,1.4,1.81,2.21,2.57,2.94,3.41,3.7,4.02,4.3,4.45,4.54,4.59,4.65,4.71,4.66,4.62,4.58,4.57,4.39,4.12,3.85,3.52,3.23,2.77,2.23,1.79,1.34,0.87,0.35,-0.12,-0.55,-1,-1.52,-2.02,-2.4,-2.83,-3.21,-3.6,-3.87,-4.18,-4.45,-4.63,-4.75,-4.8,-4.82,-4.83,-4.78,-4.7,-4.5,-4.18,-3.85,-3.51,-3.28,-3.06,-2.86,-2.56,-2.2,-1.85,-1.38,-0.75,-0.32,0.16,0.61,0.97,1.45,1.857,2.243,2.624,2.993,3.375,3.731,4.013,4.24,4.422,4.557,4.655,4.695,4.706,4.677,4.628,4.55,4.42,4.236,3.984,3.687,3.353,3.006,2.619,2.207,1.8,1.383,0.943,0.491,0.033,-0.449,-0.962,-1.452,-1.938,-2.414,-2.87,-3.257,-3.619,-3.911,-4.182,-4.393,-4.585,-4.746,-4.848,-4.895,-4.887,-4.833,-4.701,-4.515,-4.288,-4.022,-3.732,-3.455,-3.142,-2.844,-2.466,-2.064,-1.623,-1.17,-0.703,-0.249,0.202,0.639,1.031,6.728,6.737,6.761
635,-34.02613514,150.66216723,3,132516,726,1.68,2.01,2.38,2.67,2.98,3.29,3.71,4.07,4.44,4.75,4.9,4.93,4.86,4.68,4.58,4.4,4.26,4.18,4.13,4,3.77,3.5,3.11,2.66,2.12,1.72,1.26,0.81,0.46,0.08,-0.25,-0.75,-1.17,-1.71,-2.24,-2.87,-3.3,-3.65,-3.9,-4.18,-4.23,-4.37,-4.57,-4.76,-4.99,-5.08,-5.15,-5.01,-4.77,-4.52,-4.22,-3.78,-3.48,-3.08,-2.83,-2.49,-2.17,-1.78,-1.35,-0.86,-0.34,0.22,0.78,1.22,1.455,1.876,2.266,2.641,3.005,3.358,3.708,3.983,4.201,4.4,4.545,4.658,4.704,4.706,4.675,4.619,4.531,4.388,4.204,3.958,3.678,3.364,3.013,2.632,2.221,1.801,1.366,0.919,0.464,0.007,-0.472,-0.965,-1.445,-1.92,-2.402,-2.866,-3.264,-3.632,-3.932,-4.198,-4.396,-4.576,-4.73,-4.824,-4.867,-4.851,-4.8,-4.677,-4.512,-4.3,-4.042,-3.756,-3.466,-3.132,-2.812,-2.432,-2.028,-1.587,-1.15,-0.719,-0.272,0.171,0.613,1.023,6.722,6.721,6.764
636,-34.02610833,150.66217667,3,132517,727,1.44,1.93,2.33,2.82,3.2,3.66,3.94,4.22,4.36,4.4,4.51,4.54,4.63,4.7,4.81,4.78,4.75,4.52,4.29,4,3.7,3.34,2.99,2.66,2.29,1.85,1.47,1.03,0.52,0.07,-0.54,-0.97,-1.51,-1.88,-2.39,-2.77,-3.14,-3.5,-3.84,-4.14,-4.37,-4.68,-4.88,-5.03,-5.07,-5.01,-4.94,-4.76,-4.56,-4.3,-4.01,-3.83,-3.46,-3.18,-2.89,-2.58,-2.22,-1.78,-1.36,-0.92,-0.48,0.03,0.47,0.96,1.432,1.853,2.242,2.632,3.003,3.362,3.707,3.978,4.183,4.377,4.521,4.635,4.696,4.712,4.675,4.633,4.54,4.386,4.188,3.932,3.656,3.343,3.002,2.63,2.229,1.798,1.368,0.92,0.451,-0.002,-0.497,-0.985,-1.468,-1.935,-2.408,-2.858,-3.256,-3.629,-3.938,-4.201,-4.422,-4.604,-4.755,-4.842,-4.866,-4.844,-4.778,-4.645,-4.473,-4.262,-4.008,-3.74,-3.447,-3.122,-2.8,-2.413,-1.994,-1.549,-1.1,-0.674,-0.239,0.188,0.607,1.011,6.705,6.709,6.751
637,-34.02608021,150.6621855,3,132518,728,1.32,1.72,2.14,2.57,2.96,3.29,3.71,3.93,4.13,4.35,4.55,4.76,4.87,4.97,4.96,4.87,4.75,4.64,4.31,4.04,3.81,3.5,3.16,2.81,2.49,2.05,1.56,1.03,0.54,-0.06,-0.56,-1.13,-1.63,-2.19,-2.66,-3.12,-3.52,-3.88,-4.14,-4.37,-4.5,-4.66,-4.76,-4.85,-4.87,-4.74,-4.68,-4.53,-4.42,-4.23,-4,-3.78,-3.57,-3.27,-2.92,-2.5,-2.09,-1.61,-1.17,-0.76,-0.33,0.08,0.49,0.87,1.451,1.859,2.242,2.619,2.982,3.333,3.689,3.961,4.177,4.39,4.536,4.651,4.705,4.713,4.663,4.615,4.514,4.368,4.178,3.926,3.648,3.332,2.99,2.611,2.206,1.785,1.358,0.911,0.446,-0.01,-0.494,-0.993,-1.471,-1.953,-2.412,-2.865,-3.26,-3.626,-3.931,-4.194,-4.416,-4.593,-4.74,-4.826,-4.857,-4.832,-4.769,-4.642,-4.47,-4.265,-4.015,-3.733,-3.452,-3.126,-2.806,-2.411,-1.991,-1.543,-1.086,-0.653,-0.206,0.22,0.641,1.039,6.665,6.679,6.752
638,-34.02604823,150.66219366,3,132519,729,1.35,1.8,2.2,2.56,2.96,3.32,3.69,3.94,4.13,4.38,4.54,4.72,4.79,4.79,4.77,4.72,4.62,4.5,4.31,4.01,3.71,3.37,3,2.54,2.17,1.69,1.27,0.85,0.37,-0.05,-0.53,-1.03,-1.42,-1.85,-2.23,-2.68,-3.03,-3.4,-3.72,-3.92,-4.19,-4.37,-4.58,-4.71,-4.78,-4.87,-4.78,-4.66,-4.48,-4.28,-4.08,-3.91,-3.73,-3.4,-3.11,-2.76,-2.31,-1.8,-1.28,-0.82,-0.4,0.03,0.49,0.94,1.473,1.883,2.255,2.622,2.981,3.338,3.685,3.959,4.175,4.397,4.546,4.649,4.699,4.683,4.623,4.569,4.462,4.321,4.15,3.91,3.635,3.323,2.975,2.589,2.171,1.751,1.332,0.898,0.437,-0.006,-0.488,-0.982,-1.454,-1.934,-2.393,-2.846,-3.249,-3.616,-3.927,-4.189,-4.41,-4.581,-4.728,-4.811,-4.844,-4.849,-4.788,-4.663,-4.484,-4.268,-4.004,-3.717,-3.426,-3.095,-2.779,-2.391,-1.971,-1.53,-1.073,-0.636,-0.189,0.239,0.661,1.067,6.661,6.66,6.711
639,-34.02601712,150.66220124,3,132520,730,1.53,1.99,2.34,2.69,3.04,3.38,3.7,3.95,4.16,4.36,4.48,4.62,4.64,4.67,4.62,4.5,4.37,4.22,4.11,3.85,3.54,3.22,2.81,2.45,2.05,1.63,1.21,0.77,0.35,-0.1,-0.63,-1.15,-1.57,-2.04,-2.48,-2.9,-3.23,-3.62,-3.92,-4.16,-4.39,-4.6,-4.72,-4.8,-4.79,-4.71,-4.61,-4.51,-4.27,-4.14,-3.79,-3.56,-3.28,-3.02,-2.76,-2.33,-1.91,-1.43,-0.99,-0.53,-0.06,0.38,0.76,1.16,1.492,1.899,2.256,2.636,2.98,3.336,3.681,3.95,4.176,4.394,4.54,4.647,4.712,4.688,4.623,4.559,4.445,4.295,4.113,3.883,3.61,3.304,2.962,2.584,2.163,1.76,1.341,0.904,0.444,0.001,-0.482,-0.975,-1.457,-1.949,-2.418,-2.868,-3.28,-3.641,-3.945,-4.203,-4.416,-4.578,-4.715,-4.801,-4.835,-4.833,-4.774,-4.661,-4.494,-4.282,-4.014,-3.717,-3.407,-3.075,-2.748,-2.355,-1.939,-1.505,-1.06,-0.626,-0.171,0.259,0.677,1.077,6.64,6.643,6.716
640,-34.02598626,150.66220856,3,132521,731,1.59,1.95,2.26,2.62,2.99,3.34,3.64,3.86,4.09,4.24,4.43,4.53,4.61,4.6,4.6,4.61,4.6,4.38,4.12,3.86,3.46,3.11,2.75,2.39,2.01,1.73,1.38,1.03,0.59,0.1,-0.4,-0.93,-1.43,-1.96,-2.4,-2.81,-3.16,-3.52,-3.87,-4.22,-4.52,-4.79,-4.93,-4.97,-5.01,-4.96,-4.84,-4.69,-4.51,-4.29,-4.07,-3.69,-3.43,-3.12,-2.78,-2.34,-1.87,-1.37,-0.79,-0.32,0.16,0.6,0.96,1.25,1.505,1.914,2.274,2.648,2.989,3.341,3.68,3.957,4.188,4.407,4.558,4.662,4.736,4.699,4.627,4.565,4.448,4.301,4.11,3.882,3.617,3.309,2.975,2.587,2.157,1.747,1.324,0.882,0.422,-0.014,-0.476,-0.955,-1.434,-1.921,-2.39,-2.849,-3.272,-3.631,-3.944,-4.207,-4.42,-4.578,-4.724,-4.805,-4.84,-4.837,-4.782,-4.667,-4.509,-4.289,-4.027,-3.737,-3.422,-3.09,-2.76,-2.375,-1.969,-1.546,-1.104,-0.671,-0.199,0.248,0.685,1.089,6.65,6.655,6.721
641,-34.02595525,150.66221671,3,132522,733,1.36,1.77,2.22,2.57,2.96,3.33,3.73,3.97,4.17,4.36,4.5,4.61,4.68,4.74,4.68,4.64,4.51,4.35,4.12,3.83,3.54,3.21,2.93,2.59,2.27,1.95,1.66,1.25,0.81,0.3,-0.26,-0.83,-1.38,-1.87,-2.35,-2.81,-3.23,-3.63,-3.94,-4.27,-4.5,-4.65,-4.84,-4.9,-4.89,-4.86,-4.82,-4.78,-4.66,-4.46,-4.29,-3.95,-3.63,-3.21,-2.79,-2.29,-1.82,-1.38,-0.89,-0.53,-0.1,0.25,0.68,0.98,1.507,1.907,2.27,2.646,2.984,3.34,3.692,3.981,4.216,4.443,4.585,4.694,4.759,4.723,4.649,4.577,4.45,4.305,4.125,3.901,3.648,3.338,3.011,2.619,2.19,1.763,1.331,0.874,0.414,-0.019,-0.481,-0.953,-1.427,-1.906,-2.382,-2.845,-3.271,-3.623,-3.935,-4.191,-4.401,-4.557,-4.715,-4.811,-4.859,-4.868,-4.826,-4.715,-4.551,-4.329,-4.055,-3.771,-3.45,-3.112,-2.777,-2.399,-1.994,-1.579,-1.144,-0.702,-0.226,0.228,0.676,1.091,6.678,6.703,6.735
642,-34.02592475,150.66222568,3,132523,734,1.37,1.75,2.06,2.55,2.93,3.38,3.74,4.18,4.36,4.53,4.57,4.54,4.52,4.52,4.51,4.56,4.56,4.49,4.41,4.14,3.87,3.36,3.03,2.61,2.13,1.77,1.33,0.92,0.48,0.1,-0.41,-0.99,-1.62,-2.16,-2.76,-3.23,-3.6,-3.86,-4.02,-4.21,-4.33,-4.47,-4.65,-4.78,-4.83,-4.84,-4.76,-4.59,-4.38,-4.12,-3.84,-3.53,-3.26,-2.99,-2.77,-2.47,-2.04,-1.6,-1.24,-0.72,-0.28,0.16,0.57,0.97,1.513,1.922,2.277,2.661,3.001,3.349,3.692,3.981,4.23,4.464,4.615,4.727,4.792,4.748,4.677,4.6,4.472,4.322,4.144,3.929,3.682,3.373,3.034,2.637,2.194,1.749,1.294,0.829,0.368,-0.07,-0.529,-0.999,-1.471,-1.948,-2.418,-2.873,-3.287,-3.63,-3.932,-4.173,-4.382,-4.537,-4.69,-4.797,-4.851,-4.868,-4.824,-4.711,-4.544,-4.329,-4.056,-3.78,-3.464,-3.134,-2.807,-2.435,-2.022,-1.604,-1.173,-0.717,-0.243,0.219,0.669,1.096,6.722,6.726,6.764
643,-34.02589448,150.66223498,3,132524,735,1.46,1.84,2.29,2.62,2.97,3.35,3.75,3.99,4.26,4.4,4.55,4.71,4.7,4.68,4.58,4.58,4.5,4.35,4.17,3.99,3.62,3.4,3.05,2.71,2.31,1.82,1.35,0.87,0.44,0.01,-0.36,-0.84,-1.27,-1.7,-2.23,-2.68,-3.15,-3.53,-3.89,-4.17,-4.45,-4.63,-4.78,-4.88,-4.9,-4.97,-4.97,-4.78,-4.6,-4.36,-4.07,-3.78,-3.43,-3.09,-2.73,-2.34,-2.01,-1.63,-1.25,-0.82,-0.34,0.11,0.58,0.99,1.529,1.934,2.289,2.653,2.986,3.317,3.664,3.945,4.211,4.455,4.624,4.758,4.832,4.781,4.701,4.601,4.454,4.291,4.103,3.899,3.665,3.38,3.051,2.654,2.225,1.767,1.312,0.84,0.379,-0.075,-0.529,-0.997,-1.456,-1.93,-2.394,-2.857,-3.278,-3.626,-3.944,-4.183,-4.391,-4.543,-4.691,-4.795,-4.854,-4.881,-4.839,-4.732,-4.571,-4.351,-4.075,-3.794,-3.461,-3.121,-2.78,-2.415,-2.016,-1.605,-1.173,-0.729,-0.257,0.219,0.679,1.109,6.697,6.715,6.747
644,-34.02586436,150.66224304,3,132525,736,1.45,2,2.44,2.74,3.06,3.24,3.47,3.72,3.91,4.23,4.42,4.62,4.74,4.71,4.64,4.53,4.39,4.25,4.07,3.86,3.76,3.63,3.3,2.9,2.37,1.8,1.17,0.63,0.08,-0.38,-0.78,-1.03,-1.45,-1.84,-2.28,-2.79,-3.28,-3.73,-4.08,-4.34,-4.48,-4.54,-4.59,-4.56,-4.54,-4.47,-4.45,-4.46,-4.47,-4.3,-4.05,-3.75,-3.39,-2.96,-2.54,-2.22,-1.84,-1.49,-1.18,-0.91,-0.55,-0.15,0.35,0.89,1.544,1.95,2.302,2.672,3,3.323,3.659,3.934,4.192,4.442,4.621,4.757,4.839,4.797,4.724,4.618,4.466,4.294,4.097,3.884,3.655,3.36,3.029,2.634,2.21,1.758,1.309,0.829,0.366,-0.097,-0.559,-1.014,-1.472,-1.954,-2.401,-2.861,-3.27,-3.626,-3.94,-4.18,-4.388,-4.54,-4.692,-4.795,-4.854,-4.873,-4.827,-4.732,-4.577,-4.362,-4.088,-3.803,-3.471,-3.123,-2.78,-2.414,-2.005,-1.595,-1.165,-0.719,-0.254,0.222,0.697,1.13,6.683,6.688,6.749
645,-34.02583419,150.66225039,3,132526,737,1.45,1.78,2.14,2.58,2.96,3.33,3.7,4.02,4.26,4.52,4.66,4.7,4.78,4.74,4.58,4.54,4.35,4.16,3.97,3.74,3.55,3.29,3,2.64,2.2,1.69,1.28,0.82,0.33,-0.01,-0.5,-0.95,-1.4,-1.86,-2.3,-2.79,-3.22,-3.62,-3.96,-4.21,-4.49,-4.65,-4.82,-4.94,-4.98,-5.01,-4.93,-4.69,-4.38,-4.14,-3.88,-3.62,-3.29,-2.98,-2.71,-2.3,-1.83,-1.4,-0.85,-0.41,-0.01,0.39,0.72,1.1,1.55444444444444,1.94444444444444,2.28666666666667,2.66444444444444,2.99333333333333,3.33222222222222,3.68,3.95777777777778,4.22333333333333,4.46555555555556,4.64333333333333,4.77222222222222,4.85,4.80666666666667,4.73333333333333,4.62777777777778,4.47444444444445,4.29888888888889,4.1,3.88666666666667,3.64333333333333,3.33,2.99888888888889,2.60444444444444,2.19222222222222,1.75333333333333,1.32444444444444,0.851111111111111,0.397777777777778,-0.065555555555556,-0.534444444444445,-1.01222222222222,-1.47444444444444,-1.96666666666667,-2.41444444444444,-2.86888888888889,-3.26888888888889,-3.61444444444444,-3.92444444444444,-4.16222222222222,-4.37777777777778,-4.54,-4.70333333333333,-4.82111111111111,-4.88888888888889,-4.91777777777778,-4.86888888888889,-4.76222222222222,-4.58888888888889,-4.36888888888889,-4.09222222222222,-3.80888888888889,-3.48,-3.14111111111111,-2.80666666666667,-2.43555555555556,-2.02333333333333,-1.60666666666667,-1.16333333333333,-0.697777777777778,-0.221111111111111,0.263333333333333,0.735555555555556,1.15666666666667,6.66222222222222,6.67888888888889,6.75555555555556
646,-34.02580462,150.66225757,3,132527,738,1.63,1.99,2.33,2.69,2.99,3.37,3.76,4.05,4.3,4.53,4.66,4.7,4.72,4.71,4.69,4.6,4.49,4.34,4.19,3.94,3.62,3.23,2.87,2.47,2.06,1.72,1.37,0.94,0.47,-0.01,-0.51,-1.05,-1.54,-2.06,-2.43,-2.84,-3.18,-3.47,-3.77,-4.07,-4.31,-4.57,-4.73,-4.87,-4.98,-4.89,-4.85,-4.73,-4.53,-4.33,-4.08,-3.76,-3.51,-3.22,-2.95,-2.56,-2.19,-1.72,-1.22,-0.71,-0.15,0.35,0.81,1.24,1.5675,1.965,2.305,2.675,2.9975,3.3325,3.6775,3.95,4.21875,4.45875,4.64125,4.78125,4.85875,4.815,4.7525,4.63875,4.49,4.31625,4.11625,3.905,3.655,3.335,2.99875,2.6,2.19125,1.76125,1.33,0.855,0.40625,-0.0725,-0.53875,-1.02,-1.48375,-1.98,-2.42875,-2.87875,-3.275,-3.61375,-3.92,-4.15625,-4.36375,-4.52625,-4.68875,-4.80625,-4.8775,-4.90625,-4.86125,-4.77125,-4.615,-4.3975,-4.11875,-3.8325,-3.50375,-3.16125,-2.81875,-2.4525,-2.0475,-1.6325,-1.2025,-0.73375,-0.2475,0.2475,0.7375,1.16375,6.6675,6.67625,6.775
647,-34.02577496,150.66226573,3,132528,739,1.54,1.96,2.27,2.6,2.95,3.34,3.67,3.91,4.11,4.42,4.65,4.74,4.81,4.67,4.56,4.41,4.23,4.17,4.03,3.88,3.68,3.41,3.01,2.59,2.14,1.71,1.3,0.9,0.45,-0.02,-0.5,-1.02,-1.46,-2,-2.47,-2.93,-3.41,-3.78,-4.1,-4.32,-4.44,-4.54,-4.64,-4.7,-4.74,-4.91,-4.87,-4.74,-4.56,-4.26,-3.89,-3.62,-3.31,-2.96,-2.65,-2.3,-1.89,-1.48,-1.04,-0.59,-0.16,0.27,0.69,1.15,1.55857142857143,1.96142857142857,2.30142857142857,2.67285714285714,2.99857142857143,3.32714285714286,3.66571428571428,3.93571428571429,4.20714285714286,4.44857142857143,4.63857142857143,4.79285714285714,4.87857142857143,4.83,4.76142857142857,4.64428571428572,4.49,4.31285714285714,4.10571428571429,3.9,3.66,3.35,3.01714285714286,2.61857142857143,2.21,1.76714285714286,1.32428571428571,0.842857142857143,0.397142857142857,-0.081428571428572,-0.542857142857143,-1.01571428571429,-1.47571428571429,-1.96857142857143,-2.42857142857143,-2.88428571428571,-3.28857142857143,-3.63428571428571,-3.94142857142857,-4.16857142857143,-4.37142857142857,-4.52,-4.68285714285714,-4.79714285714286,-4.86285714285714,-4.90857142857143,-4.86285714285714,-4.77714285714286,-4.62714285714286,-4.40714285714286,-4.12428571428571,-3.84285714285714,-3.50285714285714,-3.15285714285714,-2.8,-2.43714285714286,-2.02714285714286,-1.62,-1.2,-0.737142857142857,-0.261428571428571,0.232857142857143,0.727142857142857,1.15285714285714,6.67714285714286,6.68285714285714,6.78714285714286
648,-34.02574554,150.66227426,3,132529,740,1.54,1.96,2.21,2.7,2.95,3.3,3.65,3.85,4.14,4.35,4.48,4.7,4.92,4.84,4.77,4.62,4.45,4.24,3.94,3.74,3.46,3.18,2.87,2.49,2.09,1.78,1.36,0.91,0.44,0.02,-0.47,-0.96,-1.45,-2,-2.48,-2.9,-3.34,-3.65,-3.9,-4.06,-4.25,-4.34,-4.45,-4.61,-4.69,-4.71,-4.64,-4.64,-4.58,-4.42,-4.18,-3.91,-3.54,-3.2,-2.8,-2.4,-1.99,-1.55,-1.15,-0.72,-0.22,0.23,0.65,1.04,1.56166666666667,1.96166666666667,2.30666666666667,2.685,3.00666666666667,3.325,3.665,3.94,4.22333333333333,4.45333333333333,4.63666666666667,4.80166666666667,4.89,4.85666666666667,4.795,4.68333333333333,4.53333333333333,4.33666666666667,4.11833333333333,3.90333333333333,3.65666666666667,3.34,3.01833333333333,2.62333333333333,2.22166666666667,1.77666666666667,1.32833333333333,0.833333333333333,0.388333333333333,-0.091666666666667,-0.55,-1.015,-1.47833333333333,-1.96333333333333,-2.42166666666667,-2.87666666666667,-3.26833333333333,-3.61,-3.915,-4.14333333333333,-4.36,-4.51666666666667,-4.69,-4.81333333333333,-4.88333333333333,-4.90833333333333,-4.86166666666667,-4.78333333333333,-4.63833333333333,-4.43166666666667,-4.16333333333333,-3.88,-3.535,-3.185,-2.825,-2.46,-2.05,-1.64333333333333,-1.22666666666667,-0.761666666666667,-0.278333333333333,0.226666666666667,0.733333333333333,1.15333333333333,6.665,6.68333333333333,6.795
649,-34.02571653,150.66228308,3,132530,741,1.66,2.14,2.52,2.81,3.13,3.43,3.69,4.02,4.28,4.49,4.66,4.77,4.88,4.78,4.66,4.56,4.4,4.28,4.08,3.84,3.61,3.27,2.94,2.48,1.99,1.5,1.04,0.55,0.13,-0.25,-0.57,-0.95,-1.34,-1.76,-2.2,-2.71,-3.15,-3.52,-3.91,-4.2,-4.43,-4.6,-4.81,-4.84,-4.84,-4.75,-4.69,-4.57,-4.42,-4.21,-3.92,-3.76,-3.43,-3.17,-2.88,-2.53,-2.21,-1.84,-1.43,-0.98,-0.34,0.27,0.84,1.28,1.566,1.962,2.326,2.682,3.018,3.33,3.668,3.958,4.24,4.474,4.668,4.822,4.884,4.86,4.8,4.696,4.55,4.356,4.154,3.936,3.696,3.372,3.048,2.65,2.248,1.776,1.322,0.818,0.378,-0.114,-0.566,-1.026,-1.484,-1.956,-2.41,-2.872,-3.254,-3.602,-3.918,-4.16,-4.382,-4.552,-4.738,-4.854,-4.922,-4.948,-4.906,-4.812,-4.65,-4.434,-4.16,-3.874,-3.534,-3.182,-2.83,-2.472,-2.062,-1.662,-1.242,-0.77,-0.29,0.226,0.75,1.176,6.702,6.716,6.784
650,-34.02568789,150.66229175,3,132531,742,1.61,1.88,2.22,2.6,2.94,3.33,3.76,4.1,4.37,4.6,4.7,4.85,4.84,4.84,4.82,4.73,4.62,4.42,4.27,4.05,3.77,3.4,3.11,2.71,2.34,1.89,1.45,0.95,0.51,0.05,-0.45,-0.91,-1.36,-1.81,-2.32,-2.77,-3.15,-3.44,-3.78,-4.06,-4.33,-4.58,-4.84,-5.03,-5.2,-5.27,-5.28,-5.17,-4.93,-4.69,-4.35,-4.03,-3.71,-3.34,-2.95,-2.58,-2.12,-1.7,-1.19,-0.63,-0.11,0.4,0.87,1.27,1.5425,1.9175,2.2775,2.65,2.99,3.305,3.6625,3.9425,4.23,4.47,4.67,4.835,4.885,4.88,4.835,4.73,4.5875,4.375,4.1725,3.96,3.7175,3.3975,3.075,2.6925,2.3125,1.845,1.3925,0.885,0.44,-0.08,-0.565,-1.045,-1.52,-2.005,-2.4625,-2.9125,-3.28,-3.6225,-3.92,-4.15,-4.37,-4.54,-4.72,-4.8575,-4.9425,-4.9975,-4.96,-4.8725,-4.7075,-4.49,-4.22,-3.9025,-3.56,-3.185,-2.8175,-2.4575,-2.025,-1.6175,-1.195,-0.7175,-0.2775,0.215,0.7275,1.15,6.7025,6.7375,6.8075
651,-34.02566001,150.6622995,3,132532,743,1.42,1.92,2.29,2.72,3.13,3.42,3.73,3.97,4.31,4.57,4.8,4.94,5.01,4.99,4.96,4.87,4.73,4.52,4.31,4.11,3.88,3.56,3.16,2.77,2.31,1.81,1.29,0.8,0.35,-0.21,-0.74,-1.29,-1.82,-2.29,-2.71,-3.09,-3.39,-3.7,-3.91,-4.09,-4.31,-4.45,-4.59,-4.76,-4.81,-4.86,-4.8,-4.74,-4.59,-4.46,-4.3,-4.04,-3.77,-3.43,-3.09,-2.65,-2.1,-1.63,-1.18,-0.68,-0.27,0.16,0.61,1.03,1.52,1.93,2.29666666666667,2.66666666666667,3.00666666666667,3.29666666666667,3.63,3.89,4.18333333333333,4.42666666666667,4.66,4.83,4.9,4.89333333333333,4.84,4.73,4.57666666666667,4.36,4.14,3.93,3.7,3.39666666666667,3.06333333333333,2.68666666666667,2.30333333333333,1.83,1.37333333333333,0.863333333333333,0.416666666666667,-0.123333333333333,-0.603333333333333,-1.09,-1.57333333333333,-2.07,-2.51,-2.96,-3.32333333333333,-3.68333333333333,-3.96666666666667,-4.18,-4.38333333333333,-4.52666666666667,-4.68,-4.8,-4.85666666666667,-4.90666666666667,-4.85333333333333,-4.77333333333333,-4.63333333333333,-4.42333333333333,-4.17666666666667,-3.86,-3.51,-3.13333333333333,-2.77333333333333,-2.41666666666667,-1.99333333333333,-1.59,-1.19666666666667,-0.746666666666667,-0.333333333333333,0.153333333333333,0.68,1.11,6.69333333333333,6.69333333333333,6.81666666666667
652,-34.02563272,150.66230666,3,132533,745,1.53,1.87,2.18,2.47,2.78,3.06,3.46,3.82,4.17,4.44,4.66,4.85,4.92,4.85,4.75,4.57,4.38,4.18,4,3.84,3.7,3.43,3.2,2.78,2.44,1.95,1.51,1.03,0.59,0.05,-0.41,-0.97,-1.47,-1.98,-2.52,-3.07,-3.51,-3.82,-4.14,-4.31,-4.42,-4.53,-4.66,-4.76,-4.86,-4.97,-4.91,-4.8,-4.65,-4.34,-4.03,-3.67,-3.23,-2.86,-2.5,-2.27,-1.98,-1.61,-1.24,-0.84,-0.42,0.16,0.67,1.1,1.57,1.935,2.3,2.64,2.945,3.235,3.58,3.85,4.12,4.355,4.59,4.775,4.845,4.845,4.78,4.66,4.5,4.28,4.055,3.84,3.61,3.315,3.015,2.645,2.3,1.84,1.415,0.895,0.45,-0.08,-0.535,-0.99,-1.45,-1.96,-2.41,-2.895,-3.29,-3.675,-3.995,-4.225,-4.42,-4.565,-4.725,-4.82,-4.88,-4.93,-4.88,-4.79,-4.655,-4.405,-4.115,-3.77,-3.38,-2.985,-2.615,-2.3,-1.94,-1.57,-1.205,-0.78,-0.365,0.15,0.715,1.15,6.55,6.595,6.66
653,-34.02557822,150.6623197,3,132535,747,1.61,2,2.42,2.81,3.11,3.41,3.7,3.88,4.07,4.27,4.52,4.7,4.77,4.84,4.81,4.75,4.62,4.38,4.11,3.84,3.52,3.2,2.83,2.51,2.16,1.73,1.32,0.76,0.31,-0.21,-0.66,-1.01,-1.43,-1.94,-2.3,-2.72,-3.07,-3.53,-3.85,-4.14,-4.42,-4.6,-4.79,-4.88,-4.9,-4.89,-4.85,-4.78,-4.66,-4.47,-4.2,-3.87,-3.53,-3.11,-2.73,-2.33,-1.9,-1.53,-1.17,-0.72,-0.31,0.14,0.76,1.2,1.61,2,2.42,2.81,3.11,3.41,3.7,3.88,4.07,4.27,4.52,4.7,4.77,4.84,4.81,4.75,4.62,4.38,4.11,3.84,3.52,3.2,2.83,2.51,2.16,1.73,1.32,0.76,0.31,-0.21,-0.66,-1.01,-1.43,-1.94,-2.3,-2.72,-3.07,-3.53,-3.85,-4.14,-4.42,-4.6,-4.79,-4.88,-4.9,-4.89,-4.85,-4.78,-4.66,-4.47,-4.2,-3.87,-3.53,-3.11,-2.73,-2.33,-1.9,-1.53,-1.17,-0.72,-0.31,0.14,0.76,1.2,6.61,6.53,6.64
